Job ID,IMEI,SN,Make,Model,Color,Memory,Device Type,Model Code,Last Repair Status,Defect Type,Defect Desc,Repair Description,Part1,Qty1,Part2,Qty2,Part3,Qty3,Part4,Qty4,Part5,Qty5,Part6,Qty6,Part7,Qty7,Part8,Qty8,Part9,Qty9,Part10,Qty10,Part11,Qty11,Part12,Qty12,Part13,Qty13,Part14,Qty14,Part15,Qty15
1272227,3.51451E+14,RFCX613MJRM,Samsung,SM-F956B/DS,Silver,256GB,Mobile phone,SM-F956BZSBEUB,REPAIRED,UB,intermittently image when it&apos;s folded,"Replaced - screen, tapes, SP",GH82-35137A,1,GH81-26062A,2,GH82-35138A,1,GH82-35046A,1,GH82-35139A,1,0,0,0,0,0,0,0,0,,,,,,,,,,,,
1272910,3.51451E+14,RFCX612ZFYD,Samsung,SM-F956B/DS,Silver,256GB,Mobile phone,SM-F956BZSBEUB,REPAIRED,L1,SP,Replaced sp,GH81-26062A,2,0,0,0,0,0,0,0,0,0,0,0,0,0,0,0,0,,,,,,,,,,,,
1282612,3.58224E+14,RZCXB0Z98AD,Samsung,SM-F741B,Silver,256GB,Mobile phone,SM-F741BZSGEUB,REPAIRED,UB,black spots on fold line,Replaced screen,GH82-35022A,1,GH82-35145A,1,GH98-49714A,1,GH81-26035A,2,GH02-26398A,1,GH02-26374A,1,GH82-35141A,1,GH82-35143A,1,0,0,,,,,,,,,,,,
1289718,3.55622E+14,R5CWC3MFTBK,Samsung,SM-S926B/DS,Violet,256GB,Mobile phone,SM-S926BZVDEUB,REPAIRED,L2,front cam,replaced front camera,GH96-16298A,1,0,0,0,0,0,0,0,0,0,0,0,0,0,0,0,0,,,,,,,,,,,,
1289981,3.52689E+14,RFCXC0REJBY,Samsung,SM-S931B/DS,Light Blue,128GB,Mobile phone,SM-S931BLBDEUB,REPAIRED,UB,Oled+Front Camera,Oled+Front Camera,GH82-36478A,1,GH82-36327A,1,GH82-36476A,1,GH96-18300A,1,0,0,0,0,0,0,0,0,0,0,,,,,,,,,,,,
1290085,3.52689E+14,RFCXC147SLP,Samsung,SM-S931B/DS,Light Blue,128GB,Mobile phone,SM-S931BLBDEUB,REPAIRED,UB,Oled,Oled,GH82-36327A,1,GH82-36478A,1,GH82-36476A,1,0,0,0,0,0,0,0,0,0,0,0,0,,,,,,,,,,,,
1290165,3.52689E+14,RFCXC0RE0AB,Samsung,SM-S931B/DS,Light Blue,128GB,Mobile phone,SM-S931BLBDEUB,REPAIRED,L2,Front Camera FAIL,replaced front cam,GH96-18300A,1,0,0,0,0,0,0,0,0,0,0,0,0,0,0,0,0,,,,,,,,,,,,
1290166,3.51479E+14,R5CY42BBTKM,Samsung,SM-S937B/DS,Silver,256GB,Mobile phone,SM-S937BZSDEUB,REPAIRED,L2,&quot;Camera front&quot;,replaced front camera and tapes,GH82-37312A,1,GH96-19403A,1,0,0,0,0,0,0,0,0,0,0,0,0,0,0,,,,,,,,,,,,
1290299,3.54223E+14,R5CXC32E5VE,Samsung,SM-S938B/DS,Blue,256GB,Mobile phone,SM-S938BZBDEUB,REPAIRED,L2,&quot;Call test fail&quot;,usb port and flex,GH82-37696A,1,GH96-18321A,1,GH59-15810A,1,0,0,0,0,0,0,0,0,0,0,0,0,,,,,,,,,,,,
1290378,3.52689E+14,RFCXC147NKT,Samsung,SM-S931B/DS,Light Blue,128GB,Mobile phone,SM-S931BLBDEUB,REPAIRED,L2,&quot;Camera front&quot;,front cam,GH96-18300A,1,GH82-36476A,1,0,0,0,0,0,0,0,0,0,0,0,0,0,0,,,,,,,,,,,,
1290382,3.54223E+14,R5CXC3JMSKY,Samsung,SM-S938B/DS,Blue,256GB,Mobile phone,SM-S938BZBDEUB,REPAIRED,L2,&quot;Camera front&quot;,front cam replaced,GH82-37696A,1,GH96-17872A,1,0,0,0,0,0,0,0,0,0,0,0,0,0,0,,,,,,,,,,,,
1292675,3.53074E+14,R5CT51GNAYA,Samsung,SM-S908B/DS,Black,128GB,Mobile phone,SM-S908BZKDEUB,REPAIRED,L2,Replacement main board,Replacement main board,GH82-27534A,1,0,0,0,0,0,0,0,0,0,0,0,0,0,0,0,0,,,,,,,,,,,,
1292800,3.51234E+14,RZCX31CH4BZ,Samsung,SM-A556B/DS,Light Violet,128GB,Mobile phone,SM-A556BLVAEUE,REPAIRED,L1,tape,Replaced tape,GH82-34540A,1,0,0,0,0,0,0,0,0,0,0,0,0,0,0,0,0,,,,,,,,,,,,
1296497,3.51885E+14,R5CWC4GYNRF,Samsung,SM-S928B/DS,Titanium,256GB,Mobile phone,SM-S928BZTGEUB,REPAIRED,UB,&quot;Camera front&quot;+&quot;Missing Stylus&quot;+screen+b,Refurb,GH98-48962A,1,GH96-16577A,1,GH82-33349A,1,GH82-33387A,1,GH82-33399A,1,GH82-33544A,1,GH82-33385A,1,GH96-16299A,1,0,0,,,,,,,,,,,,
1296551,3.51479E+14,R5CY3415J3L,Samsung,SM-S937B/DS,Silver,256GB,Mobile phone,SM-S937BZSDEUB,REPAIRED,L2,&quot;Camera front&quot;,tmt refurb,GH96-19403A,1,GH82-37312A,1,0,0,0,0,0,0,0,0,0,0,0,0,0,0,,,,,,,,,,,,
1296807,3.53936E+14,R5CX61EYARR,Samsung,SM-F741B,Light Blue,256GB,Mobile phone,SM-F741BLBGEUB,REPAIRED,UB,"Oled+&quot;Camera back,Camera front,Dark shadows&quot;",Replaced screen and cameras,GH96-16980A,1,GH96-15978A,1,GH81-26035A,1,GH82-35141A,1,GH82-35022A,1,GH82-35145A,1,GH82-35143A,1,GH02-26398A,1,GH98-49714A,1,,,,,,,,,,,,
1298452,3.55929E+14,R5CW12MN4EY,Samsung,SM-S918B/DS,Black,256GB,Mobile phone,SM-S918BZKDEUB,REPAIRED,UB,"screen , BG , sim tray ,  Damaged,Scratches around rear came",screen frame batt cover sim tray,GH81-24724A,1,GH82-30400A,1,GH82-30459A,1,GH98-48039A,1,GH96-15833A,1,GH82-33783A,1,0,0,0,0,0,0,,,,,,,,,,,,
1298454,3.55929E+14,R5CW12MPSYM,Samsung,SM-S918B/DS,Black,256GB,Mobile phone,SM-S918BZKDEUB,REPAIRED,UB,flickering screen,"Replaced screen, frame, back cover",GH82-33783A,1,GH96-15833A,1,GH82-30400A,1,GH82-30459A,1,GH81-24724A,1,0,0,0,0,0,0,0,0,,,,,,,,,,,,
1299303,3.53936E+14,R5CX61EYQ0H,Samsung,SM-F741B,Light Blue,256GB,Mobile phone,SM-F741BLBGEUB,REPAIRED,UB,"screen , sub screen",replaced screen/tapes/screen protector/sub screen,GH82-35141A,1,GH82-35143A,1,GH81-26035A,1,GH97-30012C,1,GH02-26374A,1,GH02-26398A,1,GH98-49714A,1,GH82-35145A,1,GH82-35022A,1,,,,,,,,,,,,
1299681,3.53936E+14,R5CX72GDF0Y,Samsung,SM-F741B,Light Blue,256GB,Mobile phone,SM-F741BLBGEUB,REPAIRED,L2,OOW due to impact damage- Punctures in the screenCondition:,"Replaced - screen, batteries, tapes",GH82-35141A,1,GH82-35143A,1,GH82-35014C,1,GH82-35024A,1,GH82-35023A,1,0,0,0,0,0,0,0,0,,,,,,,,,,,,
1300010,3.55929E+14,R5CTC1HVLVN,Samsung,SM-S918B/DS,Green,256GB,Mobile phone,SM-S918BZGDEUB,REPAIRED,AE,"&quot;Missing Stylus,Scratches around rear camera&quot;",Replaced pen,GH96-15658C,1,0,0,0,0,0,0,0,0,0,0,0,0,0,0,0,0,,,,,,,,,,,,
1300109,3.55929E+14,R5CW12DMW4V,Samsung,SM-S918B/DS,Green,256GB,Mobile phone,SM-S918BZGDEUB,REPAIRED,L2,"&quot;Camera front&quot; , Stylus&quot; , screen","OOW-front camera, S-pen and tape",GH96-15541A,1,GH96-15658C,1,GH81-23177A,1,0,0,0,0,0,0,0,0,0,0,0,0,,,,,,,,,,,,
1300598,3.53936E+14,R5CX71HLB4Z,Samsung,SM-F741B,Light Blue,256GB,Mobile phone,SM-F741BLBGEUB,REPAIRED,L2,OOW due to damage to hinge and cracked Back glassCondition p,"Main screen, frame, batteries, tapes replaced",GH82-35023A,1,GH82-35143A,1,GH82-35141A,1,GH82-35182C,1,GH82-35024A,1,GH82-35014C,1,0,0,0,0,0,0,,,,,,,,,,,,
1300790,3.52648E+14,R5CY80CX5PN,Samsung,SM-F766B,Dark Blue,512GB,Mobile phone,SM-F766BDBHEUB,REPAIRED,L2,Condition: PoorOOW due by puncture on main screen both sides,"Replaced - Screen, Batteries, kits.",GH82-37581A,1,GH82-37583A,1,GH82-37582A,1,GH82-37820A,1,GH82-37818A,1,0,0,0,0,0,0,0,0,,,,,,,,,,,,
1301067,3.503E+14,R5CX13QKJ4D,Samsung,SM-S928B/DS,Light Blue,,Mobile phone,SM-S928BLBHEUB,REPAIRED,UB,OOW due to damage to the screenCondition goodIt fell on the,replaced screen/tapes,GH82-33385A,1,GH82-33544A,1,GH82-33392A,1,0,0,0,0,0,0,0,0,0,0,0,0,,,,,,,,,,,,
1301126,3.52648E+14,R5CY84BDB2B,Samsung,SM-F766B,Light Green,512GB,Mobile phone,SM-F766BLGHEUB,REPAIRED,L2,OOW due to damage to the screen and broken back coverConditi,replaced screens batteries and tapes,GH82-37579A,1,GH82-37583A,1,GH82-37582A,1,GH82-37581E,1,GH81-27575A,1,GH82-37820A,1,GH82-37818A,1,0,0,0,0,,,,,,,,,,,,
1301329,3.51451E+14,RFCX60RCDEZ,Samsung,SM-F956B/DS,Silver,256GB,Mobile phone,SM-F956BZSBEUB,REPAIRED,UB,Grading_discrepancy_subscreen,"Replaced OLED, sub pba and tapes",GH82-35039A,1,GH82-35137A,1,GH82-35138A,1,GH82-35139A,1,GH82-35046A,1,0,0,0,0,0,0,0,0,,,,,,,,,,,,
1302087,3.5093E+14,R3CX302ZQZF,Samsung,SM-F731B,Grey,256GB,Mobile phone,SM-F731BZAGEUB,REPAIRED,L2,IQC skipped - no display,"Repaired screen, frame, batteries, tapes, cover screen",GH82-31828A,1,GH82-34625A,2,GH81-23854A,2,GH97-29135A,1,GH82-31700A,1,GH82-35929A,1,GH82-35928A,1,GH82-31699A,1,0,0,,,,,,,,,,,,
1302447,3.50118E+14,RFCY70DA82V,Samsung,SM-F966B/DS,Black,,Mobile phone,SM-F966BZKCEUB,REPAIRED,UB,IW - no display main screen,screen and PBA - camera isses not passing OQC test,GH82-37753A,1,GH82-37822A,2,GH82-37824A,1,GH82-38023A,1,GH81-27757A,1,GH82-37543A,1,0,0,0,0,0,0,,,,,,,,,,,,
1302505,3.50118E+14,RFCY71HJ0MJ,Samsung,SM-F966B/DS,Silver,,Mobile phone,SM-F966BZSCEUB,REPAIRED,L2,IT EAS ON CHARGE ON MY BEDSIDE CABINET LIKE IT IS EVERY NIGH,SCREEN ADN BATTERY,GH82-37824A,1,GH81-27757A,2,GH82-37544A,1,GH82-38023A,1,GH82-37550A,1,GH82-37549A,1,GH82-38664A,1,0,0,0,0,,,,,,,,,,,,
1302703,3.50348E+14,,Samsung,SM-A137F,Black,,Mobile phone,,REPAIRED,SU,OOW POP neededCondition goodGoogle account was logged in a c,Removed FRP,0,0,0,0,0,0,0,0,0,0,0,0,0,0,0,0,0,0,,,,,,,,,,,,
1302705,3.53341E+14,R58T51LSABF,Samsung,SM-A135F/DSN,Black,,Mobile phone,SM-A135FZKVEUB,REPAIRED,SU,Condition: FairOOW by datequery Issue: Google account was lo,FRP unlock complete,0,0,0,0,0,0,0,0,0,0,0,0,0,0,0,0,0,0,,,,,,,,,,,,
1302709,3.50439E+14,R5CW82ZCRKX,Samsung,SM-S918B/DS,Red,,Mobile phone,SM-S918BZRPEUB,REPAIRED,UB,Condition: PoorOOW by datequery screen smashed,screen,GH82-33783A,1,GH81-24724A,1,GH81-24723A,1,0,0,0,0,0,0,0,0,0,0,0,0,,,,,,,,,,,,
1303216,3.50966E+14,R3CY90F1B7K,Samsung,SM-F966B/DS,Dark Blue,,Mobile phone,SM-F966BDBBEUB,REPAIRED,UB,broken screen,screen replaced,GH82-38023A,1,GH82-37824A,1,GH82-37822A,1,GH82-37543A,1,GH81-27757A,2,0,0,0,0,0,0,0,0,,,,,,,,,,,,
1303218,3.50118E+14,RFGYB42V49P,Samsung,SM-F966B/DS,Black,,Mobile phone,SM-F966BZKCEUB,REPAIRED,UB,OOW Impact DamagePunctures in the displayCondition: FairQuer,"Replaced OLED, Screen protector, Cover and tapes",GH82-37534C,1,GH81-27757A,2,GH82-37824A,1,GH82-37543A,1,GH82-38023A,1,GH82-37822A,1,0,0,0,0,0,0,,,,,,,,,,,,
1303259,3.53936E+14,R5CX82CVDZB,Samsung,SM-F741B,Silver,256GB,Mobile phone,SM-F741BZSGEUB,REPAIRED,UB,Condition - Fair OW- dented main screen QUERY- Small thing o,screen,GH82-35022A,1,GH82-35145A,1,GH81-26035A,1,GH82-35141A,1,GH82-35143A,1,0,0,0,0,0,0,0,0,,,,,,,,,,,,
1303321,3.50798E+14,R5CY81CS9VE,Samsung,SM-F766B,Black,256GB,Mobile phone,SM-F766BZKGEUB,REPAIRED,L2,Condition: FairQuery: My screen is just showing a completely,replaced screen/batteries/tapes,GH82-37818A,1,GH82-37820A,1,GH82-38794C,1,GH82-37582A,1,GH82-37583A,1,0,0,0,0,0,0,0,0,,,,,,,,,,,,
1303373,3.5495E+14,R5CRA1M46NR,Samsung,SM-F711B,Black,256GB,Mobile phone,SM-F711BZKFEUA,REPAIRED,L2,OOW By dateCondition: FairQuery: Top half of inner screen is,"OCTA, Batteries and Tapes Replaced",GH97-26773A,1,GH82-26257A,1,GH82-35108A,1,GH82-26270A,1,GH82-26271A,1,GH82-27243A,1,GH81-22922A,1,0,0,0,0,,,,,,,,,,,,
1303399,3.58224E+14,RZCX828QKGT,Samsung,SM-F741B,Light Blue,256GB,Mobile phone,SM-F741BLBGEUB,REPAIRED,IP,"OOW Impact DamagePuncture in the display, high damage on the",repair price declined - return without repair,0,0,0,0,0,0,0,0,0,0,0,0,0,0,0,0,0,0,,,,,,,,,,,,
1303428,3.50798E+14,R5CY63VWMLF,Samsung,SM-F766B,Black,256GB,Mobile phone,SM-F766BZKGEUB,REPAIRED,UB,"Display is damaged - Puncture marks, dead pixels.",replaced screen/tapes/screen protector,GH81-27575A,1,GH82-37820A,1,GH82-37818A,1,GH82-37816A,1,GH82-37578A,1,0,0,0,0,0,0,0,0,,,,,,,,,,,,
1303842,3.55102E+14,R5CY71H4J2L,Samsung,SM-F761B,Black,,Mobile phone,SM-F761BZKHEUB,REPAIRED,UB,"Condition: PoorMM OFFPuncture marks and flickering, black pi",Replaced screen,GH82-37735A,1,GH82-35145A,1,GH82-35141A,1,GH82-35143A,1,GH81-27995A,1,0,0,0,0,0,0,0,0,,,,,,,,,,,,
1303851,3.50622E+14,RFCY70QNGMP,Samsung,SM-F966B/DS,Black,,Mobile phone,SM-F966BZKNEUB,REPAIRED,L2,Frame dented high damage - OOW condition.,"Screen, frame, battery.",GH82-37823A,1,GH82-37549A,1,GH82-37550A,1,GH82-38664C,1,GH82-37824A,1,0,0,0,0,0,0,0,0,,,,,,,,,,,,
1304012,3.51337E+14,R5CX72GB7LJ,Samsung,SM-F741B,Light Blue,512GB,Mobile phone,SM-F741BLBHEUB,REPAIRED,UB,Condition: PoorOOW due by-puncture on the screen,"Replaced screen, tapes, sp",GH82-35022A,1,GH81-26035A,2,GH82-35141A,1,GH82-35143A,1,GH82-35145A,1,0,0,0,0,0,0,0,0,,,,,,,,,,,,
1305294,3.53936E+14,R5CX71KA1JN,Samsung,SM-F741B,Light Blue,256GB,Mobile phone,SM-F741BLBGEUB,REPAIRED,UB,OOW due to impact damage- dents/punctures in the display- NO,"replaced screen, tapes",GH82-35022A,1,GH81-26035A,2,GH82-35141A,1,GH82-35143A,1,GH82-35145A,1,0,0,0,0,0,0,0,0,,,,,,,,,,,,
1306003,3.59413E+14,RZCX82C5E6P,Samsung,SM-F741B,Yellow,512GB,Mobile phone,SM-F741BZYHEUB,REPAIRED,UB,"Screen protector not installed, a number of dents across the",Main screen replaced,GH81-26035A,2,GH82-35143A,1,GH82-35022A,1,GH82-35145A,1,GH98-49714A,1,GH02-26398A,1,GH02-26374A,1,GH82-35141A,1,0,0,,,,,,,,,,,,
1306041,3.51202E+14,R5CY91GB0EE,Samsung,SM-S938B/DS,Green,,Mobile phone,SM-S938BZGGEUB,REPAIRED,UB,"[Defect HW, SW, App]","Replaced oled, frame, battery, tapes",GH82-36588A,1,GH82-36386A,1,GH82-36389A,1,GH82-36520A,1,GH82-36522A,1,0,0,0,0,0,0,0,0,,,,,,,,,,,,
1306071,3.53074E+14,R5CTC23HXVR,Samsung,SM-S908B/DS,Green,128GB,Mobile phone,SM-S908BZGDEUB,REPAIRED,L2,device has no power,Replaced main board usb port and cover,GH96-14802A,1,GH82-27457D,1,GH82-27534A,1,GH96-15290D,1,0,0,0,0,0,0,0,0,0,0,,,,,,,,,,,,
1306079,3.51788E+14,RFCX719G1JA,Samsung,SM-F956B/DS,White,,Mobile phone,SM-F956BZWCEUB,REPAIRED,L2,"OW - High hinge damage, damaged SUBLCDCondition: PoorOOW due","Replaced:·Display,·Sub·screen·and·batteries",GH96-16976A,1,GH82-35138A,1,GH82-35039A,1,GH82-35139A,1,GH96-17142A,1,GH82-35042E,1,GH82-35048A,1,GH82-35049A,1,GH82-35047A,1,,,,,,,,,,,,
1306091,3.52236E+14,RZCXC11H2QH,Samsung,SM-F956B/DS,Dark Blue,,Mobile phone,SM-F956BDBBEUB,REPAIRED,UB,"When the phone folds open, it flashes briefly, and then ther",replaced display + battery,GH82-35139A,1,GH82-35138A,1,GH82-35039A,1,GH82-35046A,1,GH82-35049A,1,GH82-35137A,1,GH81-26062A,2,GH82-35048A,1,0,0,,,,,,,,,,,,
1306124,3.5093E+14,R5CW819ZG0L,Samsung,SM-F731B,Green,256GB,Mobile phone,SM-F731BZGGEUB,REPAIRED,UB,Condition: FairMM ONCX: SP bobblingoled needed fro repair -,screen,GH82-32951A,1,GH82-35928A,1,GH82-34625A,1,GH81-23854A,2,GH82-35929A,1,0,0,0,0,0,0,0,0,,,,,,,,,,,,
1306477,3.53936E+14,R5CX729GESW,Samsung,SM-F741B,White,256GB,Mobile phone,SM-F741BZWGEUB,REPAIRED,L2,IQC skipped - power issues,"Replaced - Screen, batteries, kits.",GH82-35143A,1,GH82-35141A,1,GH82-35023A,1,GH82-35024A,1,GH82-35014F,1,0,0,0,0,0,0,0,0,,,,,,,,,,,,
1306497,3.50966E+14,RFCY918T5DK,Samsung,SM-F966B/DS,Silver,,Mobile phone,SM-F966BZSBEUB,REPAIRED,L2,sub screen lifting,"Replaced front screen, sub antena, tape",GH82-38023A,1,GH96-19619A,1,GH82-37544A,1,0,0,0,0,0,0,0,0,0,0,0,0,,,,,,,,,,,,
1306505,3.52242E+14,RFCX715YJGZ,Samsung,SM-F956B/DS,White,,Mobile phone,SM-F956BZWNEUB,REPAIRED,L2,IQC SKIPPED - NO INSIDE DISPLAY,"NEW SCREEN, BATTS, TAPES, SUB PBA AND FLEX CABLE",GH59-15765A,1,GH82-35039A,1,GH82-35139A,1,GH82-35042E,1,GH82-35138A,1,GH82-35049A,1,GH82-35048A,1,0,0,0,0,,,,,,,,,,,,
1306534,3.50798E+14,R5GYB2SBGCP,Samsung,SM-F766B,Dark Blue,256GB,Mobile phone,SM-F766BDBGEUB,REPAIRED,L2,Lines and black spots on the sub screenOOW due to prior unau,"Rear·cameras,·sub·screen,·batteries, main board·tapes·replaced",GH96-19443A,1,GH96-19474A,1,GH82-37580A,1,GH82-37583A,1,GH82-37582A,1,GH82-37820A,1,GH82-37818A,1,GH82-37579A,1,0,0,,,,,,,,,,,,
1306584,3.55235E+14,RFCX4129GDK,Samsung,SM-F946B/DS,Beige,,Mobile phone,SM-F946BZECEUB,REPAIRED,L2,Can&apos;t charge and big screen not working have black line,"replaced screen, sub screen, batts, and tapes",GH81-24613A,1,GH82-31843B,1,GH82-31847A,1,GH82-31846A,1,GH82-31849A,1,GH81-24686A,1,0,0,0,0,0,0,,,,,,,,,,,,
1306606,3.50966E+14,RFCYA0SX4XB,Samsung,SM-F966B/DS,Black,,Mobile phone,SM-F966BZKBEUB,REPAIRED,UB,OW - Multiple stab marks in main screen,"Repaired screen, tapes",GH82-37822A,1,GH81-27757A,2,GH82-37824A,2,GH82-38023A,1,GH82-37543A,1,0,0,0,0,0,0,0,0,,,,,,,,,,,,
1306609,3.53936E+14,R5CX72QPZHH,Samsung,SM-F741B,Light Green,256GB,Mobile phone,SM-F741BLGGEUB,REPAIRED,L2,Condition: PoorOOW due to impact damage deco frame screen da,replaced / screen/ battery/ tape,GH81-26035A,2,GH98-49236D,1,GH82-35023A,1,GH82-35141A,1,GH82-35024A,1,GH82-35014D,1,GH82-35145A,2,GH82-35143A,1,GH96-16981A,1,,,,,,,,,,,,
1306610,3.58562E+14,RFCY313KSVY,Samsung,SM-S938B/DS,Absolute Black,,Mobile phone,SM-S938BAKHEUB,REPAIRED,UB,Condition: PoorOOW due by -damage screencx-It fell and the s,"Screen, front camera, main board replaced",GH59-15819A,1,GH82-36576A,1,GH96-17872A,1,GH82-36520A,1,GH82-36522A,1,GH82-36588A,1,0,0,0,0,0,0,,,,,,,,,,,,
1306620,3.55102E+14,R5CYA30P2YK,Samsung,SM-F761B,White,,Mobile phone,SM-F761BZWHEUB,REPAIRED,UB,"IW - Display fault, TFE crack","Repaired screen, tapes",GH81-27995A,2,GH82-35145A,1,GH82-35143A,1,GH82-35141A,1,GH82-37735A,1,0,0,0,0,0,0,0,0,,,,,,,,,,,,
1306689,3.5093E+14,R5CW828D9AA,Samsung,SM-F731B,Blue,256GB,Mobile phone,SM-F731BZBGEUB,REPAIRED,L1,Condition: FairOOW by datecx-The screen protection has lifte,Display frame and screen protector replaced,GH81-23854A,2,GH82-34625A,1,0,0,0,0,0,0,0,0,0,0,0,0,0,0,,,,,,,,,,,,
1306695,3.5093E+14,R5CW82H6B9X,Samsung,SM-F731B,Light Green,256GB,Mobile phone,SM-F731BLGGEUB,REPAIRED,L2,Condition: PoorOOW by datecx-The inner screen will not respo,"Screen, frame, batteries, tapes replaced",GH82-31828D,1,GH82-31700A,1,GH82-31699A,1,GH82-35929A,1,GH81-26529A,1,0,0,0,0,0,0,0,0,,,,,,,,,,,,
1306696,3.50526E+14,R5CT81DLT7W,Samsung,SM-F721B,Light Violet,256GB,Mobile phone,SM-F721BLVHEUB,REPAIRED,L2,Condition: FairOOW by dateScreen goes black when foldingflex,"replaced screen, batts, tapes",GH82-35082A,1,GH81-24715A,1,GH82-29434A,1,GH82-29433A,1,GH82-30238B,1,0,0,0,0,0,0,0,0,,,,,,,,,,,,
1306886,3.51451E+14,RFCX703V0ZH,Samsung,SM-F956B/DS,Light Pink,,Mobile phone,SM-F956BLIBEUE,REPAIRED,UB,IQC passed - lines on screen,"replaced screens, tapes",GH82-35046A,1,GH81-26062A,2,GH82-35139A,1,GH82-35137A,1,GH82-35047A,1,GH82-35138A,2,0,0,0,0,0,0,,,,,,,,,,,,
1306897,3.51451E+14,RFCX805V48K,Samsung,SM-F956B/DS,Dark Blue,,Mobile phone,SM-F956BDBBEUB,REPAIRED,L2,OOW due to damage on the hinge/ frame causing the device to,"replaced screen, batts, tapes",GH82-35042C,1,GH82-35048A,1,GH82-35049A,1,GH82-35139A,1,GH82-35138A,1,0,0,0,0,0,0,0,0,,,,,,,,,,,,
1306898,3.50337E+14,RZCY617AFME,Samsung,SM-A566B/DS,Black,,Mobile phone,SM-A566BZKAEEB,REPAIRED,L2,When connecting power to the device an alarm goes off saying,Replaced - Charging port and kit,GH96-19091A,1,GH82-36832A,1,0,0,0,0,0,0,0,0,0,0,0,0,0,0,,,,,,,,,,,,
1306906,3.50798E+14,R5CY831JH6Z,Samsung,SM-F766B,Red,256GB,Mobile phone,SM-F766BZRGEUB,REPAIRED,L2,OOW due to impact damaged hinge areaCondition: FairCXDamage,"replaced screen, batts and tapes",GH82-37583A,1,GH82-37818A,1,GH82-37820A,1,GH82-37581D,1,GH82-37582A,1,0,0,0,0,0,0,0,0,,,,,,,,,,,,
1306916,3.50118E+14,RFCYA0L4Q7K,Samsung,SM-F966B/DS,Light Green,,Mobile phone,SM-F966BLGCEUB,REPAIRED,UB,"Bright pixels on main display, no corresponding dents or scr","Repaired screen, tapes",GH81-27757A,2,GH82-37824A,2,GH82-38023A,1,GH82-37822A,1,GH82-37543A,1,0,0,0,0,0,0,0,0,,,,,,,,,,,,
1306950,3.58224E+14,RZCX82A6MJZ,Samsung,SM-F741B,Silver,256GB,Mobile phone,SM-F741BZSGEUB,REPAIRED,L2,"Unable to IQC - device is turning off when folded, screen is","replaced screen, batts, tapes",GH82-35143A,1,GH82-35023A,1,GH82-35141A,1,GH82-35014A,1,GH82-35024A,1,0,0,0,0,0,0,0,0,,,,,,,,,,,,
1306955,3.53936E+14,R5CX702672Y,Samsung,SM-F741B,Light Green,256GB,Mobile phone,SM-F741BLGGEUB,REPAIRED,L2,OOW due to impact damage- puncture mark in the display- No S,"screen, batteries, tapes",GH82-35023A,1,GH82-35141A,1,GH82-35024A,1,GH82-35014D,1,GH82-35143A,1,0,0,0,0,0,0,0,0,,,,,,,,,,,,
1306962,3.53936E+14,R5CX73VAWHR,Samsung,SM-F741B,Silver,256GB,Mobile phone,SM-F741BZSGEUB,REPAIRED,L2,SC+ Damaged screen,"replaced screen, batts and tapes",GH82-35014A,1,GH82-35024A,1,GH82-35143A,1,GH82-35141A,1,GH82-35023A,1,0,0,0,0,0,0,0,0,,,,,,,,,,,,
1306973,3.53418E+14,R5CT52T9A4D,Samsung,SM-F711B,Black,,Mobile phone,SM-F711BZKBEUA,REPAIRED,L2,OW - High hinge DamageOOW by dateCondition fairGreen line th,"Repaired screen, frame, batteries, tapes",GH82-26257A,1,GH82-27243A,1,GH82-26270A,1,GH82-26271A,1,GH82-35108A,1,0,0,0,0,0,0,0,0,,,,,,,,,,,,
1307329,3.52648E+14,R5CY907K9DT,Samsung,SM-F766B,Red,512GB,Mobile phone,SM-F766BZRHEUB,REPAIRED,L2,Unable to IQC - no main display,"replaced screen, batts, tapes",GH82-38794D,1,GH82-37582A,1,GH82-37583A,1,GH82-37818A,2,GH82-37820A,1,0,0,0,0,0,0,0,0,,,,,,,,,,,,
1307365,3.53936E+14,R5CX63BLLAF,Samsung,SM-F741B,Silver,256GB,Mobile phone,SM-F741BZSGEUB,REPAIRED,L2,Main display is completely blankno damage to the screen or h,Main screen replaced,GH82-35143A,1,GH82-35141A,1,GH82-35023A,1,GH82-35024A,1,GH82-35014A,1,0,0,0,0,0,0,0,0,,,,,,,,,,,,
1307378,3.51451E+14,RFCX903ERFJ,Samsung,SM-F956B/DS,Dark Blue,,Mobile phone,SM-F956BDBBEUB,REPAIRED,UB,TFE crack and screen bleed out from down the foldNo dents or,"Replaced screen, tapes, sp",GH82-35137A,2,GH81-26062A,2,GH82-35139A,1,GH82-35138A,1,GH82-35046A,1,0,0,0,0,0,0,0,0,,,,,,,,,,,,
1307390,3.50798E+14,R5CY63VXJ4R,Samsung,SM-F766B,Black,256GB,Mobile phone,SM-F766BZKGEUB,REPAIRED,UB,Condition: PoorOOW due to impact damage  puncture on screen,Main screen replaced,GH82-37578A,1,GH82-37816A,1,GH82-37818A,1,GH82-37820A,1,GH81-27575A,2,0,0,0,0,0,0,0,0,,,,,,,,,,,,
1307401,3.50118E+14,RFCY71YH4QR,Samsung,SM-F966B/DS,Light Green,,Mobile phone,SM-F966BLGCEUB,REPAIRED,L2,SC+ Damaged Screen / Frame,"replaced screen ,batteries,tapes",GH82-37548D,1,GH96-19861A,1,GH82-37824A,1,GH82-37549A,1,GH82-37550A,1,GH82-38023A,1,0,0,0,0,0,0,,,,,,,,,,,,
1307409,3.5093E+14,R5CX23LSX9V,Samsung,SM-F731B,Green,256GB,Mobile phone,SM-F731BZGGEUB,REPAIRED,L2,OOW Impact DamageDamaged Deco and P-CapCondition: FairQuery:,"New screen, batts and tapes",GH82-31828E,1,GH82-31700A,1,GH82-31699A,1,GH82-35929A,1,GH82-35928A,1,0,0,0,0,0,0,0,0,,,,,,,,,,,,
1307413,3.51798E+14,R5CW80K0PMA,Samsung,SM-F731B,Light Green,512GB,Mobile phone,SM-F731BLGHEUB,REPAIRED,UB,Black dot on the right side of the foldable area of the scre,"replaced screen, front cam, tapes",GH82-34625A,1,GH82-35928A,1,GH82-35929A,1,GH81-23854A,2,GH96-15978A,1,GH82-32951A,1,0,0,0,0,0,0,,,,,,,,,,,,
1307415,3.50966E+14,RFCY70XN26Y,Samsung,SM-F966B/DS,Black,,Mobile phone,SM-F966BZKBEUB,REPAIRED,UB,OOW due to impact damage- No SP- Screen is damaged on the ri,Replaced screen,GH82-37543A,1,GH82-37822A,1,GH82-37824A,1,GH82-38023A,1,GH81-27757A,1,0,0,0,0,0,0,0,0,,,,,,,,,,,,
1307417,3.5722E+14,RZCXB21X9WP,Samsung,SM-F956B/DS,Silver,,Mobile phone,SM-F956BZSCEUB,REPAIRED,UB,"Black spot at fold, no dents on the display or signs of misu","Replaced screens, tapes, sp",GH82-35138A,2,GH82-35047A,1,GH81-26062A,2,GH82-35139A,1,GH82-35137A,1,GH82-35046A,1,0,0,0,0,0,0,,,,,,,,,,,,
1307422,3.53936E+14,R5CX70E7E2F,Samsung,SM-F741B,Silver,256GB,Mobile phone,SM-F741BZSGEUB,REPAIRED,L2,SC+ Damaged screen,"Replaced - screen, batteries, tapes",GH82-35014A,1,GH82-35024A,1,GH82-35023A,1,GH82-35141A,1,GH82-35143A,1,0,0,0,0,0,0,0,0,,,,,,,,,,,,
1307437,3.5025E+14,RZCXA1F9FXL,Samsung,SM-A556B/DS,Black,,Mobile phone,SM-A556BZKAEEB,REPAIRED,SU,OW - PIN LOCK,"Device reset and unlocked, software updated",0,0,0,0,0,0,0,0,0,0,0,0,0,0,0,0,0,0,,,,,,,,,,,,
1307456,3.52319E+14,R7AY50ZAN9E,Samsung,SM-A057G/DSN,Silver,,Mobile phone,SM-A057GZSUEUB,REPAIRED,L2,IQC fail - charging issue,"replaced main board, ctc, SUB pba, tapes",GH81-24359A,1,GH81-24366A,1,GH81-24650A,1,0,0,00/01/1900 00:00,0,0,0,0,0,0,0,0,0,,,,,,,,,,,,
1307473,3.51451E+14,RFCX619L7ZZ,Samsung,SM-F956B/DS,Light Pink,,Mobile phone,SM-F956BLIBEUB,REPAIRED,UB,IQC - SKIP - no displayQUERY - Crease has developed down the,"Repaired·screen,·frame,·batts,·tapes",GH82-35049A,1,GH82-35044B,1,GH82-35138A,2,0201-004132,1,GH81-26108A,1,GH81-15872A,1,GH82-35039A,1,GH81-26062A,2,GH82-35048A,1,,,,,,,,,,,,
1307490,3.51337E+14,R5CX6359M5B,Samsung,SM-F741B,Light Green,512GB,Mobile phone,SM-F741BLGHEUB,REPAIRED,L2,OOW due to impact damage- No SP- Puncture mark in the displa,Main screen replaced,GH82-35023A,1,GH82-35024A,1,GH82-35014D,1,GH82-35141A,1,GH82-35143A,1,0,0,0,0,0,0,0,0,,,,,,,,,,,,
1307920,3.5033E+14,R5CT12J0GNT,Samsung,SM-S901B/DS,White,,Mobile phone,SM-S901BZWDEUB,REPAIRED,L2,Pink line on screen,"Replaced screen, battery, tape",GH82-27520B,1,GH82-27494A,1,GH82-27496A,1,0,0,00/01/1900 00:00,0,0,0,0,0,0,0,0,0,,,,,,,,,,,,
1308237,3.53227E+14,RFCW80TPLSL,Samsung,SM-F946B/DS,Black,,Mobile phone,SM-F946BZKBEUB,REPAIRED,L2,WIFI and bluetooth issues,New mainboard and tapes,GH81-24686A,1,GH82-31856A,1,0,0,0,0,00/01/1900 00:00,0,0,0,0,0,0,0,0,0,,,,,,,,,,,,
1308264,3.50046E+14,R5CY518Y3VB,Samsung,SM-S937B/DS,Silver,,Mobile phone,SM-S937BZSGEUB,REPAIRED,L2,Phone wont turn on ive tried 3 different chargers and tried,"Replaced pba, sub pba, battery, tape",GH81-27504A,2,GH82-37312A,1,GH82-37227A,1,GH96-19587A,1,GH82-37264A,1,0,0,0,0,0,0,0,0,,,,,,,,,,,,
1308306,3.53936E+14,R5CX73RJFLL,Samsung,SM-F741B,Light Green,256GB,Mobile phone,SM-F741BLGGEUB,REPAIRED,L2,"Screen issue along the fold line, used with screen protector","OCTA, Batteries and Tapes Replaced",GH82-35014D,1,GH82-35024A,1,GH82-35023A,1,GH82-35141A,1,GH82-35143A,1,0,0,0,0,0,0,0,0,,,,,,,,,,,,
1308307,3.50118E+14,RFCY90F6GEB,Samsung,SM-F966B/DS,Black,,Mobile phone,SM-F966BZKCEUB,REPAIRED,UB,"UTG Crack, flickering screen",Repaired screen. tapes,GH82-38023A,2,GH81-27757A,2,GH82-37824A,1,GH82-37822A,1,GH82-37543A,1,0,0,0,0,0,0,0,0,,,,,,,,,,,,
1308309,3.52142E+14,RFCWB1CMFPB,Samsung,SM-S911B/DS,Black,,Mobile phone,SM-S911BZKGEUB,REPAIRED,UB,dropped phone when getting it out of pocket,"Replaced oled, frame, battery, cover, tapes",GH82-31245A,1,GH96-15624A,1,GH82-30483A,1,GH82-30551A,1,GH82-30553A,1,GH82-30393A,1,0,0,0,0,0,0,,,,,,,,,,,,
1308310,3.50798E+14,R5GYB3YNCNF,Samsung,SM-F766B,Red,256GB,Mobile phone,SM-F766BZRGEUB,REPAIRED,UB,Bottom half of the screen shows white screen,OLED and SP Replaced,GH81-27575A,1,GH82-37820A,1,GH82-37818A,1,GH82-37816A,1,GH82-37578A,1,0,0,0,0,0,0,0,0,,,,,,,,,,,,
1308317,3.53936E+14,R5CX73YWA0Z,Samsung,SM-F741B,Light Blue,256GB,Mobile phone,SM-F741BLBGEUB,REPAIRED,L2,Condition GoodMM OFF  CTC issue causing no touchscreen,"Repaired screen, frame, batteries, tapes",GH82-35024A,1,GH82-35023A,1,GH81-26035A,2,GH82-35014C,1,GH82-35141A,1,GH82-35143A,1,0,0,0,0,0,0,,,,,,,,,,,,
1308328,3.50622E+14,RFCY71KWL8Z,Samsung,SM-F966B/DS,Black,,Mobile phone,SM-F966BZKNEUB,REPAIRED,UB,"IW - SCREEN BLEED ON MAIN SCREEN, NO DAMAGE,  GHOST TOUCH","REPLACED - SCREEN, TAPES, SP",GH82-37822A,1,GH82-37824A,1,0201-004132,1,GH81-26108A,1,GH81-15872A,1,GH82-37534C,1,GH81-27757A,2,GH82-38023A,1,GH82-37543A,1,,,,,,,,,,,,
1308334,3.50622E+14,RFCY724TFFV,Samsung,SM-F966B/DS,Black,,Mobile phone,SM-F966BZKNEUB,REPAIRED,UB,IW - LINES IN MAIN SCREEN,"REPAIRED SCREEN, TAPES",GH82-37543A,1,GH82-37824A,1,GH82-37822A,1,GH82-38023A,1,GH81-27757A,2,0,0,0,0,0,0,0,0,,,,,,,,,,,,
1308335,3.53936E+14,R5CX70LCART,Samsung,SM-F741B,Silver,256GB,Mobile phone,SM-F741BZSGEUB,REPAIRED,L2,TFE Crack,"replaced screen, batts and tapes",GH82-35024A,1,GH82-35023A,1,GH82-35143A,1,GH82-35141A,1,GH82-35014A,1,0,0,0,0,0,0,0,0,,,,,,,,,,,,
1308336,3.51798E+14,R5CW72MLAHW,Samsung,SM-F731B,Grey,512GB,Mobile phone,SM-F731BZAHEUB,REPAIRED,L2,"UTG Crack, hinge not opening fully","Replaced octa, batteries, tapes",GH82-35928A,1,GH82-31828A,1,GH82-35929A,1,GH82-34625A,1,GH82-31700A,1,GH82-31699A,1,0,0,0,0,0,0,,,,,,,,,,,,
1308340,3.50798E+14,R5CY8387VQF,Samsung,SM-F766B,Red,256GB,Mobile phone,SM-F766BZRGEUB,REPAIRED,L2,customer opened the device and where it fold it started to s,"screen, battery and sub ub",GH82-37820A,1,GH82-37818A,1,GH82-37583A,1,GH82-37579A,1,GH82-37582A,1,GH82-38794D,1,0,0,0,0,0,0,,,,,,,,,,,,
1308344,3.52242E+14,RFCX910HH3P,Samsung,SM-F956B/DS,White,,Mobile phone,SM-F956BZWNEUB,REPAIRED,UB,Condition GoodMM ONUTG crack black line down the screen and,"Repaired screen, tapes",GH82-35046A,1,GH82-35137A,1,GH82-35138A,1,GH82-35139A,1,GH81-26062A,2,0,0,0,0,0,0,0,0,,,,,,,,,,,,
1308346,3.53936E+14,R5CXC0TS3EH,Samsung,SM-F741B,Light Green,256GB,Mobile phone,SM-F741BLGGEUB,REPAIRED,UB,IW - Screen bleed LHS of crease,"Repaired screen, tapes",GH98-49714A,1,GH81-26035A,2,GH82-35022A,1,GH02-26398A,1,GH02-26374A,1,GH82-35141A,1,GH82-35143A,1,GH82-35145A,1,0,0,,,,,,,,,,,,
1308347,3.50966E+14,RFCY915HHWK,Samsung,SM-F966B/DS,Dark Blue,,Mobile phone,SM-F966BDBBEUB,REPAIRED,UB,my inner screen is completely blank on the one side,screen,GH82-37822A,1,GH82-38023A,1,GH82-37824A,1,GH81-27757A,1,GH82-37543A,1,0,0,0,0,0,0,0,0,,,,,,,,,,,,
1308358,3.58224E+14,RZCX80GAEHB,Samsung,SM-F741B,Light Blue,256GB,Mobile phone,SM-F741BLBGEUB,REPAIRED,L2,"UTG crack with a few minor dents and scratches, no display,","Main screen, frame, batteries, tapes replaced",GH82-35014C,1,GH82-35024A,1,GH82-35023A,1,GH82-35141A,1,GH82-35143A,1,0,0,0,0,0,0,0,0,,,,,,,,,,,,
1308362,3.55916E+14,RZCX40PMPKW,Samsung,SM-S711B/DS,Grey,,Mobile phone,SM-S711BZADEUB,REPAIRED,L2,Unable to IQC - Bootlooping,"replaced main board, sub board, ctc and tapes",GH82-32853A,1,GH96-16217A,1,GH82-32859A,1,GH02-25656A,1,00/01/1900 00:00,0,0,0,0,0,0,0,0,0,,,,,,,,,,,,
1308364,3.53936E+14,R5CX82CVQKW,Samsung,SM-F741B,Silver,256GB,Mobile phone,SM-F741BZSGEUB,REPAIRED,L2,Condition GoodMM OFF  No Power,"Repaired screen, frame, batteries, tapes",GH82-35024A,1,GH82-35143A,1,GH82-35141A,1,GH82-35023A,1,GH82-35014A,1,0,0,0,0,0,0,0,0,,,,,,,,,,,,
1308366,3.55929E+14,RFCW41DQGDB,Samsung,SM-S918B/DS,Light Pink,,Mobile phone,SM-S918BLIDEUB,REPAIRED,UB,"[Defect HW, SW, App]","Replaced oled, frame, battery, tapes",GH96-15621A,1,GH81-24723A,1,GH81-24724A,1,GH96-15833D,1,GH82-30459A,1,GH82-33783A,1,0,0,0,0,0,0,,,,,,,,,,,,
1308371,3.53249E+14,RFCT10ZJKVV,Samsung,SM-F926B/DS,Black,,Mobile phone,SM-F926BZKDEUA,REPAIRED,L2,OOW By dateCondition: FairQuery: FAO Chris H- - Fault with P,"New screen, batts, tapes and cover",GH82-26283A,1,GH82-26236A,1,GH82-26237A,1,GH82-26477A,1,GH82-26476A,1,GH82-26312A,1,0,0,0,0,0,0,,,,,,,,,,,,
1308374,3.50078E+14,R5CT83M1MNX,Samsung,SM-F721B,Light Violet,128GB,Mobile phone,SM-F721BLVGEUB,REPAIRED,L2,OOW By dateCondition: FairQuery: Damage Along the Foldable L,"needs screen, batts, cover, tapes",GH82-29298B,1,GH81-24715A,1,GH81-24714A,1,GH82-29434A,1,GH82-29433A,1,GH82-30238B,1,0,0,0,0,0,0,,,,,,,,,,,,
1308377,3.50078E+14,R5CT81MBCSK,Samsung,SM-F721B,Grey,128GB,Mobile phone,SM-F721BZAGEUB,REPAIRED,L2,OOW By dateCondition: FairQuery: Turns off when folded.Will,"Damage screen , frame does not open fully , taking no power at all ,no",GH96-15289A,1,GH82-29628A,1,GH81-24714A,1,GH82-29434A,1,GH82-29433A,1,GH82-30239A,1,0,0,0,0,0,0,,,,,,,,,,,,
1308383,3.55002E+14,R5CT10WR3TH,Samsung,SM-F711B,Green,,Mobile phone,SM-F711BZGBEUA,REPAIRED,L1,OOW By dateCondition: FairQuery: I&apos;ve had this same iss,Sp Replacement,GH81-22922A,2,0,0,0,0,0,0,0,0,0,0,0,0,0,0,0,0,,,,,,,,,,,,
1308394,3.59361E+14,RFCW70GJA7H,Samsung,SM-F946B/DS,Light Blue,,Mobile phone,SM-F946BLBNEUB,REPAIRED,L1,OOW By dateCondition: FairQuery: Internal screen protector h,Replaced screen protector,GH81-23916A,1,0,0,0,0,0,0,0,0,0,0,0,0,0,0,0,0,,,,,,,,,,,,
1308741,3.51451E+14,RFCX7106T2N,Samsung,SM-F956B/DS,Absolute Black,,Mobile phone,SM-F956BAKBEUB,REPAIRED,UB,Inner screen protector was lifting down the crease. Booked a,Replaced - Screen and deco kit,GH81-26062A,2,GH82-35139A,1,GH82-35138A,1,GH82-35137A,1,GH82-35046A,1,0,0,0,0,0,0,0,0,,,,,,,,,,,,
1308780,3.5093E+14,R5CX52E9BXW,Samsung,SM-F731B,Grey,256GB,Mobile phone,SM-F731BZAGEUB,REPAIRED,L1,Query: Hinge issues wont close properly,"Replaced - screen protector, kit",GH82-34625A,1,GH81-23854A,1,0,0,0,0,0,0,0,0,0,0,0,0,0,0,0,0,0,0,0,0,0,0,0,0,0,0
1308786,3.50966E+14,RFCY726MJRR,Samsung,SM-F966B/DS,Dark Blue,,Mobile phone,SM-F966BDBBEUB,REPAIRED,L2,device screen has a line (or lines) on the display. has goti,Replaced: Display and batteries,GH82-38023A,1,GH82-37549A,1,GH82-38664B,1,GH82-37550A,1,GH82-37824A,1,0,0,0,0,0,0,0,0,0,0,0,0,0,0,0,0,0,0,0,0
1308790,3.53936E+14,R5CX91EWS6Z,Samsung,SM-F741B,Silver,256GB,Mobile phone,SM-F741BZSGEUB,REPAIRED,L2,Touchscreen is unresponsive,screen and battery,GH82-35143A,1,GH82-35141A,1,GH82-35023A,1,GH82-35024A,1,GH82-35014A,1,0,0,0,0,0,0,0,0,0,0,0,0,0,0,0,0,0,0,0,0
1308794,3.51202E+14,R5CY83536RV,Samsung,SM-S938B/DS,Absolute Black,,Mobile phone,SM-S938BAKGEUB,REPAIRED,UB,.,"Replaced oled,frame, battery, sub pba, tapes",GH82-36522A,1,GH82-36520A,1,GH82-36588A,1,GH82-36386D,1,GH82-36389A,1,GH96-18321A,1,0,0,0,0,0,0,0,0,0,0,0,0,0,0,0,0,0,0
1308795,3.51788E+14,RFCX715ZF5K,Samsung,SM-F956B/DS,Dark Blue,,Mobile phone,SM-F956BDBCEUB,REPAIRED,UB,My device has a display issue. There is no damage i can seeS,"Repaired screen, tapes",GH96-17142A,1,GH81-26062A,2,GH82-35139A,1,GH82-35138A,1,GH82-35137A,1,GH82-35046A,1,0,0,0,0,0,0,0,0,0,0,0,0,0,0,0,0,0,0
1308797,3.58224E+14,RZCXB0BNFZY,Samsung,SM-F741B,Silver,256GB,Mobile phone,SM-F741BZSGEUB,REPAIRED,L2,"[Defect HW, SW, App]",Replaced screen batteries and tapes,GH82-35143A,1,GH82-35141A,1,GH82-35024A,1,GH82-35023A,1,GH82-35014A,1,0,0,0,0,0,0,0,0,0,0,0,0,0,0,0,0,0,0,0,0
1308799,3.52236E+14,RZCXC0M65PW,Samsung,SM-F956B/DS,Dark Blue,,Mobile phone,SM-F956BDBBEUB,REPAIRED,UB,pixel flare,Replaced screen,GH81-26062A,2,GH82-35138A,1,GH82-35139A,1,GH82-35137A,1,GH82-35046A,1,0,0,0,0,0,0,0,0,0,0,0,0,0,0,0,0,0,0,0,0
1308820,3.5093E+14,R5CX51HDNCV,Samsung,SM-F731B,Grey,256GB,Mobile phone,SM-F731BZAGEUB,REPAIRED,UB,IQC fail - line across the foldable area of the screen,"replaced screen, tapes",GH82-34625A,1,GH82-35929A,1,GH82-35928A,1,GH81-23854A,2,GH82-32951A,1,0,0,0,0,0,0,0,0,0,0,0,0,0,0,0,0,0,0,0,0
1308838,3.50798E+14,R5CY63WX9TH,Samsung,SM-F766B,Black,256GB,Mobile phone,SM-F766BZKGEUB,REPAIRED,UB,"Screen bleed, deco damaged",Replaced screen,GH82-37578A,1,GH82-37816A,1,GH82-37820A,1,GH82-37818A,1,GH81-27575A,1,0,0,0,0,0,0,0,0,0,0,0,0,0,0,0,0,0,0,0,0
1308859,3.54741E+14,RZCX41A72DD,Samsung,SM-S928B/DS,Black,,Mobile phone,SM-S928BZKGEUB,REPAIRED,UB,Dropped out of pocket,"Replaced oled, frame, battery, cover, tapes",GH82-33387A,1,GH82-33399B,1,GH82-33385A,1,GH82-33544A,1,GH82-33392A,1,GH82-33349B,1,0,0,0,0,0,0,0,0,0,0,0,0,0,0,0,0,0,0
1308878,3.50966E+14,RFCY81KNQLZ,Samsung,SM-F966B/DS,Dark Blue,,Mobile phone,SM-F966BDBBEUB,REPAIRED,UB,black spot on screen,Replaced screen,GH82-37824A,1,GH81-27757A,2,GH82-38023A,1,GH82-37543A,1,GH82-37822A,1,0,0,0,0,0,0,0,0,0,0,0,0,0,0,0,0,0,0,0,0
1308894,3.52624E+14,R3CX903VVSJ,Samsung,SM-S928B/DS,Black,,Mobile phone,SM-S928BZKHEUB,REPAIRED,UB,black spot on screen,"Replaced screen, USB and flex cable",GH82-33385A,1,GH96-16497A,1,GH82-33391A,1,GH82-33392A,1,GH82-33544A,1,0,0,0,0,0,0,0,0,0,0,0,0,0,0,0,0,0,0,0,0
1308895,3.51337E+14,R5CX701JZ6P,Samsung,SM-F741B,Yellow,512GB,Mobile phone,SM-F741BZYHEUB,REPAIRED,L2,.,Replaced screen pba usb port tapes and batteries,GH97-30013A,1,GH82-35143A,1,GH82-35102A,1,GH82-35023A,1,GH82-35024A,1,GH96-16986A,1,GH82-35014B,1,GH82-35141A,1,0,0,0,0,0,0,0,0,0,0,0,0,0,0
1308897,3.56278E+14,RFCY40ZK89K,Samsung,SM-S938B/DS,Blue,,Mobile phone,SM-S938BZBDEUB,REPAIRED,L2,Cannot make calls,replaced mainboard sub board and ctc,GH82-36385A,1,GH59-15819A,1,GH96-18321A,1,0,0,0,0,0,0,0,0,0,0,0,0,0,0,0,0,0,0,0,0,0,0,0,0
1308907,3.5093E+14,R5CX13R33YP,Samsung,SM-F731B,Light Green,256GB,Mobile phone,SM-F731BLGGEUB,REPAIRED,UB,IQC fail - black spot on the left side of the foldable area,"replaced screen, tapes",GH82-32951A,1,GH82-34625A,2,GH81-23854A,2,GH82-35928A,1,GH82-35929A,1,0,0,0,0,0,0,0,0,0,0,0,0,0,0,0,0,0,0,0,0
1308910,3.51451E+14,RFCXB160YAB,Samsung,SM-F956B/DS,Absolute Black,,Mobile phone,SM-F956BAKBEUB,REPAIRED,UB,Inner screen dammaged fist there was a black line in middle,"replaced screen, tapes",GH81-26062A,2,GH82-35139A,1,GH82-35138A,1,GH82-35046A,1,GH82-35137A,1,0,0,0,0,0,0,0,0,0,0,0,0,0,0,0,0,0,0,0,0
1308915,3.51729E+14,R5CY34HJVKA,Samsung,SM-A266B/DS,Black,,Mobile phone,SM-A266BZKCEUB,REPAIRED,L2,No powerIQC - skip - charging port faulty,"Replaced sub pba, tape",GH81-27147A,1,GH96-19386A,1,0,0,0,0,0,0,0,0,0,0,0,0,0,0,0,0,0,0,0,0,0,0,0,0,0,0
1308919,3.56299E+14,R5CX81TTCVT,Samsung,SM-G556B,Black,128GB,Mobile phone,SM-G556BZKDEEB,REPAIRED,AE,device not charging,battery,GH43-05199A,1,0,0,0,0,0,0,0,0,0,0,0,0,0,0,0,0,0,0,0,0,0,0,0,0,0,0,0,0
1308920,3.55235E+14,RFCW80YL5TF,Samsung,SM-F946B/DS,Black,,Mobile phone,SM-F946BZKCEUB,REPAIRED,L2,Inner screen defective. Lines across screen and flickering.,"Replaced: Display, batteries, cover and sub screen",GH82-31843A,1,GH82-31847A,1,GH82-31846A,1,GH81-24613A,1,GH81-24686A,1,GH82-31862A,1,GH82-31849A,1,0,0,0,0,0,0,0,0,0,0,0,0,0,0,0,0
1308963,3.53936E+14,R5CX71SAQ9R,Samsung,SM-F741B,Silver,256GB,Mobile phone,SM-F741BZSGEUB,REPAIRED,UB,"White line across display just under the fold, very minimal","New screen, tapes, deco and protector",GH81-26035A,1,GH82-35143A,1,GH82-35022A,1,GH82-35141A,1,GH02-26374A,1,GH02-26398A,1,GH98-49714A,1,GH82-35145A,1,0,0,0,0,0,0,0,0,0,0,0,0,0,0
1308990,3.5093E+14,R5CX429TSCZ,Samsung,SM-F731B,Light Pink,256GB,Mobile phone,SM-F731BLIGEUB,REPAIRED,L2,OOW due by screen liftingCondition: PoorCX-area on the left,"Replaced octa, batteries, tapes",GH82-35929A,1,GH82-31699A,1,GH82-31700A,1,GH82-31827C,1,0,0,0,0,0,0,0,0,0,0,0,0,0,0,0,0,0,0,0,0,0,0
1308996,3.51788E+14,RFCX70BGMVK,Samsung,SM-F956B/DS,Silver,,Mobile phone,SM-F956BZSCEUB,REPAIRED,L2,Not turning on,"New screen, batts, sub pba and tapes",GH82-35138A,1,GH82-35139A,1,GH82-35039A,1,GH82-35049A,1,GH82-35048A,1,GH82-35042A,1,0,0,0,0,0,0,0,0,0,0,0,0,0,0,0,0,0,0
1309006,3.51496E+14,R5CY72BTQKD,Samsung,SM-F761B,Black,128GB,Mobile phone,SM-F761BZKGEUB,REPAIRED,SU,"Phone is password lockedQuote for FRP, POP needed",FRP lock removed,0,0,0,0,0,0,0,0,0,0,0,0,0,0,0,0,0,0,0,0,0,0,0,0,0,0,0,0,0,0
1309008,3.5093E+14,R5CX229V0SX,Samsung,SM-F731B,Light Pink,256GB,Mobile phone,SM-F731BLIGEUB,REPAIRED,L2,OOW due to impact damage- NO SP- puncture mark creating dead,"New screen, batts and tapes",GH82-31700A,1,GH82-31699A,1,GH82-35929A,1,GH81-24680A,1,GH82-31827C,1,0,0,0,0,0,0,0,0,0,0,0,0,0,0,0,0,0,0,0,0
1309016,3.57233E+14,RZCX417LHYD,Samsung,SM-S928B/DS,Black,,Mobile phone,SM-S928BZKHEUB,REPAIRED,UB,The bottom of the screen has a blank part and green],"Replaced oled, frame, battery, cover, spen, sub pba, tapes",GH82-33392A,1,GH82-33385A,1,GH82-33399B,1,GH82-33387A,1,GH82-33544A,1,GH96-16497A,1,GH96-16577B,1,GH82-33349B,1,0,0,0,0,0,0,0,0,0,0,0,0,0,0
1309063,3.5093E+14,R3CWC0KJ05T,Samsung,SM-F731B,Beige,256GB,Mobile phone,SM-F731BZEGEUB,REPAIRED,L2,I opened my phone and heard a cracking noise,screen adn battery,GH82-31827B,1,GH82-31700A,1,GH82-31699A,1,GH82-35929A,1,GH82-35928A,1,0,0,0,0,0,0,0,0,0,0,0,0,0,0,0,0,0,0,0,0
1309090,3.51885E+14,R3CX306LDJP,Samsung,SM-S928B/DS,Violet,,Mobile phone,SM-S928BZVGEUB,REPAIRED,L2,Phone turns off itself,replaced PBA main and tapes,GH82-33392A,1,GH82-33394A,1,0,0,0,0,0,0,0,0,0,0,0,0,0,0,0,0,0,0,0,0,0,0,0,0,0,0
1309094,3.50118E+14,RFCY70XQCJZ,Samsung,SM-F966B/DS,Black,,Mobile phone,SM-F966BZKCEUB,REPAIRED,UB,IQC FAIL - BLACK SPOT ON DISPLAYDAMAGE TO THE SCREEN,SCREEN,0201-004132,1,GH81-15872A,1,GH81-26108A,1,GH82-38023A,1,GH82-37824A,1,GH82-37822A,1,GH82-37543A,1,GH81-27757A,2,0,0,0,0,0,0,0,0,0,0,0,0,0,0
1309104,3.50205E+14,R3CY205JVGW,Samsung,SM-S936B/DS,Light Blue,,Mobile phone,SM-S936BLBGEUB,REPAIRED,UB,"QUERY -  Device has water damage, not covered under the warr",Full rebuild complete,GH97-30539A,1,GH98-49874C,1,GH82-36510A,1,GH82-36508A,1,GH96-18515A,1,GH82-36356A,1,GH82-36513A,1,GH82-36367C,1,GH59-15827A,1,GH82-36363A,1,GH82-36364A,1,GH96-18237A,1,GH96-15528A,1,GH96-17855A,1,GH96-18521A,1
1309145,3.5093E+14,R3CX20GYRFV,Samsung,SM-F731B,Grey,256GB,Mobile phone,SM-F731BZAGEUB,REPAIRED,UB,"IQC - VALI - flickering displayQUERY - line on screen, crack","New screen, tapes, deco and protector",GH82-34625A,1,GH82-32951A,1,GH82-35929A,1,GH82-35928A,1,GH81-23854A,2,0,0,0,0,0,0,0,0,0,0,0,0,0,0,0,0,0,0,0,0
1309224,3.51337E+14,R5CX71BD2JT,Samsung,SM-F741B,Silver,512GB,Mobile phone,SM-F741BZSHEUB,REPAIRED,UB,IQC - SKIPQUERY - display damage,"New screen, tapes, deco, protector",GH82-35141A,1,GH82-35145A,1,GH81-26035A,2,GH82-35143A,1,GH82-35022A,1,0,0,0,0,0,0,0,0,0,0,0,0,0,0,0,0,0,0,0,0
1309232,3.51788E+14,RFCX61H6XQD,Samsung,SM-F956B/DS,White,,Mobile phone,SM-F956BZWCEUB,REPAIRED,UB,There is a black dot just on the side of the fold at the bot,Main screen replaced,GH82-35046A,1,GH82-35137A,1,GH82-35138A,1,GH82-35139A,1,GH81-26062A,2,0,0,0,0,0,0,0,0,0,0,0,0,0,0,0,0,0,0,0,0
1309239,3.50966E+14,RFCY90VCFWY,Samsung,SM-F966B/DS,Black,,Mobile phone,SM-F966BZKBEEE,REPAIRED,UB,"TFE crack, screen bleed on most of the didsplayNo dents or o",Main screen replaced,GH82-37824A,1,GH81-27757A,2,GH82-37543A,1,GH82-37822A,1,GH82-38023A,1,GH81-15872A,1,GH81-26108A,1,0201-004132,1,GH82-37544A,1,0,0,0,0,0,0,0,0,0,0,0,0
1309344,3.55235E+14,RFCW6159NHY,Samsung,SM-F946B/DS,Black,,Mobile phone,SM-F946BZKCEUB,REPAIRED,L2,OOW By dateCondition: FairQuery: cx called in regarding on t,Replaced screen,GH81-24686A,1,GH82-31843A,1,GH82-31847A,1,GH82-31846A,1,GH81-24613A,1,0,0,0,0,0,0,0,0,0,0,0,0,0,0,0,0,0,0,0,0
1309627,3.52648E+14,R5CY81N44XX,Samsung,SM-F766B,Red,512GB,Mobile phone,SM-F766BZRHEUB,REPAIRED,L2,dropped device and screen is damaged,"Both screens, frame, batteries, tapes replaced",GH82-37579A,1,GH82-38794D,1,GH82-37583A,1,GH82-37582A,1,GH82-37820A,1,GH82-37818A,1,0,0,0,0,0,0,0,0,0,0,0,0,0,0,0,0,0,0
1309631,3.50798E+14,R5CY802J89K,Samsung,SM-F766B,Red,256GB,Mobile phone,SM-F766BZRGEUB,REPAIRED,UB,OOW due to punctures on the screenCondition goodQuery: Acros,"Replaced OLED, Tapes and Screen protector",GH82-37816A,2,GH82-37820A,1,GH82-37818A,1,GH81-27575A,2,GH82-37578A,1,0,0,0,0,0,0,0,0,0,0,0,0,0,0,0,0,0,0,0,0
1309636,3.52648E+14,R5CYA15238E,Samsung,SM-F766B,Dark Blue,512GB,Mobile phone,SM-F766BDBHEUB,REPAIRED,UB,inside screen has a dot,"Replaced - Screens, Deco and re-work kits.",GH81-27575A,2,GH82-37579A,1,GH82-37818A,1,GH82-37820A,1,GH82-37816A,1,GH82-37578A,1,0,0,0,0,0,0,0,0,0,0,0,0,0,0,0,0,0,0
1309639,3.50966E+14,RFCYA033TQV,Samsung,SM-F966B/DS,Dark Blue,,Mobile phone,SM-F966BDBBEUB,REPAIRED,UB,THERE&APOS;S A DOT ON THE MIDDLE OF THE SCREEN,SCREEN,GH82-37824A,1,GH82-38023A,1,GH81-27757A,2,GH82-37822A,1,GH82-37543A,1,0,0,0,0,0,0,0,0,0,0,0,0,0,0,0,0,0,0,0,0
1309642,3.52648E+14,R5CY71H3T3K,Samsung,SM-F766B,Dark Blue,512GB,Mobile phone,SM-F766BDBHEUB,REPAIRED,L2,Replaced: Display and batteries,Replaced: Display and batteries,GH82-37820A,1,GH82-37818A,1,GH82-37583A,1,GH82-37582A,1,GH82-38794A,1,0,0,0,0,0,0,0,0,0,0,0,0,0,0,0,0,0,0,0,0
1309644,3.51496E+14,R5CY63S8ZSZ,Samsung,SM-F761B,Black,128GB,Mobile phone,SM-F761BZKGEUB,REPAIRED,L2,OW - TFE Crack + High Hinge Damage,"replaced screen ,batteries, tapes",GH82-37737A,1,GH82-37736A,1,GH82-35143A,1,GH82-37734A,1,GH82-35141A,1,0,0,0,0,0,0,0,0,0,0,0,0,0,0,0,0,0,0,0,0
1309645,3.5674E+14,R5CW13KXJRM,Samsung,SM-A236B/DSN,Light Blue,,Mobile phone,SM-A236BLBUEUB,REPAIRED,L2,"Screen, mainbaord/","Screen, mainbaord/",GH82-29731A,1,GH81-22600A,1,GH82-29735A,1,GH82-29733A,1,GH98-47794C,1,GH96-15504A,1,GH96-15397C,1,0,0,0,0,0,0,0,0,0,0,0,0,0,0,0,0
1309649,3.53936E+14,R5CX73YXEMX,Samsung,SM-F741B,Yellow,256GB,Mobile phone,SM-F741BZYGEUB,REPAIRED,L2,Condition goodUnable to check IMEITouchscreen is unresponsiv,replaced screen/tapes/batteries/charging port,GH82-35024A,1,GH82-35143A,1,GH82-35145A,1,GH96-16986A,1,GH82-35014B,1,GH82-35023A,1,GH82-35141A,1,0,0,0,0,0,0,0,0,0,0,0,0,0,0,0,0
1309658,3.50966E+14,RFCY700LVND,Samsung,SM-F966B/DS,Black,,Mobile phone,SM-F966BZKBEUB,REPAIRED,UB,Query: Screen is flickering.,screen,GH81-27757A,2,GH82-37543A,1,GH82-37822A,1,GH82-38023A,1,GH82-37824A,1,0,0,0,0,0,0,0,0,0,0,0,0,0,0,0,0,0,0,0,0
1309662,3.53936E+14,R5CX70494CB,Samsung,SM-F741B,Light Green,256GB,Mobile phone,SM-F741BLGGEUB,REPAIRED,L2,Device Freezing/ Screen flickering,Replaced: Display and batteries,GH82-35143A,1,GH82-35141A,1,GH82-35024A,1,GH82-35023A,1,GH82-35014D,1,0,0,0,0,0,0,0,0,0,0,0,0,0,0,0,0,0,0,0,0
1309671,3.57233E+14,RZCX90XJDNF,Samsung,SM-S928B/DS,Violet,,Mobile phone,SM-S928BZVHEUB,REPAIRED,UB,"the device felt, screen is cracked",screen,GH82-33544A,1,GH82-33392A,1,GH82-33385A,1,0,0,0,0,0,0,0,0,0,0,0,0,0,0,0,0,0,0,0,0,0,0,0,0
1309673,3.58224E+14,RZCXB0HSSBX,Samsung,SM-F741B,Light Blue,256GB,Mobile phone,SM-F741BLBGEUB,REPAIRED,UB,Some kind of bubbling on the creasedent in top corner but no,"Repaired screen, tapes",GH02-26374A,1,GH81-26035A,1,GH82-35143A,1,GH02-26398A,1,GH98-49714A,1,GH82-35145A,1,GH82-35022A,1,GH82-35141A,1,0,0,0,0,0,0,0,0,0,0,0,0,0,0
1309679,3.53936E+14,R5CX71YTZPR,Samsung,SM-F741B,Yellow,256GB,Mobile phone,SM-F741BZYGEUB,REPAIRED,L2,Damage across inner screen along hinge line. Screen not full,"OCTA, Batteries and Tapes",GH82-35014B,1,GH82-35143A,1,GH82-35024A,1,GH82-35141A,1,GH82-35023A,1,0,0,0,0,0,0,0,0,0,0,0,0,0,0,0,0,0,0,0,0
1309688,3.51202E+14,R5CY241Y5VX,Samsung,SM-S938B/DS,Black,,Mobile phone,SM-S938BZKGEUB,REPAIRED,UB,OOW due to impact damage- cracked screenCondition: FairQuery,Replaced: Oled,GH82-36522A,1,GH82-36520A,1,GH82-36588A,1,0,0,0,0,0,0,0,0,0,0,0,0,0,0,0,0,0,0,0,0,0,0,0,0
1309709,3.53936E+14,R5CX72LQ66H,Samsung,SM-F741B,Yellow,256GB,Mobile phone,SM-F741BZYGEUB,REPAIRED,L2,touchscreen not working iqc skip,Replaced screen batteries and tapes,GH82-35024A,1,GH82-35023A,1,GH82-35014B,1,GH82-35141A,1,GH82-35143A,1,0,0,0,0,0,0,0,0,0,0,0,0,0,0,0,0,0,0,0,0
1309713,3.53936E+14,R5CX71K63QT,Samsung,SM-F741B,Light Blue,256GB,Mobile phone,SM-F741BLBGEUB,REPAIRED,L2,"Main display intermittently goes blank, CTC is very noisy wh","Screen, frame, batteries, tapes replaced",GH82-35024A,1,GH82-35014C,1,GH82-35141A,1,GH82-35023A,1,GH82-35143A,1,0,0,0,0,0,0,0,0,0,0,0,0,0,0,0,0,0,0,0,0
1309735,3.52648E+14,R5CY71DW9KL,Samsung,SM-F766B,Black,512GB,Mobile phone,SM-F766BZKHEUB,REPAIRED,UB,"Bottom half of the display is intermittently blank, top half",Main screen replaced,GH81-27575A,2,GH82-37820A,1,GH82-37818A,1,GH82-37816A,1,GH82-37578A,1,0,0,0,0,0,0,0,0,0,0,0,0,0,0,0,0,0,0,0,0
1309743,3.50798E+14,R5CY74020WK,Samsung,SM-F766B,Black,256GB,Mobile phone,SM-F766BZKGEUB,REPAIRED,UB,OOW due to impact damage- Dent on display causing dead brigh,"replaced screen, deco, sp, tapes",GH82-37578A,1,GH81-27575A,1,GH82-37820A,1,GH82-37818A,1,GH82-37816A,1,0,0,0,0,0,0,0,0,0,0,0,0,0,0,0,0,0,0,0,0
1309757,3.50798E+14,R5CY74C8L5B,Samsung,SM-F766B,Dark Blue,256GB,Mobile phone,SM-F766BDBGEUB,REPAIRED,L2,UTG crack with a number of small dents across the display an,"Screen, frame, batteries, tapes replaced",GH82-37818A,1,GH82-37820A,1,GH82-37583A,1,GH82-37582A,1,GH82-38794A,1,0,0,0,0,0,0,0,0,0,0,0,0,0,0,0,0,0,0,0,0
1309762,3.51451E+14,RFCX80N46HJ,Samsung,SM-F956B/DS,Silver,,Mobile phone,SM-F956BZSBEUB,REPAIRED,L1,Screen protector replacement,Screen protector replaced,GH81-26062A,2,0,0,0,0,0,0,0,0,0,0,0,0,0,0,0,0,0,0,0,0,0,0,0,0,0,0,0,0
1309781,3.50889E+14,RZGYC0LZ2FZ,Samsung,SM-A176B/DS,Blue,,Mobile phone,SM-A176BZBAEUB,REPAIRED,AE,Locked out of the deviceFRP lock removal,"Device unlocked, sim tray replaced",GH98-50471C,1,0,0,0,0,0,0,0,0,0,0,0,0,0,0,0,0,0,0,0,0,0,0,0,0,0,0,0,0
1309821,3.51798E+14,R5CW80WSR8X,Samsung,SM-F731B,Blue,512GB,Mobile phone,SM-F731BZBHEUB,REPAIRED,L2,OOW by dateCondition fairInner screen protector bubbled in m,"Replaced OCTA, Batteries and tapes",GH82-31700A,1,GH82-31828E,1,GH81-24680A,1,GH82-31699A,1,GH82-35929A,1,0,0,0,0,0,0,0,0,0,0,0,0,0,0,0,0,0,0,0,0
1310009,3.57263E+14,RZCX70BED2V,Samsung,SM-A556B/DS,Light Blue,,Mobile phone,SM-A556BLBAEUB,REPAIRED,UB,.,"Replaced screen, frame, battery, cover, main camera, sub pba, ctc, frc",GH82-34227A,1,GH96-16718A,1,GH96-16603A,1,GH82-34284B,1,GH82-34311A,1,GH82-34309B,1,GH82-34308A,1,GH59-15757A,1,GH82-34540A,1,0,0,0,0,0,0,0,0,0,0,0,0
1310013,3.50348E+14,RZCXC01AV0K,Samsung,SM-A356B/DS,Light Blue,,Mobile phone,SM-A356BLBBEUB,REPAIRED,UB,broken back and screen,"Replaced screen, frame, cover, battery, tapes",GH82-34225B,1,GH82-34224A,1,GH82-34228A,1,GH82-33986B,1,GH82-34539A,1,0,0,0,0,0,0,0,0,0,0,0,0,0,0,0,0,0,0,0,0
1310030,3.50798E+14,R5CY80R6Y2J,Samsung,SM-F766B,Light Green,256GB,Mobile phone,SM-F766BLGGEUB,REPAIRED,L2,"[Defect HW, SW, App]",Replaced screen tapes and batteries,GH82-37582A,1,GH82-37581E,1,GH82-37820A,1,GH82-37579A,1,GH82-37818A,1,GH82-37583A,1,GH96-19729A,1,0,0,0,0,0,0,0,0,0,0,0,0,0,0,0,0
1310032,3.5093E+14,R5CW82PDLMT,Samsung,SM-F731B,Light Pink,256GB,Mobile phone,SM-F731BLIGEUB,REPAIRED,L2,"Condition - Fair OW- cracked back cover, part of deco missin","New screen, batts, tapes and cover",GH82-35928A,1,GH82-35929A,1,GH82-31827C,1,GH82-31929C,1,GH82-31700A,1,GH82-31699A,1,0,0,0,0,0,0,0,0,0,0,0,0,0,0,0,0,0,0
1310041,3.53936E+14,R5CY20GJS2T,Samsung,SM-F741B,Light Blue,256GB,Mobile phone,SM-F741BLBGEUB,REPAIRED,UB,"Phone was knocked off the side, it now has a cracked running",replaced screen,GH82-35143A,1,GH82-35141A,1,GH81-26035A,1,GH82-35022A,1,GH02-26374A,1,GH82-35145A,1,GH98-49714A,1,GH02-26398A,1,0,0,0,0,0,0,0,0,0,0,0,0,0,0
1310043,3.58224E+14,RZCX908R04Z,Samsung,SM-F741B,Yellow,256GB,Mobile phone,SM-F741BZYGEUB,REPAIRED,L2,screen is just showing a completely black display,"replaced screen, sub screen, batt, and tapes",GH82-35024A,1,GH82-35014B,1,GH97-30012B,1,GH82-35143A,1,GH82-35023A,1,GH82-35141A,1,0,0,0,0,0,0,0,0,0,0,0,0,0,0,0,0,0,0
1310055,3.55359E+14,R5CX12QVLYX,Samsung,SM-S928B/DS,Light Green,,Mobile phone,SM-S928BLGPEUB,REPAIRED,UB,liquid damage,Full rebuild device,GH96-16303A,1,GH82-33544A,1,GH98-48962B,1,GH82-33652A,1,GH96-16577B,1,GH82-33349E,1,GH82-33387A,1,GH82-33399B,1,GH82-33385A,1,GH96-15527A,1,GH97-29538A,1,GH96-16562A,1,GH97-29540A,1,GH59-15734A,1,GH82-33392A,1
1310058,3.51337E+14,R5CX73L4ABY,Samsung,SM-F741B,Light Blue,512GB,Mobile phone,SM-F741BLBHEUB,REPAIRED,UB,The screen protector has bubbled. I started to use the phone,"replaced screen, tapes",GH82-35022A,1,GH82-35145A,1,GH98-49714A,1,GH02-26398A,1,GH02-26374A,1,GH82-35141A,1,GH82-35143A,1,GH81-26035A,2,0,0,0,0,0,0,0,0,0,0,0,0,0,0
1310062,3.53936E+14,R5CX92MH1ZP,Samsung,SM-F741B,Light Blue,256GB,Mobile phone,SM-F741BLBGEUB,REPAIRED,L2,QUERY - screen is flickering down the middle,"New screen, batts and tapes",GH82-35023A,1,GH82-35143A,1,GH82-35141A,1,GH82-35014C,1,GH82-35024A,1,0,0,0,0,0,0,0,0,0,0,0,0,0,0,0,0,0,0,0,0
1310065,3.50118E+14,RFGYC384VVE,Samsung,SM-F966B/DS,Dark Blue,,Mobile phone,SM-F966BDBCEUB,REPAIRED,L2,Octa replacement,Octa replacement,GH82-38664B,1,GH82-37550A,1,GH82-37549A,1,GH82-37824A,1,GH82-38023A,1,0,0,0,0,0,0,0,0,0,0,0,0,0,0,0,0,0,0,0,0
1310066,3.50118E+14,RFCY70WG85R,Samsung,SM-F966B/DS,Black,,Mobile phone,SM-F966BZKCEUB,REPAIRED,L1,IQC pass SP replacement,Screen protector replacement,GH81-27757A,2,0,0,0,0,0,0,0,0,0,0,0,0,0,0,0,0,0,0,0,0,0,0,0,0,0,0,0,0
1310067,3.56278E+14,RFCY70NMHVB,Samsung,SM-S938B/DS,Silver,,Mobile phone,SM-S938BZSDEUB,REPAIRED,UB,Condition: PoorOOW due to impact damage smashed screen query,Replaced screen,GH82-36588A,1,GH82-36522A,1,GH82-37696A,1,0,0,0,0,0,0,0,0,0,0,0,0,0,0,0,0,0,0,0,0,0,0,0,0
1310069,3.50118E+14,RFCY708ABFV,Samsung,SM-F966B/DS,Black,,Mobile phone,SM-F966BZKCEUB,REPAIRED,L2,Unable to IQC due to CTC defect causing power / display issu,replaced screens / batteries,GH82-38023A,1,GH82-37824A,1,GH82-37550A,1,GH82-37549A,1,GH82-38664C,1,GH82-37544A,1,GH82-37542A,1,0,0,0,0,0,0,0,0,0,0,0,0,0,0,0,0
1310070,3.55359E+14,R5CX154KPAF,Samsung,SM-S928B/DS,Light Blue,,Mobile phone,SM-S928BLBPEUB,REPAIRED,UB,"[Defect HW, SW, App]","Replaced oled, frame, battery, sub pba, tapes",GH82-33387A,1,GH82-33544A,1,GH82-33392A,1,GH96-16497A,1,GH82-33399B,1,GH82-33385A,1,0,0,0,0,0,0,0,0,0,0,0,0,0,0,0,0,0,0
1310079,3.52648E+14,R5CY724HGDV,Samsung,SM-F766B,Dark Blue,512GB,Mobile phone,SM-F766BDBHEUB,REPAIRED,UB,Half of the screen not working. Flickering with pink blotche,replaced screen,GH81-27575A,1,GH82-37820A,1,GH82-37818A,1,GH82-37816A,1,GH82-37578A,1,0,0,0,0,0,0,0,0,0,0,0,0,0,0,0,0,0,0,0,0
1310080,3.57067E+14,RZCY10495HM,Samsung,SM-S721B/DS,Black,,Mobile phone,SM-S721BZKDEUB,REPAIRED,UB,OOW By dateCracked DisplayCondition: PoorQuery: Cracked scre,replaced screen and tapes,GH82-35930A,1,GH82-35850A,1,0,0,0,0,0,0,0,0,0,0,0,0,0,0,0,0,0,0,0,0,0,0,0,0,0,0
1310081,3.54484E+14,RFCW909KV7K,Samsung,SM-S918B/DS,Black,,Mobile phone,SM-S918BZKHEUB,REPAIRED,UB,QUERY - phone ended up getting run over.,Full rebuild complete,GH96-15541A,1,GH96-15525A,1,GH96-15621A,1,GH59-15624A,1,GH59-15600A,1,GH82-30460A,1,GH82-30461A,1,GH96-15833A,1,GH82-30519A,1,GH81-24724A,1,GH96-15527A,1,GH96-15592A,1,GH96-15628A,1,GH82-30400A,1,GH81-24723A,1
1310086,3.56278E+14,RZCY21HZ89X,Samsung,SM-S938B/DS,Black,,Mobile phone,SM-S938BZKDEUB,REPAIRED,L2,IQC - FAIL - UW camera,"replaced UW camera, tape",GH82-36520A,1,GH96-17822A,1,0,0,0,0,0,0,0,0,0,0,0,0,0,0,0,0,0,0,0,0,0,0,0,0,0,0
1310087,3.59413E+14,RZCX90NQJPW,Samsung,SM-F741B,Light Blue,512GB,Mobile phone,SM-F741BLBHEUB,REPAIRED,L2,I have a blue line across the fold of the screen and a dark,"New screen, batts and tapes",GH82-35014C,1,GH82-35141A,1,GH82-35143A,1,GH82-35023A,1,GH82-35024A,1,0,0,0,0,0,0,0,0,0,0,0,0,0,0,0,0,0,0,0,0
1310091,3.53227E+14,RFCW80TP9YL,Samsung,SM-F946B/DS,Beige,,Mobile phone,SM-F946BZEBEUB,REPAIRED,UB,"IW - Line in main screen, bump in top of crease, no other da",screen/tapes,GH82-32950A,1,GH81-23916A,2,GH81-24926A,1,GH81-24686A,1,GH81-24613A,1,0,0,0,0,0,0,0,0,0,0,0,0,0,0,0,0,0,0,0,0
1310092,3.53936E+14,R5CX625RX5R,Samsung,SM-F741B,Light Blue,256GB,Mobile phone,SM-F741BLBGEUB,REPAIRED,L2,Unable to IQC - screen turns off when folded (intermittent i,"replaced screen, batts, tapes",GH82-35143A,1,GH82-35141A,1,GH82-35023A,1,GH82-35024A,1,GH82-35014C,1,0,0,0,0,0,0,0,0,0,0,0,0,0,0,0,0,0,0,0,0
1310103,3.51337E+14,R5CX718DEWR,Samsung,SM-F741B,Light Blue,512GB,Mobile phone,SM-F741BLBHEUB,REPAIRED,L2,inside screen stopped working again - screen was recently re,screen/batteries,GH82-35143A,1,GH82-35014C,1,GH82-35024A,1,GH82-35023A,1,GH82-35141A,1,0,0,0,0,0,0,0,0,0,0,0,0,0,0,0,0,0,0,0,0
1310104,3.55359E+14,R5CX11RFQLN,Samsung,SM-S928B/DS,Violet,,Mobile phone,SM-S928BZVPEUB,REPAIRED,UB,.,Replaced frame screen battery and tapes,GH82-33392A,1,GH82-33544A,1,GH82-33387A,1,GH82-33349D,1,GH82-33399A,1,GH82-33385A,1,0,0,0,0,0,0,0,0,0,0,0,0,0,0,0,0,0,0
1310113,3.52648E+14,R5CY90T702A,Samsung,SM-F766B,Dark Blue,512GB,Mobile phone,SM-F766BDBHEUB,REPAIRED,L2,black display and stains,"replaced screen, batt and tapes",GH82-38794A,1,GH82-37582A,1,GH82-37583A,1,GH82-37818A,1,GH82-37820A,1,0,0,0,0,0,0,0,0,0,0,0,0,0,0,0,0,0,0,0,0
1310116,3.58224E+14,RZCX811S4EK,Samsung,SM-F741B,Light Green,256GB,Mobile phone,SM-F741BLGGEUB,REPAIRED,L2,"Inner screen is flickering. Sometimes is just black, sometim","replaced screen, sub pba, cover, tapes and batts",GH82-35014D,1,GH82-35024A,1,GH82-35023A,1,GH82-35141A,1,GH82-35143A,1,GH82-35182D,1,GH96-16986A,1,0,0,0,0,0,0,0,0,0,0,0,0,0,0,0,0
1310117,3.51337E+14,R5CX635WQFA,Samsung,SM-F741B,Light Blue,512GB,Mobile phone,SM-F741BLBHEUB,REPAIRED,L2,touch screen unresponsive,"replaced screen, batts and tapes",GH82-35014C,1,GH82-35024A,1,GH82-35023A,1,GH82-35141A,1,GH82-35143A,1,0,0,0,0,0,0,0,0,0,0,0,0,0,0,0,0,0,0,0,0
1310120,3.51337E+14,R5CX701JWDH,Samsung,SM-F741B,Yellow,512GB,Mobile phone,SM-F741BZYHEUB,REPAIRED,L2,powers off randomly when I close (fold) the phone.,"replaced screen, batts and tapes",GH82-35143A,1,GH82-35141A,1,GH82-35023A,1,GH82-35024A,1,GH82-35014B,1,0,0,0,0,0,0,0,0,0,0,0,0,0,0,0,0,0,0,0,0
1310123,3.51337E+14,R5CX7124DMB,Samsung,SM-F741B,Light Green,512GB,Mobile phone,SM-F741BLGHEUE,REPAIRED,L2,Condition: FairOOW due to impact damage  bc cracked query In,"Screen, frame, batteries, cover, tapes.",GH82-35141A,1,GH82-35182D,1,GH82-35024A,1,GH82-35014D,1,GH82-35023A,1,0,0,0,0,0,0,0,0,0,0,0,0,0,0,0,0,0,0,0,0
1310124,3.50622E+14,RFCY81WK72N,Samsung,SM-F966B/DS,Black,,Mobile phone,SM-F966BZKNEUB,REPAIRED,UB,"IW - TFE Crack, no touch, no other damage",screen/ tapes/ sub screen,GH82-37824A,1,GH81-27757A,2,GH82-37544A,1,GH82-38023A,1,GH82-37543A,1,GH82-37822A,1,0,0,0,0,0,0,0,0,0,0,0,0,0,0,0,0,0,0
1310127,3.51337E+14,R5CX70WHBPK,Samsung,SM-F741B,Light Green,512GB,Mobile phone,SM-F741BLGHEUB,REPAIRED,UB,The screen is started flickering in the join line once again,"replaced screen, tapes",GH82-35022A,1,GH82-35145A,1,GH98-49714A,1,GH02-26398A,1,GH02-26374A,1,GH82-35141A,1,GH82-35143A,1,GH81-26035A,2,0,0,0,0,0,0,0,0,0,0,0,0,0,0
1310131,3.50798E+14,R5CY82A5ZXT,Samsung,SM-F766B,Red,256GB,Mobile phone,SM-F766BZRGEUB,REPAIRED,UB,"IW - Screen bleed LHS of crease, screen flickering",replaced screen,GH82-37578A,1,GH82-37818A,1,GH82-37820A,1,GH82-37816A,1,GH81-27575A,2,0,0,0,0,0,0,0,0,0,0,0,0,0,0,0,0,0,0,0,0
1310132,3.55359E+14,R5CX112NKGK,Samsung,SM-S928B/DS,Light Blue,,Mobile phone,SM-S928BLBPEUB,REPAIRED,UB,"back glass has cracked, charging port has an issue, anti ref","replaced screen, batt, frame, cover, sub pba and tapes",GH82-33349F,1,GH96-16497A,1,GH82-33392A,1,GH82-33544A,1,GH82-33387A,1,GH82-33385A,1,GH82-33399B,1,0,0,0,0,0,0,0,0,0,0,0,0,0,0,0,0
1310135,3.5093E+14,R5CW7242TBL,Samsung,SM-F731B,Beige,256GB,Mobile phone,SM-F731BZEGEUB,REPAIRED,L2,Condition: FairOOW due to impact damage dents on hinge deco,"Screen, frame, batteries, tapes replaced",GH82-31827B,1,GH82-31700A,1,GH82-31699A,1,GH82-35929A,1,GH82-35928A,1,0,0,0,0,0,0,0,0,0,0,0,0,0,0,0,0,0,0,0,0
1310138,3.53936E+14,R5CX92MH8VA,Samsung,SM-F741B,Light Blue,256GB,Mobile phone,SM-F741BLBGEUB,REPAIRED,UB,display issue,screen,GH82-35145A,1,GH82-35141A,1,GH82-35143A,1,GH81-26035A,1,0201-004132,1,GH81-26108A,1,GH82-35022A,1,0,0,0,0,0,0,0,0,0,0,0,0,0,0,0,0
1310139,3.58224E+14,RZCXB055YQD,Samsung,SM-F741B,Light Green,256GB,Mobile phone,SM-F741BLGGEUB,REPAIRED,L2,the display of the screen is completely blackintermittent ct,"replaced screen, batts, tapes",GH82-35143A,1,GH82-35141A,1,GH82-35024A,1,GH82-35023A,1,GH82-35014D,1,0,0,0,0,0,0,0,0,0,0,0,0,0,0,0,0,0,0,0,0
1310141,3.53936E+14,R5CXA062JYE,Samsung,SM-F741B,Light Blue,256GB,Mobile phone,SM-F741BLBGEUB,REPAIRED,UB,OOW due to impact damage- dent in the screen creating dead p,"New screen, tapes, deco and protector",GH82-35145A,1,GH82-35143A,1,GH81-26035A,2,GH82-35022A,1,0,0,0,0,0,0,0,0,0,0,0,0,0,0,0,0,0,0,0,0,0,0
1310145,3.53936E+14,R5CX71YT08H,Samsung,SM-F741B,Yellow,256GB,Mobile phone,SM-F741BZYGEUB,REPAIRED,L2,OOW due to impact damage- broken back cover and dents in the,"Screen, batteries, cover, sub tape.",GH82-35141A,1,GH82-35182B,1,GH82-35024A,1,GH82-35023A,1,GH82-35014B,1,0,0,0,0,0,0,0,0,0,0,0,0,0,0,0,0,0,0,0,0
1310153,3.5093E+14,R5CW81W4T0Y,Samsung,SM-F731B,Green,256GB,Mobile phone,SM-F731BZGGEUB,REPAIRED,UB,"IW - Lines in screen, no touch","screen, tapes",GH82-32951A,1,GH82-34625A,1,GH82-35929A,1,GH82-35928A,1,GH81-23854A,2,0,0,0,0,0,0,0,0,0,0,0,0,0,0,0,0,0,0,0,0
1310160,3.51788E+14,RFCX61D9ZBB,Samsung,SM-F956B/DS,Silver,,Mobile phone,SM-F956BZSCEUB,REPAIRED,UB,Black spot on the bottom side of the folding area,"replaced screen, tapes",GH81-26062A,2,GH82-35138A,1,GH82-35139A,1,GH82-35137A,1,GH82-35046A,1,0,0,0,0,0,0,0,0,0,0,0,0,0,0,0,0,0,0,0,0
1310190,3.5093E+14,R5CW62J187N,Samsung,SM-F731B,Light Green,256GB,Mobile phone,SM-F731BLGGEUB,REPAIRED,L1,Condition: FairOOW by datequery Physical Damage,screen portector,GH81-23854A,2,0,0,0,0,0,0,0,0,0,0,0,0,0,0,0,0,0,0,0,0,0,0,0,0,0,0,0,0
1310192,3.50078E+14,R5CT83WB6DL,Samsung,SM-F721B,Light Violet,128GB,Mobile phone,SM-F721BLVGEUB,REPAIRED,L1,Condition: FairOOW by datequery The factory-installed screen,SCREEN PROTECTOR REPLACED.,GH81-22424A,1,0,0,0,0,0,0,0,0,0,0,0,0,0,0,0,0,0,0,0,0,0,0,0,0,0,0,0,0
1310200,3.50078E+14,R5CT813JJ9B,Samsung,SM-F721B,Light Violet,128GB,Mobile phone,SM-F721BLVGEUB,REPAIRED,L2,Condition: PoorOOW by datequery I dropped the phone and the,"damage screen , frame does not open fully , no power , Replaced  octa",GH82-30238B,1,GH82-29433A,1,GH82-29434A,1,GH81-24714A,1,0,0,0,0,0,0,0,0,0,0,0,0,0,0,0,0,0,0,0,0,0,0
1310205,3.5093E+14,R5CW81W469K,Samsung,SM-F731B,Yellow,256GB,Mobile phone,SM-F731BZYGEUB,REPAIRED,L2,Condition: PoorOOW by datequery It fell off my hand and the,"Screen, frame, batteries, tapes replaced",GH82-31828E,1,GH82-31700A,1,GH82-31699A,1,GH82-35929A,1,GH82-35928A,1,0,0,0,0,0,0,0,0,0,0,0,0,0,0,0,0,0,0,0,0
1310215,3.51798E+14,R5CW72D5TFY,Samsung,SM-F731B,Grey,512GB,Mobile phone,SM-F731BZAHEUE,REPAIRED,L1,OOW By dateCondition: FairQuery: Moisture or debris is detec,"sp damage ,†replaced †,sp",GH81-23854A,2,0,0,0,0,0,0,0,0,0,0,0,0,0,0,0,0,0,0,0,0,0,0,0,0,0,0,0,0
1310900,3.50118E+14,RFCY71NSR9Y,Samsung,SM-F966B/DS,Dark Blue,,Mobile phone,SM-F966BDBCEUB,REPAIRED,UB,Main screen was dented and went black on one side.,OOW-device has physical damage on and around the main screen.,GH82-38023A,2,GH82-37536A,1,GH82-37543A,1,GH82-37822A,1,GH81-27757A,1,GH82-37824A,1,0,0,0,0,0,0,0,0,0,0,0,0,0,0,0,0,0,0
1310905,3.51451E+14,RFCX70PEJLT,Samsung,SM-F956B/DS,Silver,,Mobile phone,SM-F956BZSBEUB,REPAIRED,UB,Unable to IQC - screen is unresponsive due to UTG crack,"replaced screen, tapes",GH81-26062A,2,GH82-35138A,1,GH82-35139A,1,GH82-35137A,1,GH82-35046A,1,0,0,0,0,0,0,0,0,0,0,0,0,0,0,0,0,0,0,0,0
1310911,3.50798E+14,R5CY72SL2TV,Samsung,SM-F766B,Dark Blue,256GB,Mobile phone,SM-F766BDBGEUB,REPAIRED,L2,IQC FAIL - camera flash not working,replaced main board/ screen protector,GH81-27575A,2,GH82-37580A,1,0,0,0,0,0,0,0,0,0,0,0,0,0,0,0,0,0,0,0,0,0,0,0,0,0,0
1310917,3.53936E+14,R5CX71KDEDP,Samsung,SM-F741B,Light Blue,256GB,Mobile phone,SM-F741BLBGEUB,REPAIRED,L2,"Black spot at fold, main screen is intermittently blank due","Screen, frame, battery, tapes,cover replaced",GH82-35014C,1,GH82-35024A,1,GH82-35023A,1,GH82-35141A,1,GH82-35143A,1,GH82-35182C,1,0,0,0,0,0,0,0,0,0,0,0,0,0,0,0,0,0,0
1310922,3.53936E+14,R5CX93LLX5J,Samsung,SM-F741B,Silver,256GB,Mobile phone,SM-F741BZSGEUB,REPAIRED,L2,Unable to IQC - No display and device is making a clicking s,"replaced screen, batts, tapes",GH82-35023A,1,GH82-35024A,1,GH82-35014A,1,GH82-35143A,1,GH82-35141A,1,0,0,0,0,0,0,0,0,0,0,0,0,0,0,0,0,0,0,0,0
1310924,3.51451E+14,RFCX70PCDCJ,Samsung,SM-F956B/DS,Silver,,Mobile phone,SM-F956BZSBEUB,REPAIRED,UB,The screen along the fold has failed,screen,GH81-26062A,2,GH82-35139A,1,GH82-35138A,1,GH82-35137A,1,GH82-35046A,1,0,0,0,0,0,0,0,0,0,0,0,0,0,0,0,0,0,0,0,0
1310936,3.50622E+14,RFCY71KW93B,Samsung,SM-F966B/DS,Black,,Mobile phone,SM-F966BZKNEUB,REPAIRED,L2,"IW-screens, batteries, back cover","IW-screens, batteries, back cover",GH82-37534C,1,GH82-37550A,1,GH82-37549A,1,GH82-38664C,1,GH82-38023A,1,GH82-37544A,1,0,0,0,0,0,0,0,0,0,0,0,0,0,0,0,0,0,0
1310940,3.59413E+14,RZCX90NQHBA,Samsung,SM-F741B,Light Blue,512GB,Mobile phone,SM-F741BLBHEUB,REPAIRED,L2,IQC fail - black spot and ctcs issus,"replaced screen, batts, tapes",GH82-35014C,1,GH82-35143A,1,GH82-35141A,1,GH82-35023A,1,GH82-35024A,1,0,0,0,0,0,0,0,0,0,0,0,0,0,0,0,0,0,0,0,0
1310952,3.53074E+14,R5CW106QC0X,Samsung,SM-S908B/DS,Black,128GB,Mobile phone,SM-S908BZKDEUB,REPAIRED,AE,IQC PASS MISSING S PEN,REPLACED S-PEN,GH96-15290A,1,0,0,0,0,0,0,0,0,0,0,0,0,0,0,0,0,0,0,0,0,0,0,0,0,0,0,0,0
1310968,3.52624E+14,R5CX1260R4J,Samsung,SM-S928B/DS,Violet,,Mobile phone,SM-S928BZVHEUB,REPAIRED,UB,"[Defect HW, SW, App]","IW-Main board, screen, frame, battery, back cover,",GH82-33392A,1,GH82-33622A,1,GH82-33349D,1,GH82-33387A,1,GH82-33385A,1,GH82-33544A,1,GH82-33399A,1,0,0,0,0,0,0,0,0,0,0,0,0,0,0,0,0
1310973,3.52242E+14,RFCX61K71SL,Samsung,SM-F956B/DS,White,,Mobile phone,SM-F956BZWNEUB,REPAIRED,L1,Condition GoodMM OFF  SP replacement,"Repaired deco, sp",GH81-26062A,2,GH82-35137A,1,0,0,0,0,0,0,0,0,0,0,0,0,0,0,0,0,0,0,0,0,0,0,0,0,0,0
1310976,3.50118E+14,RFCY70RJ23A,Samsung,SM-F966B/DS,Black,,Mobile phone,SM-F966BZKCEUB,REPAIRED,UB,.,"OOW-Screen, front deco, screen protector, tapes",GH82-38023A,1,GH82-37822A,1,GH82-37824A,1,GH81-27757A,1,GH82-37543A,1,0,0,0,0,0,0,0,0,0,0,0,0,0,0,0,0,0,0,0,0
1310993,3.50798E+14,R5CY7402WVF,Samsung,SM-F766B,Black,256GB,Mobile phone,SM-F766BZKGEUB,REPAIRED,UB,Condition: PoorOOW due to impact damage puncture on the scre,Main screen replaced,GH82-37820A,1,GH82-37818A,1,GH81-27575A,2,GH82-37578A,1,GH82-37816A,1,0,0,0,0,0,0,0,0,0,0,0,0,0,0,0,0,0,0,0,0
1311014,3.53936E+14,R5CX7048KJN,Samsung,SM-F741B,Light Green,256GB,Mobile phone,SM-F741BLGGEUB,REPAIRED,L2,IQC skipped - no touch - device frozen,"screen, battery, tapes",GH82-35143A,1,GH82-35141A,1,GH82-35023A,1,GH82-35024A,1,GH82-35014D,1,0,0,0,0,0,0,0,0,0,0,0,0,0,0,0,0,0,0,0,0
1311017,3.59413E+14,RZCX80XJN1A,Samsung,SM-F741B,Light Green,512GB,Mobile phone,SM-F741BLGHEUB,REPAIRED,UB,Condition GoodMM ONUTG crack black line down the screen,"Repaired screen, tapes",GH81-26035A,2,GH82-35141A,1,GH82-35143A,1,GH82-35145A,1,GH81-26108A,1,0201-004132,1,GH81-15872A,1,GH82-35022A,1,0,0,0,0,0,0,0,0,0,0,0,0,0,0
1311032,3.54241E+14,R5CY92HDP0E,Samsung,SM-A566B/DS,Black,,Mobile phone,SM-A566BZKCEUB,REPAIRED,UB,"Cracked screen, bent device, faulty mainboard, damaged cover","replaced screen, frame, batt, cover, main board, cables, USB port, kit",GH82-37034A,1,GH96-19091A,1,GH82-36830A,1,GH59-15848A,1,GH96-18938A,1,GH82-36828A,1,GH82-36831A,1,GH82-36807A,1,GH82-36832A,1,GH82-36827A,1,0,0,0,0,0,0,0,0,0,0
1311038,3.53936E+14,R5CX71K9MNP,Samsung,SM-F741B,Light Blue,256GB,Mobile phone,SM-F741BLBGEUB,REPAIRED,L2,Condition: FairOOW due to impact damage puncture on the main,"replaced octa ,battery ,tapes",GH82-35014C,1,GH82-35023A,1,GH82-35024A,1,GH82-35141A,1,GH82-35143A,1,GH64-09504A,1,GH64-09505A,1,0,0,0,0,0,0,0,0,0,0,0,0,0,0,0,0
1311041,3.50622E+14,RFCY71KWLEX,Samsung,SM-F966B/DS,Black,,Mobile phone,SM-F966BZKNEUB,REPAIRED,UB,there is a black line on the middle of the screen and the sc,"Replaced - Screens, Deco and re-work kits.",GH82-37544A,1,GH81-27757A,2,GH82-37824A,1,GH82-38023A,1,GH82-37822A,1,GH82-37543A,1,0,0,0,0,0,0,0,0,0,0,0,0,0,0,0,0,0,0
1311049,3.58224E+14,RZCX80G8SBK,Samsung,SM-F741B,Light Blue,256GB,Mobile phone,SM-F741BLBGEUB,REPAIRED,L2,Unable to IQC - No display and device is making a clicking s,"replaced screen, batts, tapes",GH82-35014C,1,GH82-35143A,1,GH82-35024A,1,GH82-35023A,1,GH82-35141A,1,0,0,0,0,0,0,0,0,0,0,0,0,0,0,0,0,0,0,0,0
1311053,3.50118E+14,RFCY706S8WV,Samsung,SM-F966B/DS,Dark Blue,,Mobile phone,SM-F966BDBCEUB,REPAIRED,UB,internal screen not working.,screen,GH81-27757A,1,GH82-37824A,1,GH82-38023A,1,GH82-37822A,1,GH82-37543A,1,0,0,0,0,0,0,0,0,0,0,0,0,0,0,0,0,0,0,0,0
1311057,3.52624E+14,R3CX30E3MNL,Samsung,SM-S928B/DS,Black,,Mobile phone,SM-S928BZKHEUB,REPAIRED,UB,"[Defect HW, SW, App]","IW-screen, frame, battery, Back cover, S-pen",GH82-33385A,1,GH82-33544A,1,GH96-16577B,1,GH82-33349B,1,GH82-33387A,1,GH82-33399B,1,0,0,0,0,0,0,0,0,0,0,0,0,0,0,0,0,0,0
1311060,3.52648E+14,R5CY907KZ6T,Samsung,SM-F766B,Light Green,512GB,Mobile phone,SM-F766BLGHEUB,REPAIRED,UB,[device screen missing pixel,"IW-main†screen, front deco, screen protector",GH82-37578A,1,GH82-37816A,1,GH82-37820A,1,GH81-27575A,1,0,0,0,0,0,0,0,0,0,0,0,0,0,0,0,0,0,0,0,0,0,0
1311064,3.51788E+14,R58Y812CKZE,Samsung,SM-A175F/DSB,Black,,Mobile phone,SM-A175FZKBEUB,REPAIRED,L2,IQC skipped - no power/not charging,usb port and flex cable,GH81-27935A,1,GH82-36147A,1,GH96-20248A,1,0,0,0,0,0,0,0,0,0,0,0,0,0,0,0,0,0,0,0,0,0,0,0,0
1311067,3.5281E+14,RZCX705D89L,Samsung,SM-S921B/DS,Grey,,Mobile phone,SM-S921BZAGEUE,REPAIRED,L2,IQC skipped - no power,replaced main board / charging port,GH82-33629A,1,GH96-16507A,1,GH82-33292A,1,GH82-33293A,1,GH82-33101B,1,0,0,0,0,0,0,0,0,0,0,0,0,0,0,0,0,0,0,0,0
1311068,3.51337E+14,R5CX72YR5YT,Samsung,SM-F741B,Light Green,512GB,Mobile phone,SM-F741BLGHEUE,REPAIRED,L2,some screen is unresponsive,"replaced screen, batts and tapes",GH82-35014D,1,GH82-35024A,1,GH82-35023A,1,GH82-35141A,1,GH82-35143A,1,0,0,0,0,0,0,0,0,0,0,0,0,0,0,0,0,0,0,0,0
1311069,3.50043E+14,R5CY82W1CPY,Samsung,SM-A176B/DS,Black,,Mobile phone,SM-A176BZKAEUB,REPAIRED,L2,IQC  skipped - no power/not charging,replaced main board-sub PBA/ tapes,GH82-38044A,1,GH96-20346A,1,GH82-36147A,1,GH81-27932A,1,0,0,0,0,0,0,0,0,0,0,0,0,0,0,0,0,0,0,0,0,0,0
1311079,3.5093E+14,R3CWB09XF2H,Samsung,SM-F731B,Grey,256GB,Mobile phone,SM-F731BZAGEUB,REPAIRED,L2,Condition: FairOOW by date awv Query: screen not responsive,"New screen, batts and tapes",GH82-31699A,1,GH82-31700A,1,GH81-24680A,1,GH82-35929A,1,GH82-31828A,1,0,0,0,0,0,0,0,0,0,0,0,0,0,0,0,0,0,0,0,0
1311082,3.50248E+14,,Samsung,SM-N980F/DS,Grey,,Mobile phone,SM-N980FZAGEUA,REPAIRED,L2,OOW By dateCondition: FairQuery: Touch screen is unresponsiv,"Replaced screen, battery, ctc, tape",GH82-23495A,1,GH82-23535A,1,GH82-24342A,1,GH82-23496A,1,0,0,0,0,0,0,0,0,0,0,0,0,0,0,0,0,0,0,0,0,0,0
1311087,3.5093E+14,R3CWB05Y0WB,Samsung,SM-F731B,Grey,256GB,Mobile phone,SM-F731BZAGEUB,REPAIRED,L2,2 deep scratches near front cameraQUERY -  touchscreen rando,"New screen, batts and tapes",GH82-31827A,1,GH81-24680A,1,GH82-31700A,1,GH82-35929A,1,GH82-31699A,1,0,0,0,0,0,0,0,0,0,0,0,0,0,0,0,0,0,0,0,0
1311412,3.53227E+14,RFCW80WKAVL,Samsung,SM-F946B/DS,Black,,Mobile phone,SM-F946BZKBEUB,REPAIRED,L2,Query: After the recent repair customer is having issues con,"Replaced - Mainboard, tapes.",GH81-24613A,1,GH81-24686A,1,GH82-31856A,1,0,0,0,0,0,0,0,0,0,0,0,0,0,0,0,0,0,0,0,0,0,0,0,0
1311420,3.50118E+14,RFCY719JXRH,Samsung,SM-F966B/DS,Silver,,Mobile phone,SM-F966BZSCEUB,REPAIRED,UB,Crackling sound on the screen,"Replaced - Screen, deco and re-work kits.",GH82-37543A,1,GH82-37822A,1,GH82-38023A,1,GH82-37824A,1,GH81-27757A,2,0201-004132,1,GH81-26108A,1,GH81-15872A,1,0,0,0,0,0,0,0,0,0,0,0,0,0,0
1311424,3.51451E+14,RFCX70Y3A6T,Samsung,SM-F956B/DS,Silver,,Mobile phone,SM-F956BZSBEUE,REPAIRED,L2,t only charges wirelessly. I went to a Samsung authorized se,USB bord,GH82-35139A,1,GH59-15765A,1,0,0,0,0,0,0,0,0,0,0,0,0,0,0,0,0,0,0,0,0,0,0,0,0,0,0
1311439,3.51451E+14,RFCX70V2BGT,Samsung,SM-F956B/DS,Dark Blue,,Mobile phone,SM-F956BDBBEUB,REPAIRED,UB,Crease down inner fold of phone,screen,GH82-35046A,1,GH82-35138A,1,GH82-35139A,1,GH81-26062A,1,GH82-35137A,2,0,0,0,0,0,0,0,0,0,0,0,0,0,0,0,0,0,0,0,0
1311444,3.52648E+14,R5CY74ED9ZA,Samsung,SM-F766B,Red,512GB,Mobile phone,SM-F766BZRHEUB,REPAIRED,UB,"Query: Flip 7, inner scree on black screen and unresponsive.","Device has very low hinge damage, needs OLED replacement only.
Replac",GH82-37816A,1,GH82-37820A,1,GH82-37818A,1,GH82-37578A,1,GH81-27575A,2,0,0,0,0,0,0,0,0,0,0,0,0,0,0,0,0,0,0,0,0
1311448,3.52648E+14,R5CY71NCQHK,Samsung,SM-F766B,Light Green,512GB,Mobile phone,SM-F766BLGHEUB,REPAIRED,UB,Dead pixels on display but no damage at pixels area.,"Replaced - Screen, deco and re-work kits.",GH82-37816A,1,GH82-37820A,1,GH82-37818A,1,GH82-37578A,1,0,0,0,0,0,0,0,0,0,0,0,0,0,0,0,0,0,0,0,0,0,0
1311450,3.59413E+14,RZCX80G9RFY,Samsung,SM-F741B,Silver,512GB,Mobile phone,SM-F741BZSHEUB,REPAIRED,UB,The main screen has a line across it and sometimes the scree,screen,GH81-26035A,1,GH82-35143A,1,GH82-35145A,1,GH82-35141A,1,GH82-35022A,1,0,0,0,0,0,0,0,0,0,0,0,0,0,0,0,0,0,0,0,0
1311451,3.55235E+14,RFCX214W3NL,Samsung,SM-F946B/DS,Blue,,Mobile phone,SM-F946BZBCEUB,REPAIRED,UB,IQC fail - display issues,"New screen, tapes, deco and protector",GH82-32950A,1,GH81-23916A,2,GH81-24926A,1,GH81-24613A,1,GH81-24686A,1,0,0,0,0,0,0,0,0,0,0,0,0,0,0,0,0,0,0,0,0
1311455,3.53936E+14,R5CX71S8P5H,Samsung,SM-F741B,Silver,256GB,Mobile phone,SM-F741BZSGEUB,REPAIRED,L2,"Hello, My screen protector is loose across the fold and now","Repaired screen, frame, batteries, tapes",GH82-35143A,1,GH82-35141A,1,GH82-35023A,1,GH82-35024A,1,GH82-35014A,1,0,0,0,0,0,0,0,0,0,0,0,0,0,0,0,0,0,0,0,0
1311456,3.53936E+14,R5CXC1EH5BP,Samsung,SM-F741B,Absolute Black,256GB,Mobile phone,SM-F741BAKGEUB,REPAIRED,L2,"OOW Impact DamageCracked Back Glass, Punctures in the displa","Screen, frame, batteries, cover replaced",GH82-35182E,1,GH82-35143A,1,GH82-35141A,1,GH82-35023A,1,GH82-35024A,1,GH82-35014E,1,0,0,0,0,0,0,0,0,0,0,0,0,0,0,0,0,0,0
1311457,3.58224E+14,RZCY112LVRB,Samsung,SM-F741B,Light Blue,256GB,Mobile phone,SM-F741BLBGEUB,REPAIRED,L2,Condition: PoorOOW due to impact damage back cover cracked q,"Screen, frame, batteries, tapes, main board replaced",GH82-35014C,1,GH82-35024A,1,GH82-35023A,1,GH82-35141A,1,GH82-35143A,1,GH82-35182C,1,GH82-35021A,1,0,0,0,0,0,0,0,0,0,0,0,0,0,0,0,0
1311459,3.58224E+14,RZCX900MY7H,Samsung,SM-F741B,Light Blue,256GB,Mobile phone,SM-F741BLBGEUB,REPAIRED,L2,skipped IQC - no inside display/ faulty hinge,replaced screen/ batteries/ tapes,GH82-35143A,1,GH82-35014C,1,GH82-35024A,1,GH82-35023A,1,GH82-35141A,1,0,0,0,0,0,0,0,0,0,0,0,0,0,0,0,0,0,0,0,0
1311465,3.53936E+14,R5CX82CV6ER,Samsung,SM-F741B,Silver,256GB,Mobile phone,SM-F741BZSGEUB,REPAIRED,L2,"A few days ago, the bigger phone screen just went off, where","Repaired screen, frame, batteries, tapes",GH82-35014A,1,GH82-35024A,1,GH82-35023A,1,GH82-35143A,1,GH82-35141A,1,0,0,0,0,0,0,0,0,0,0,0,0,0,0,0,0,0,0,0,0
1311468,3.59413E+14,RZCX80G9TFB,Samsung,SM-F741B,Silver,512GB,Mobile phone,SM-F741BZSHEUB,REPAIRED,L2,The main screen is completely blank,screen and battery,GH82-35141A,1,GH82-35014A,1,GH82-35024A,1,GH82-35023A,1,GH82-35143A,1,0,0,0,0,0,0,0,0,0,0,0,0,0,0,0,0,0,0,0,0
1311471,3.53936E+14,R5CX920YL1V,Samsung,SM-F741B,Silver,256GB,Mobile phone,SM-F741BZSGEUB,REPAIRED,UB,Display Issues,screen,GH82-35145A,1,GH82-35022A,1,GH82-35141A,1,GH82-35143A,1,GH81-26035A,1,0,0,0,0,0,0,0,0,0,0,0,0,0,0,0,0,0,0,0,0
1311480,3.58224E+14,RZCX900LNHD,Samsung,SM-F741B,Light Blue,256GB,Mobile phone,SM-F741BLBGEUB,REPAIRED,L2,"Noisy CTC, main display is blankOne minor dent on the displa",Main screen replaced,GH82-35014C,1,GH82-35024A,1,GH82-35023A,1,GH82-35141A,1,GH82-35143A,1,0,0,0,0,0,0,0,0,0,0,0,0,0,0,0,0,0,0,0,0
1311484,3.5722E+14,RZCX813NVVJ,Samsung,SM-F956B/DS,Silver,,Mobile phone,SM-F956BZSCEUB,REPAIRED,UB,nner Screen changed colour. Then line appeared across the bo,screen,GH81-26062A,2,GH82-35046A,1,GH82-35137A,1,GH82-35138A,1,GH82-35139A,1,0,0,0,0,0,0,0,0,0,0,0,0,0,0,0,0,0,0,0,0
1311490,3.53936E+14,R5CX92KYRMK,Samsung,SM-F741B,Silver,256GB,Mobile phone,SM-F741BZSGEUB,REPAIRED,UB,"the right of the screen. Sometimes is white, light green o r",screen,GH82-35143A,1,GH82-35141A,1,GH82-35145A,1,GH82-35022A,1,GH81-26035A,2,0,0,0,0,0,0,0,0,0,0,0,0,0,0,0,0,0,0,0,0
1311491,3.51798E+14,R5CW80Q0DDL,Samsung,SM-F731B,Light Pink,512GB,Mobile phone,SM-F731BLIHEUB,REPAIRED,L2,Unable to IQC - faulty main board,"replaced USB port, main board, kits, SP",GH81-26529A,1,GH82-35929A,1,GH96-15970A,1,GH82-31888A,1,GH82-34625A,1,GH81-23854A,2,0,0,0,0,0,0,0,0,0,0,0,0,0,0,0,0,0,0
1311529,3.50118E+14,RFCY70RHP3R,Samsung,SM-F966B/DS,Black,,Mobile phone,SM-F966BZKCEUB,REPAIRED,L2,The inside screen just stopped workingImpact damage - hinge,"Replaced octa, batteries, tapes",GH82-37549A,1,GH82-38023A,1,GH82-37824A,1,GH82-37550A,1,GH82-37548C,1,0,0,0,0,0,0,0,0,0,0,0,0,0,0,0,0,0,0,0,0
1311534,3.52236E+14,RZCXA1ZMVGW,Samsung,SM-F956B/DS,Silver,,Mobile phone,SM-F956BZSBEUB,REPAIRED,UB,the big screen is glitching and right now it&apos;s complete,screen,GH82-35046A,1,GH82-35138A,1,GH82-35139A,1,GH81-26062A,1,GH82-35137A,1,0,0,0,0,0,0,0,0,0,0,0,0,0,0,0,0,0,0,0,0
1311538,3.53936E+14,R5CX635MSRP,Samsung,SM-F741B,White,256GB,Mobile phone,SM-F741BZWGEUB,REPAIRED,L2,Condition: PoorOOW due to impact damage puncture on the scre,"replaced screen, batts and tapes",GH82-35141A,1,GH82-35014F,1,GH82-35024A,1,GH82-35023A,1,GH82-35143A,1,0,0,0,0,0,0,0,0,0,0,0,0,0,0,0,0,0,0,0,0
1311541,3.53936E+14,R5CX63D63MA,Samsung,SM-F741B,Silver,256GB,Mobile phone,SM-F741BZSGEUB,REPAIRED,L2,"OOW due to unauthorised access, both rear cameras are dirty","Screen, frame, batt, tapes, cameras replaced",GH96-16981A,1,GH96-16980A,1,GH82-35143A,1,GH82-35141A,1,GH82-35023A,1,GH82-35024A,1,GH82-35014A,1,0,0,0,0,0,0,0,0,0,0,0,0,0,0,0,0
1311552,3.50118E+14,RFGYA08HG6N,Samsung,SM-F966B/DS,Dark Blue,,Mobile phone,SM-F966BDBCEUB,REPAIRED,L2,OOW Impact DamageCondition: FairQuery: Line on the middle sc,"replaced screen, batts, tapes",GH82-38664B,1,GH82-37549A,1,GH82-37550A,1,GH81-27757A,1,GH82-37824A,1,GH82-38023A,2,0,0,0,0,0,0,0,0,0,0,0,0,0,0,0,0,0,0
1311590,3.5093E+14,R5CW62JM6EX,Samsung,SM-F731B,Beige,256GB,Mobile phone,SM-F731BZEGEUB,REPAIRED,L2,OOW By dateCondition: FairQuery: The screen started malfunct,"Replaced octa, batteries, tapes",GH82-31699A,1,GH82-31700A,1,GH82-31828B,1,GH82-34625A,1,GH82-35929A,1,0,0,0,0,0,0,0,0,0,0,0,0,0,0,0,0,0,0,0,0
1311594,3.50526E+14,R5CT810W7ZV,Samsung,SM-F721B,Gold,256GB,Mobile phone,SM-F721BZDHEUB,REPAIRED,L2,OOW By dateCondition: FairQuery: device turns off when the s,"Screen, frame, batteries, tapes replaced",GH82-29628A,1,GH81-24714A,1,GH82-29434A,1,GH82-29433A,1,GH82-30238C,1,0,0,0,0,0,0,0,0,0,0,0,0,0,0,0,0,0,0,0,0
1311597,3.5093E+14,R5CW80HWZ2X,Samsung,SM-F731B,Grey,256GB,Mobile phone,SM-F731BZAGEUB,REPAIRED,L2,OOW By dateCondition: FairQuery: There is white line in midd,"replaced screen, batts and tapes",GH82-31828A,1,GH82-31700A,1,GH81-26529A,1,GH82-35929A,1,GH82-31699A,1,0,0,0,0,0,0,0,0,0,0,0,0,0,0,0,0,0,0,0,0
1311614,3.5093E+14,R5CW80DLZDJ,Samsung,SM-F731B,Grey,256GB,Mobile phone,SM-F731BZAGEUB,REPAIRED,L2,OOW By dateCondition: FairQuery: The bottem of the screen is,"replaced octa, batteries, tapes",GH81-26529A,1,GH82-31700A,1,GH82-31828A,1,GH82-35929A,1,GH82-31699A,1,0,0,0,0,0,0,0,0,0,0,0,0,0,0,0,0,0,0,0,0
1312007,3.51337E+14,R5CX63FHGYX,Samsung,SM-F741B,White,512GB,Mobile phone,SM-F741BZWHEUB,REPAIRED,L1,sp only,SP only,GH81-26035A,2,0,0,0,0,0,0,0,0,0,0,0,0,0,0,0,0,0,0,0,0,0,0,0,0,0,0,0,0
1312008,3.52648E+14,R5CYA15H55T,Samsung,SM-F766B,Light Green,512GB,Mobile phone,SM-F766BLGHEUB,REPAIRED,L2,"Black spot on the cover screen, display is flickeringNew sub",Sub screen replaced,GH82-37818A,1,GH82-37579A,1,0,0,0,0,0,0,0,0,0,0,0,0,0,0,0,0,0,0,0,0,0,0,0,0,0,0
1312009,3.58224E+14,RZCXC03N1BF,Samsung,SM-F741B,Yellow,256GB,Mobile phone,SM-F741BZYGEUB,REPAIRED,L2,UTG crack- intermittent CTC fault,screen replaced,GH82-35023A,1,GH96-16981A,1,GH82-35014B,1,GH82-35141A,1,GH82-35143A,1,GH82-35024A,1,0,0,0,0,0,0,0,0,0,0,0,0,0,0,0,0,0,0
1312010,3.52648E+14,R5CY71Y7JZE,Samsung,SM-F766B,Black,512GB,Mobile phone,SM-F766BZKHEUB,REPAIRED,L2,"The screen has completely gone, you canít see anything on it",screeen adn battery,GH82-37582A,1,GH82-37818A,1,GH82-37820A,1,GH82-37583A,1,GH82-38794C,1,0,0,0,0,0,0,0,0,0,0,0,0,0,0,0,0,0,0,0,0
1312012,3.51788E+14,RFCX70ABJJH,Samsung,SM-F956B/DS,Dark Blue,,Mobile phone,SM-F956BDBCEUB,REPAIRED,L2,"Main screen is unresponsive, high hinge damageCTC faultQuote","Screens, frame, batteries, tapes, cover replaced",GH82-35047A,1,GH82-35086C,1,GH82-35138A,1,GH82-35139A,1,GH82-35049A,1,GH82-35048A,1,GH82-35042C,1,0,0,0,0,0,0,0,0,0,0,0,0,0,0,0,0
1312017,3.50966E+14,RFCY70WNLAP,Samsung,SM-F966B/DS,Black,,Mobile phone,SM-F966BZKBEUB,REPAIRED,L2,The phone fell from my hand. I tried to catch it. The phone,"Replaced - Screens, batteries, kits.",GH82-38664C,1,GH82-37550A,1,GH82-37549A,1,GH82-38023A,1,GH82-37824A,1,GH82-37544A,1,0,0,0,0,0,0,0,0,0,0,0,0,0,0,0,0,0,0
1312018,3.53936E+14,R5CX73VB02Z,Samsung,SM-F741B,Silver,256GB,Mobile phone,SM-F741BZSGEUB,REPAIRED,L2,No power on screen,Replaced screen batteries and tapes,GH82-35143A,1,GH82-35141A,1,GH82-35014A,1,GH82-35024A,1,GH82-35023A,1,0,0,0,0,0,0,0,0,0,0,0,0,0,0,0,0,0,0,0,0
1312020,3.50966E+14,RFCY70XMLTV,Samsung,SM-F966B/DS,Black,,Mobile phone,SM-F966BZKBEUB,REPAIRED,UB,OOW Impact DamagePunctures in displayCondition: FairQuery: T,Main screen replaced,GH82-37824A,1,GH82-37822A,1,GH82-37543A,1,GH81-27757A,2,GH82-38023A,2,0,0,0,0,0,0,0,0,0,0,0,0,0,0,0,0,0,0,0,0
1312022,3.53936E+14,R5CX71NL6QD,Samsung,SM-F741B,Silver,256GB,Mobile phone,SM-F741BZSGEUB,REPAIRED,UB,IQC fail - display issues,"Replaced - Screen, deco and re-work kits.",0201-004132,1,GH81-26108A,1,GH82-35141A,1,GH81-26035A,2,GH82-35022A,1,GH81-15872A,1,GH82-35145A,1,GH82-35143A,1,0,0,0,0,0,0,0,0,0,0,0,0,0,0
1312023,3.5686E+14,RFGYA10GXHD,Samsung,SM-A366B/DS,Light Green,,Mobile phone,SM-A366BLGGEUB,REPAIRED,L2,My autistic son has unfortunately dropped the device by acci,"Replaced - Screen, Mainboard, Charging port, CTC/FRC flex, cover",GH82-36804C,1,GH82-36842A,1,GH82-36830A,1,GH82-36841C,1,GH82-36843A,1,GH82-37043A,1,GH96-19348A,1,0,0,0,0,0,0,0,0,0,0,0,0,0,0,0,0
1312024,3.55235E+14,R3CW70FLJLX,Samsung,SM-F946B/DS,Light Blue,,Mobile phone,SM-F946BLBCEUB,REPAIRED,UB,speaker not working spot on display,Replaced screen speakers tapes and sub pba,GH82-31848A,1,GH82-32950A,1,GH81-23916A,2,GH81-24686A,1,GH81-24613A,1,GH96-15976A,1,GH81-24926A,1,GH82-31849A,1,GH82-31841A,1,0,0,0,0,0,0,0,0,0,0,0,0
1312026,3.51451E+14,RFCX70EH52Y,Samsung,SM-F956B/DS,Silver,,Mobile phone,SM-F956BZSBEUB,REPAIRED,L2,Charger only works on one sideCharge port fault,USB port replaced,GH82-35139A,1,GH59-15765A,1,0,0,0,0,0,0,0,0,0,0,0,0,0,0,0,0,0,0,0,0,0,0,0,0,0,0
1312029,3.51451E+14,RFCX61LXMDY,Samsung,SM-F956B/DS,Absolute Black,,Mobile phone,SM-F956BAKBEUB,REPAIRED,UB,Condition Good IQC PassCentral foldable screen has failed. B,"Replaced OLED, Screen protector and tapes",GH82-35138A,1,GH82-35139A,1,GH81-26062A,1,GH82-35137A,1,GH82-35046A,1,0,0,0,0,0,0,0,0,0,0,0,0,0,0,0,0,0,0,0,0
1312030,3.50118E+14,RFCYA10W89Z,Samsung,SM-F966B/DS,Dark Blue,,Mobile phone,SM-F966BDBCEUB,REPAIRED,UB,"Main screen completely blank, no damage to the hinge or OLED",Main screen replaced,GH82-37824A,1,GH82-38023A,1,GH82-37543A,1,GH81-27757A,2,GH82-37822A,1,0,0,0,0,0,0,0,0,0,0,0,0,0,0,0,0,0,0,0,0
1312031,3.5093E+14,R3CWB03J8GW,Samsung,SM-F731B,Grey,256GB,Mobile phone,SM-F731BZAGEUB,REPAIRED,L2,Reported Fault: Screen failure,"Replaced - Screens, battery, kits.",GH82-31828A,1,GH82-31700A,1,GH82-31699A,1,GH81-24680A,1,GH82-35929A,1,GH97-29135A,1,0,0,0,0,0,0,0,0,0,0,0,0,0,0,0,0,0,0
1312034,3.58224E+14,RZCXB05627K,Samsung,SM-F741B,Light Green,256GB,Mobile phone,SM-F741BLGGEUB,REPAIRED,L2,IQC skipped - device turns off when folded,"Replaced - Screen, battery, kits.",GH82-35023A,1,GH82-35141A,1,GH82-35143A,1,GH82-35024A,1,GH82-35014D,1,0,0,0,0,0,0,0,0,0,0,0,0,0,0,0,0,0,0,0,0
1312036,3.51451E+14,RFCX70PC4HN,Samsung,SM-F956B/DS,Silver,,Mobile phone,SM-F956BZSBEUB,REPAIRED,L2,"Device not charging, faulty sub PBA",USB port and tape replaced,GH82-35139A,1,GH59-15765A,1,0,0,0,0,0,0,0,0,0,0,0,0,0,0,0,0,0,0,0,0,0,0,0,0,0,0
1312038,3.50798E+14,R5CY826LJMT,Samsung,SM-F766B,Dark Blue,256GB,Mobile phone,SM-F766BDBGEUB,REPAIRED,L2,.,"IW-Main screen, batteries, tapes",GH82-37582A,1,GH82-38794A,1,GH82-37818A,1,GH82-37820A,1,GH82-37583A,1,0,0,0,0,0,0,0,0,0,0,0,0,0,0,0,0,0,0,0,0
1312045,3.5093E+14,R5CWB2DZCQB,Samsung,SM-F731B,Light Green,256GB,Mobile phone,SM-F731BLGGEUB,REPAIRED,L2,"Main screen is blank, heavy hinge damage, sub screen cracked","Both screens, frame, batteries, tapes replaced",GH82-35929A,1,GH97-29135A,1,GH82-31699A,1,GH82-31700A,1,GH82-31828D,1,0,0,0,0,0,0,0,0,0,0,0,0,0,0,0,0,0,0,0,0
1312050,3.50043E+14,R5CY900AVYF,Samsung,SM-A176B/DS,Black,,Mobile phone,SM-A176BZKAEUB,REPAIRED,L2,"OLED and cover cracked, dents on the frame","Screen, frame, battery, cover replaced",GH96-20406A,1,GH98-50411A,1,GH96-20346A,1,GH82-38045A,1,GH82-38039A,1,GH98-50510A,1,GH82-38076A,1,0,0,0,0,0,0,0,0,0,0,0,0,0,0,0,0
1312051,3.53227E+14,RFCX20EHK4L,Samsung,SM-F946B/DS,Beige,,Mobile phone,SM-F946BZEBEUB,REPAIRED,UB,IQC skipped - Touchscreen issues,"Repaired screen, tapes",GH82-32950A,1,GH81-23916A,2,GH81-24926A,1,GH81-24613A,1,GH81-24686A,1,0,0,0,0,0,0,0,0,0,0,0,0,0,0,0,0,0,0,0,0
1312056,3.5093E+14,R5CX4271NHJ,Samsung,SM-F731B,Light Green,256GB,Mobile phone,SM-F731BLGGEUB,REPAIRED,L2,"When I open my phone, the screen has had 2 green lines acros",screen and battery,GH82-31828D,1,GH82-31700A,1,GH82-31699A,1,GH82-35929A,1,GH82-35928A,1,0,0,0,0,0,0,0,0,0,0,0,0,0,0,0,0,0,0,0,0
1312058,3.53936E+14,R5CX92YMM3T,Samsung,SM-F741B,Silver,256GB,Mobile phone,SM-F741BZSGEUB,REPAIRED,L2,IQC fail - ctc issues,"Replaced - screen, batteries, tapes",GH82-35141A,1,GH82-35143A,1,GH82-35024A,1,GH82-35023A,1,GH82-35014A,1,0,0,0,0,0,0,0,0,0,0,0,0,0,0,0,0,0,0,0,0
1312076,3.5093E+14,R3CWC0F2BRK,Samsung,SM-F731B,Light Pink,256GB,Mobile phone,SM-F731BLIGEUB,REPAIRED,L2,IQC skipped  - touchscreen issues,"New screen, batts and tapes",GH82-31827C,1,GH82-31700A,1,GH82-31699A,1,GH82-35928A,1,GH82-35929A,1,0,0,0,0,0,0,0,0,0,0,0,0,0,0,0,0,0,0,0,0
1312077,3.50078E+14,R5CT83NBMGV,Samsung,SM-F721B,Light Blue,128GB,Mobile phone,SM-F721BLBGEUB,REPAIRED,L2,OOW by dateCondition: FairQuery: The flip phone was dropped,"Repaired screen, frame, batteries, tapes",GH82-29434A,1,GH82-35083A,1,GH81-24714A,1,GH82-30239D,1,GH82-29433A,1,0,0,0,0,0,0,0,0,0,0,0,0,0,0,0,0,0,0,0,0
1312081,3.50078E+14,R5CT8401N5N,Samsung,SM-F721B,Gold,128GB,Mobile phone,SM-F721BZDGEUB,REPAIRED,L2,OOW by dateCondition: FairQuery: inside screen is broken,"replaced screen, batts, tapes",GH82-35082A,1,GH82-29434A,1,GH82-29433A,1,GH82-30238C,1,0,0,0,0,0,0,0,0,0,0,0,0,0,0,0,0,0,0,0,0,0,0
1312088,3.54484E+14,R5CW21HXE9F,Samsung,SM-S918B/DS,Grey,,Mobile phone,SM-S918BZAHEUB,REPAIRED,L2,battery,battery,GH81-24723A,1,GH82-30459A,1,0,0,0,0,0,0,0,0,0,0,0,0,0,0,0,0,0,0,0,0,0,0,0,0,0,0
1312462,3.50364E+14,R3CX907YWGK,Samsung,SM-S928B/DS,Titanium,,Mobile phone,SM-S928BZTGEUB,REPAIRED,UB,No display,Replaced screen and tapes,GH82-33385A,1,GH82-33544A,1,GH82-33349A,1,0,0,0,0,0,0,0,0,0,0,0,0,0,0,0,0,0,0,0,0,0,0,0,0
1312463,3.50118E+14,RFCYA08FGLX,Samsung,SM-F966B/DS,Light Green,,Mobile phone,SM-F966BLGCEUB,REPAIRED,UB,OOW- damage on bottom of screen and deco causing issue on di,replaced screen,GH82-37543A,1,GH82-38023A,1,GH82-37822A,1,GH82-37824A,1,GH81-27757A,2,0,0,0,0,0,0,0,0,0,0,0,0,0,0,0,0,0,0,0,0
1312466,3.52648E+14,R5CY74EDDBP,Samsung,SM-F766B,Red,512GB,Mobile phone,SM-F766BZRHEUB,REPAIRED,L2,"Device is bootlooping, no physical damage, LDI not triggered",Main board and tape replced,GH82-37818A,1,GH82-37820A,1,GH82-37588A,1,0,0,0,0,0,0,0,0,0,0,0,0,0,0,0,0,0,0,0,0,0,0,0,0
1312468,3.50118E+14,RFCY70XAF6F,Samsung,SM-F966B/DS,Black,,Mobile phone,SM-F966BZKCEUB,REPAIRED,UB,QUERY - There was a little mark or spot in the inner left si,"New screen, tapes, deco and protector",GH81-27757A,2,GH82-37543A,1,GH81-15872A,1,GH82-37824A,1,GH82-37822A,1,GH82-38023A,1,0201-004132,1,GH81-26108A,1,0,0,0,0,0,0,0,0,0,0,0,0,0,0
1312482,3.55359E+14,RFCX60MBZ6X,Samsung,SM-S928B/DS,Titanium,,Mobile phone,SM-S928BZTPEUB,REPAIRED,UB,sc+ - damaged screen and frame,"Replaced OLED, Frame, battery, spen and tapes",GH82-33544A,1,GH96-16577A,1,GH82-33392A,1,GH82-33387A,1,GH82-33399A,1,GH82-33385A,1,0,0,0,0,0,0,0,0,0,0,0,0,0,0,0,0,0,0
1312487,3.53936E+14,R5CX92RSEEN,Samsung,SM-F741B,Light Blue,256GB,Mobile phone,SM-F741BLBGEUB,REPAIRED,L2,IQC SKIPTouch screen not working,Replaced screen batteries and tapes,GH82-35143A,1,GH82-35141A,1,GH82-35024A,1,GH82-35023A,1,GH82-35014C,1,0,0,0,0,0,0,0,0,0,0,0,0,0,0,0,0,0,0,0,0
1312491,3.51451E+14,RFCX61JA30L,Samsung,SM-F956B/DS,White,,Mobile phone,SM-F956BZWBEUB,REPAIRED,UB,screen protector replacement and possible damage on the inne,"replaced screen, cover, batt and tapes",GH81-26062A,2,GH82-35139A,1,GH82-35046A,1,GH82-35138A,1,GH82-35137A,1,0,0,0,0,0,0,0,0,0,0,0,0,0,0,0,0,0,0,0,0
1312500,3.51451E+14,RFCX70AJHHH,Samsung,SM-F956B/DS,Light Pink,,Mobile phone,SM-F956BLIBEUB,REPAIRED,L1,Bubbling or lifting of the screen protector,"Replaced - Assy deco , SP",GH81-26062A,2,GH82-35137A,1,0,0,0,0,0,0,0,0,0,0,0,0,0,0,0,0,0,0,0,0,0,0,0,0,0,0
1312502,3.52648E+14,R5CY7203Q4P,Samsung,SM-F766B,Red,512GB,Mobile phone,SM-F766BZRHEUB,REPAIRED,UB,"There is no physical damage to the phone, it has always had","Replaced - screen, tapes, SP",GH81-27575A,2,GH82-37816A,1,GH82-37820A,1,GH82-37818A,1,GH82-37578A,1,0,0,0,0,0,0,0,0,0,0,0,0,0,0,0,0,0,0,0,0
1312505,3.53936E+14,R5CX702A6BY,Samsung,SM-F741B,Light Blue,256GB,Mobile phone,SM-F741BLBGEUB,REPAIRED,L2,Unable to IQC - No display and device is making a clicking s,"replaced†screen,†batteries,†tapes",GH82-35143A,1,GH82-35141A,1,GH82-35014C,1,GH82-35023A,1,GH82-35024A,1,0,0,0,0,0,0,0,0,0,0,0,0,0,0,0,0,0,0,0,0
1312517,3.51451E+14,RFCX71E197Y,Samsung,SM-F956B/DS,Silver,,Mobile phone,SM-F956BZSBEUB,REPAIRED,UB,IQC fail - black dot on the foldable area,"needs screen, tapes",GH82-35046A,1,GH82-35137A,1,GH82-35138A,1,GH82-35139A,1,GH81-26062A,2,0,0,0,0,0,0,0,0,0,0,0,0,0,0,0,0,0,0,0,0
1312522,3.53936E+14,R5CX71E5AAX,Samsung,SM-F741B,Light Blue,256GB,Mobile phone,SM-F741BLBGEUB,REPAIRED,L2,"Noisy hinge when opening, charging issuesCTC faultOCTA repla","Screen, frame, batteries, tapes replaced",GH82-35014C,1,GH82-35024A,1,GH82-35023A,1,GH82-35141A,1,GH82-35143A,1,0,0,0,0,0,0,0,0,0,0,0,0,0,0,0,0,0,0,0,0
1312529,3.52624E+14,R5CWC2M11YT,Samsung,SM-S928B/DS,Titanium,,Mobile phone,SM-S928BZTHEUB,REPAIRED,UB,.,Replaced screen tapes and cover,GH82-33544A,1,GH82-33385A,1,GH82-33349A,1,GH96-16497A,1,GH82-33391A,1,0,0,0,0,0,0,0,0,0,0,0,0,0,0,0,0,0,0,0,0
1312531,3.56278E+14,RFCY31X80ED,Samsung,SM-S938B/DS,Silver,,Mobile phone,SM-S938BZSDEUB,REPAIRED,L2,Main camera jitters when moving the phone around,Wide camera replaced,GH82-36520A,1,GH96-18164A,1,0,0,0,0,0,0,0,0,0,0,0,0,0,0,0,0,0,0,0,0,0,0,0,0,0,0
1312547,3.53936E+14,R5CX70LD72X,Samsung,SM-F741B,Silver,256GB,Mobile phone,SM-F741BZSGEUB,REPAIRED,L2,Unable to IQC - No display and device is making a clicking s,"replaced screen, batts, tapes",GH82-35023A,1,GH82-35014A,1,GH82-35024A,1,GH82-35141A,1,GH82-35143A,1,0,0,0,0,0,0,0,0,0,0,0,0,0,0,0,0,0,0,0,0
1312558,3.50829E+14,R58Y20V3ARP,Samsung,SM-A165F/DSB,Black,,Mobile phone,SM-A165FZKBEUB,REPAIRED,L2,Fingerprint sensor not working,Fingerprint sensor replaced,GH96-18611A,1,0,0,0,0,0,0,0,0,0,0,0,0,0,0,0,0,0,0,0,0,0,0,0,0,0,0,0,0
1312563,3.53936E+14,R5CX7344G9K,Samsung,SM-F741B,Silver,256GB,Mobile phone,SM-F741BZSGEUB,REPAIRED,UB,"Main screen is blank, no damage to the hinge or OLED, New OL",Main screen replaced,GH81-26035A,2,GH82-35143A,1,GH82-35141A,1,GH02-26374A,1,GH02-26398A,1,GH98-49714A,1,GH82-35145A,1,GH82-35022A,1,0,0,0,0,0,0,0,0,0,0,0,0,0,0
1312569,3.59413E+14,RZCX90BQJLK,Samsung,SM-F741B,Light Green,512GB,Mobile phone,SM-F741BLGHEUB,REPAIRED,UB,IQC Pass for Charging and battery drainScreen protector is m,Main screen replaced,GH98-49714A,1,GH02-26398A,1,GH02-26374A,1,GH82-35141A,1,GH82-35143A,1,GH81-26035A,2,GH81-15872A,1,GH81-26108A,1,0201-004132,1,GH82-35022A,1,0,0,0,0,0,0,0,0,0,0
1312573,3.53936E+14,R5CX71NLZBY,Samsung,SM-F741B,Silver,256GB,Mobile phone,SM-F741BZSGEUB,REPAIRED,L2,"Crack along the fold, screen bleed now over most of the disp","Screen, frame, batteries, tapes replaced",GH82-35143A,1,GH82-35141A,1,GH82-35023A,1,GH82-35024A,1,GH82-35014A,1,0,0,0,0,0,0,0,0,0,0,0,0,0,0,0,0,0,0,0,0
1312576,3.59413E+14,RZCX80LYMSA,Samsung,SM-F741B,Yellow,512GB,Mobile phone,SM-F741BZYHEUB,REPAIRED,L2,"Screen protector lifting, CTC noise from hinge, screen inter","Screen, frame, batteries, tapes replaced",GH82-35143A,1,GH82-35141A,1,GH82-35023A,1,GH82-35024A,1,GH82-35014B,1,0,0,0,0,0,0,0,0,0,0,0,0,0,0,0,0,0,0,0,0
1312583,3.53227E+14,RFCW80MZQTX,Samsung,SM-F946B/DS,Black,,Mobile phone,SM-F946BZKBEUB,REPAIRED,L1,OOW by dateCondition goodQuery: Screen Protector Replacement,Replaced - Screen Protector,GH81-23916A,1,0,0,0,0,0,0,0,0,0,0,0,0,0,0,0,0,0,0,0,0,0,0,0,0,0,0,0,0
1312584,3.50966E+14,RFCY7024GBN,Samsung,SM-F966B/DS,Black,,Mobile phone,SM-F966BZKBEUB,REPAIRED,L2,"Crack down the fold, main display not working, hinge not ful","Screen, frame, batteries, sub board, tapes replaced",GH82-38664C,1,GH82-37549A,1,GH82-37550A,1,GH82-38023A,1,GH82-37824A,1,GH82-37536A,1,GH82-37547A,1,0,0,0,0,0,0,0,0,0,0,0,0,0,0,0,0
1312594,3.53936E+14,R5CX7025NCN,Samsung,SM-F741B,Light Green,256GB,Mobile phone,SM-F741BLGGEUB,REPAIRED,L2,Main screen has TFE crack and screen bleedNo clear dents or,"Screen, frame, batteries, tapes replaced",GH82-35143A,1,GH82-35014D,1,GH82-35024A,1,GH82-35023A,1,GH82-35141A,1,0,0,0,0,0,0,0,0,0,0,0,0,0,0,0,0,0,0,0,0
1312597,3.51798E+14,R5CW70YRCAV,Samsung,SM-F731B,Yellow,512GB,Mobile phone,SM-F731BZYHEUB,REPAIRED,L2,OOE by dateCondition goodphone was not charging properly,screen and battery,GH82-35929A,1,GH82-31699A,1,GH82-31700A,1,GH82-31828E,1,GH82-35928A,1,GH42-06981A,1,0,0,0,0,0,0,0,0,0,0,0,0,0,0,0,0,0,0
1312607,3.59413E+14,RZCX82C556E,Samsung,SM-F741B,Silver,512GB,Mobile phone,SM-F741BZSHEUB,REPAIRED,L2,"no touch on main screen, noisy CTC when foldingNew OCTA need","Screen, frame, batteries, tapes replaced",GH82-35143A,1,GH82-35141A,1,GH82-35023A,1,GH82-35024A,1,GH82-35014A,1,0,0,0,0,0,0,0,0,0,0,0,0,0,0,0,0,0,0,0,0
1312612,3.50966E+14,RFGYA08G3ZY,Samsung,SM-F966B/DS,Silver,,Mobile phone,SM-F966BZSBEUB,REPAIRED,UB,UTG - Ultra Thin Glass DefectDevice has UTG/TFE crack at fol,"Replaced screens, tapes, sp, sim tray",GH81-15872A,1,GH98-50069A,1,GH81-27757A,2,GH82-38023A,1,GH82-37824A,1,GH82-37822A,1,GH82-37543A,1,GH82-37544A,1,0201-004132,1,GH81-26108A,1,0,0,0,0,0,0,0,0,0,0
1312849,3.51451E+14,RFCX70S2TPR,Samsung,SM-F956B/DS,Silver,,Mobile phone,SM-F956BZSBEUB,REPAIRED,UB,IW - hinge causing lines across screen- low hinge damage,replaced screen/ BG,GH82-35086A,1,GH81-26062A,2,GH82-35137A,1,GH82-35138A,1,GH82-35139A,1,GH82-35046A,1,0,0,0,0,0,0,0,0,0,0,0,0,0,0,0,0,0,0
1312884,3.51451E+14,RFCX70NTTRM,Samsung,SM-F956B/DS,Silver,,Mobile phone,SM-F956BZSBEUB,REPAIRED,L1,SP - Screen Protector Replacement,Screen protector replaced,GH81-26062A,2,0,0,0,0,0,0,0,0,0,0,0,0,0,0,0,0,0,0,0,0,0,0,0,0,0,0,0,0
1312889,3.50118E+14,RFCY70FJZGD,Samsung,SM-F966B/DS,Black,,Mobile phone,SM-F966BZKCEUB,REPAIRED,L2,IQC FAIL - WIRELESS POWER SHARING,"NEW MAINBAORD, NFC, TAPE AND PROTECTOR",GH42-07157A,1,GH82-37753A,1,GH82-37824A,1,GH81-27757A,2,0,0,0,0,0,0,0,0,0,0,0,0,0,0,0,0,0,0,0,0,0,0
1312895,3.53936E+14,R5CX82F16BL,Samsung,SM-F741B,White,256GB,Mobile phone,SM-F741BZWGEUB,REPAIRED,L2,Condition GoodMM OFF  No Power,"Repaired screen, frame, batteries, tapes",GH82-35014F,1,GH82-35023A,1,GH82-35141A,1,GH82-35143A,1,GH82-35024A,1,0,0,0,0,0,0,0,0,0,0,0,0,0,0,0,0,0,0,0,0
1312897,3.51166E+14,RFCXB0WR0XM,Samsung,SM-A356B/DS,Light Violet,,Mobile phone,SM-A356BLVBEUB,REPAIRED,UB,display not working,Replaced screen and battery,GH82-34224A,1,GH82-34228A,1,GH02-25711A,1,GH82-34539A,1,0,0,0,0,0,0,0,0,0,0,0,0,0,0,0,0,0,0,0,0,0,0
1312899,3.50798E+14,R5CY7282HWF,Samsung,SM-F766B,Red,256GB,Mobile phone,SM-F766BZRGEUB,REPAIRED,UB,when open the device there&apos;s dead pixel on the device.,replaced screen and tapes,GH82-37820A,1,GH82-37818A,1,GH82-37816A,1,GH82-37578A,1,GH81-27575A,1,0,0,0,0,0,0,0,0,0,0,0,0,0,0,0,0,0,0,0,0
1312905,3.50118E+14,RFCYA03YR2K,Samsung,SM-F966B/DS,Light Green,,Mobile phone,SM-F966BLGCEUB,REPAIRED,L2,Condition GoodMM ONDamaged screen + screen bleed + hinge dam,"Repaired screen, frame, batteries, tapes",GH82-37550A,1,GH82-37549A,1,GH82-37548D,1,GH82-37824A,1,GH82-38023A,1,0,0,0,0,0,0,0,0,0,0,0,0,0,0,0,0,0,0,0,0
1312907,3.50798E+14,R5CY81N4TYR,Samsung,SM-F766B,Red,256GB,Mobile phone,SM-F766BZRGEUB,REPAIRED,UB,Condition GoodMM OFF  Damaged screen + flickering screen,"Repaired screen, tapes",GH82-37578A,1,GH82-37816A,1,GH82-37820A,1,GH82-37818A,1,GH81-27575A,2,0,0,0,0,0,0,0,0,0,0,0,0,0,0,0,0,0,0,0,0
1312909,3.51337E+14,R5CX71BCF8P,Samsung,SM-F741B,Silver,512GB,Mobile phone,SM-F741BZSHEUB,REPAIRED,L2,OOW Impact DamagePuncture in the displayCondition: FairQuery,"OCTA, batteries and tapes",GH82-35143A,1,GH82-35141A,1,GH82-35023A,1,GH82-35024A,1,GH82-35014A,1,0,0,0,0,0,0,0,0,0,0,0,0,0,0,0,0,0,0,0,0
1312911,3.53227E+14,R3CW70FCVEV,Samsung,SM-F946B/DS,Black,,Mobile phone,SM-F946BZKBEUB,REPAIRED,L2,IQC skipped - no touchscreen,"New screen, batts and tapes",GH81-24686A,1,GH81-24613A,1,GH82-31846A,1,GH82-31847A,1,GH82-31843A,1,0,0,0,0,0,0,0,0,0,0,0,0,0,0,0,0,0,0,0,0
1312916,3.51337E+14,R5CX701JXAX,Samsung,SM-F741B,Yellow,512GB,Mobile phone,SM-F741BZYHEUB,REPAIRED,L2,The phone was dropped and the screen started off pixelated t,"replaced screen, batts and tapes",GH82-35143A,1,GH82-35141A,1,GH82-35023A,1,GH82-35024A,1,GH82-35014B,1,0,0,0,0,0,0,0,0,0,0,0,0,0,0,0,0,0,0,0,0
1312921,3.5093E+14,R5CW91FB33Z,Samsung,SM-F731B,Light Pink,256GB,Mobile phone,SM-F731BLIGEUB,REPAIRED,UB,Condition GoodMM ONDamaged screen + lumps on screen to big,"Repaired screen, tapes",GH82-32951A,1,GH82-34625A,1,GH82-35929A,1,GH82-34235A,1,GH81-23854A,2,0,0,0,0,0,0,0,0,0,0,0,0,0,0,0,0,0,0,0,0
1312927,3.54181E+14,RFCY80FFK2E,Samsung,SM-S931B/DS,Gold,,Mobile phone,SM-S931BZDGEUB,REPAIRED,L2,IQC skipped - moisture detected/ power issuesWe advise custo,Replaced - Charging port and Kit. We advise customer to replace his ch,GH96-18238A,1,GH82-36333A,1,GH82-36476A,1,0,0,0,0,0,0,0,0,0,0,0,0,0,0,0,0,0,0,0,0,0,0,0,0
1312945,3.53936E+14,R5CX633GJKY,Samsung,SM-F741B,Light Blue,256GB,Mobile phone,SM-F741BLBGEUB,REPAIRED,L2,"Screen went blank after update, crunchy hinge","replaced screen, cover, batt and tapes",GH82-35014C,1,GH82-35024A,1,GH82-35023A,1,GH82-35141A,1,GH82-35143A,1,GH82-35182C,1,0,0,0,0,0,0,0,0,0,0,0,0,0,0,0,0,0,0
1312947,3.50798E+14,R5CYA2K7H3R,Samsung,SM-F766B,Dark Blue,256GB,Mobile phone,SM-F766BDBGEUB,REPAIRED,L2,OOW due to cover and screen damagecondition fairIssue- Scree,"Screen, frame, batteries.",GH82-37582A,1,GH82-38794A,1,GH82-37583A,1,GH82-37820A,1,GH82-37818A,1,0,0,0,0,0,0,0,0,0,0,0,0,0,0,0,0,0,0,0,0
1312959,3.51337E+14,R5CX70WLNAE,Samsung,SM-F741B,Light Green,512GB,Mobile phone,SM-F741BLGHEUB,REPAIRED,L2,"The inner screen started failing, after a system&apos;s upda","replaced screen, batts and tapes",GH82-35141A,1,GH82-35023A,1,GH82-35024A,1,GH82-35143A,1,GH82-35014D,1,0,0,0,0,0,0,0,0,0,0,0,0,0,0,0,0,0,0,0,0
1312961,3.53936E+14,R5CX72LT98P,Samsung,SM-F741B,Silver,256GB,Mobile phone,SM-F741BZSGEUB,REPAIRED,L2,the screen has a dead pixel,"replaced screen, batts and tapes",GH82-35014A,1,GH82-35024A,1,GH82-35023A,1,GH82-35141A,1,GH82-35143A,1,0,0,0,0,0,0,0,0,0,0,0,0,0,0,0,0,0,0,0,0
1312963,3.50118E+14,RFGYB267WNL,Samsung,SM-F966B/DS,Silver,,Mobile phone,SM-F966BZSCEUB,REPAIRED,L2,OOW due to broken sub screenCondition goodThe screen has bee,"replaced sub screen, tape",GH82-37544A,1,GH82-38023A,1,0,0,0,0,0,0,0,0,0,0,0,0,0,0,0,0,0,0,0,0,0,0,0,0,0,0
1312968,3.59413E+14,RZCX82A63KK,Samsung,SM-F741B,Light Blue,512GB,Mobile phone,SM-F741BLBHEUB,REPAIRED,L2,IW - main screen not working - no hinge damage or damage to,"REPLACED - screen, batteries, tapes. front camera",GH82-35014C,1,GH82-35024A,1,GH82-35023A,1,GH82-35141A,1,GH82-35143A,1,GH96-15978A,1,0,0,0,0,0,0,0,0,0,0,0,0,0,0,0,0,0,0
1312983,3.51451E+14,RFCX71E3A1B,Samsung,SM-F956B/DS,Dark Blue,,Mobile phone,SM-F956BDBBEUB,REPAIRED,L2,"TFE crack, hinge doesnt open fully, high hinge damage Quote","Screen, frame, batteries, tapes replaced",GH82-35042C,1,GH82-35048A,1,GH82-35049A,1,GH82-35139A,1,GH82-35138A,1,0,0,0,0,0,0,0,0,0,0,0,0,0,0,0,0,0,0,0,0
1312987,3.51337E+14,R5CX90VBF2Y,Samsung,SM-F741B,Coral,512GB,Mobile phone,SM-F741BZOHEUB,REPAIRED,L2,IW- device wont close fully,"replaced - screen, batteries, tapes",GH82-35143A,1,GH82-35141A,1,GH82-35023A,1,GH82-35024A,1,GH82-35014F,1,0,0,0,0,0,0,0,0,0,0,0,0,0,0,0,0,0,0,0,0
1313190,3.52648E+14,R5CY71K4CZM,Samsung,SM-F766B,Dark Blue,512GB,Mobile phone,SM-F766BDBHEUB,REPAIRED,UB,green line cross the screenIQC - fail,"Replaced screen, tapes, sp",GH81-27575A,2,GH82-37818A,1,GH82-37820A,1,GH82-37578A,1,GH82-37816A,1,0,0,0,0,0,0,0,0,0,0,0,0,0,0,0,0,0,0,0,0
1313210,3.50118E+14,RFCY71DADMK,Samsung,SM-F966B/DS,Silver,,Mobile phone,SM-F966BZSCEUB,REPAIRED,L1,The screen protector on the inside screen is bubbling in 3 a,SP - Screen protector replacement,GH81-27757A,2,0,0,0,0,0,0,0,0,0,0,0,0,0,0,0,0,0,0,0,0,0,0,0,0,0,0,0,0
1313287,3.50966E+14,RFCY70XTCPP,Samsung,SM-F966B/DS,Dark Blue,,Mobile phone,SM-F966BDBBEUB,REPAIRED,L2,Condition GoodDamaged screen,"Repaired cover screen, connector, tapes",GH82-37544A,1,GH82-38023A,1,GH82-37824A,1,GH82-37541A,1,0,0,0,0,0,0,0,0,0,0,0,0,0,0,0,0,0,0,0,0,0,0
1313292,3.53936E+14,R5CX92MGTRA,Samsung,SM-F741B,Light Blue,256GB,Mobile phone,SM-F741BLBGEUB,REPAIRED,L2,.,Replaced screen batteries and tapes,GH82-35141A,1,GH82-35143A,1,GH82-35023A,1,GH82-35024A,1,GH82-35014C,1,0,0,0,0,0,0,0,0,0,0,0,0,0,0,0,0,0,0,0,0
1313294,3.53936E+14,R5CX71E63ME,Samsung,SM-F741B,Light Blue,256GB,Mobile phone,SM-F741BLBGEUB,REPAIRED,UB,OOW Impact DAmagePunctures in the displayCondition: FairQuer,Replaced OLED and tapes,GH82-35145A,1,GH81-26035A,2,GH82-35143A,1,GH82-35141A,1,GH82-35022A,1,0,0,0,0,0,0,0,0,0,0,0,0,0,0,0,0,0,0,0,0
1313298,3.51496E+14,R5CY81NCSQV,Samsung,SM-F761B,Black,128GB,Mobile phone,SM-F761BZKGEUB,REPAIRED,L2,Moisture detected,"replaced sub pba, tapes and sp",GH96-19730A,1,GH82-35143A,1,GH81-27995A,2,0,0,0,0,0,0,0,0,0,0,0,0,0,0,0,0,0,0,0,0,0,0,0,0
1313300,3.52624E+14,R5CWC2M175A,Samsung,SM-S928B/DS,Titanium,,Mobile phone,SM-S928BZTHEUB,REPAIRED,UB,IQC - FAIL - PIXEL SMEARING DUE TO SCRATCHESQUERY -  LIGHT C,NEW SCREEN AND TAPES,GH82-33392A,1,GH82-33544A,1,GH82-33385A,1,0,0,0,0,0,0,0,0,0,0,0,0,0,0,0,0,0,0,0,0,0,0,0,0
1313303,3.53936E+14,R5CX71KD7LY,Samsung,SM-F741B,Light Blue,256GB,Mobile phone,SM-F741BLBGEUB,REPAIRED,L2,Condition GoodMM OFF  Black screen CTC issue,"Repaired screen, frame, batteries, tapes",GH82-35143A,1,GH82-35141A,1,GH82-35024A,1,GH82-35023A,1,GH82-35014C,1,0,0,0,0,0,0,0,0,0,0,0,0,0,0,0,0,0,0,0,0
1313311,3.51451E+14,RFCX61LXYLR,Samsung,SM-F956B/DS,Absolute Black,,Mobile phone,SM-F956BAKBEUB,REPAIRED,UB,The inner screen fold this morning randomly had ink lines wh,screen,GH81-26062A,1,GH82-35139A,1,GH82-35138A,1,GH82-35137A,1,GH82-35046A,1,0,0,0,0,0,0,0,0,0,0,0,0,0,0,0,0,0,0,0,0
1313312,3.50118E+14,RFCY70RJFQN,Samsung,SM-F966B/DS,Black,,Mobile phone,SM-F966BZKCEUB,REPAIRED,UB,IW - main screen touch not responsive query -My z fold scree,replaced- screen,GH82-37543A,1,GH81-27757A,2,GH82-37822A,1,GH82-38023A,1,GH82-37824A,1,0,0,0,0,0,0,0,0,0,0,0,0,0,0,0,0,0,0,0,0
1313318,3.56381E+14,RZCY80WXWGA,Samsung,SM-A166B/DS,Black,,Mobile phone,SM-A166BZKDEEE,REPAIRED,L2,Unable to place calls,Bridge flex cable and tapes,GH81-26599A,1,GH82-36147A,1,0,0,0,0,0,0,0,0,0,0,0,0,0,0,0,0,0,0,0,0,0,0,0,0,0,0
1313325,3.53936E+14,R5CX618H88N,Samsung,SM-F741B,Silver,256GB,Mobile phone,SM-F741BZSGEUB,REPAIRED,L2,Touch screen became unresponsive screen still displays an im,"Replaced octa, batteries, tapes",GH82-35143A,1,GH82-35141A,1,GH82-35024A,1,GH82-35023A,1,GH82-35014A,1,0,0,0,0,0,0,0,0,0,0,0,0,0,0,0,0,0,0,0,0
1313330,3.5722E+14,RZCXC0M6TXA,Samsung,SM-F956B/DS,Light Pink,,Mobile phone,SM-F956BLICEUB,REPAIRED,UB,The front screen is playing up. When you press an app to ope,"Replaced†-†Screen,†sub†pba,†frame, batts, deco†and†re-work†kits.",GH82-35137A,1,GH82-35048A,1,GH82-35049A,1,GH82-35044B,1,GH82-35039A,1,GH81-26062A,2,GH82-35139A,1,GH82-35138A,1,GH82-35046A,1,0,0,0,0,0,0,0,0,0,0,0,0
1313331,3.50966E+14,RFCY70472NN,Samsung,SM-F966B/DS,Dark Blue,,Mobile phone,SM-F966BDBBEUB,REPAIRED,UB,"QUERY: WHEN YOU UNFOLD THE DEVICE, THE LEFT-HAND SIDE OF THE","REPLACED SCREEN, TAPES, SP",GH82-37543A,1,GH82-37822A,1,GH82-38023A,1,GH82-37824A,1,GH81-27757A,2,0,0,0,0,0,0,0,0,0,0,0,0,0,0,0,0,0,0,0,0
1313332,3.51451E+14,RFCX61MYT7D,Samsung,SM-F956B/DS,Silver,,Mobile phone,SM-F956BZSBEUB,REPAIRED,UB,Query: My screen is just showing a completely black displayU,"Replaced screen, tapes, sp",GH82-35046A,1,GH82-35139A,1,GH82-35138A,1,GH81-26062A,2,GH82-35137A,1,0,0,0,0,0,0,0,0,0,0,0,0,0,0,0,0,0,0,0,0
1313335,3.51202E+14,R5CY243M9MF,Samsung,SM-S938B/DS,Black,,Mobile phone,SM-S938BZKGEUB,REPAIRED,L2,cx called because the speaker of his phone is cracklingIQC =,"replaced speaker, sub pba, tape",GH82-36520A,1,GH96-18321A,1,GH96-18767A,1,0,0,0,0,0,0,0,0,0,0,0,0,0,0,0,0,0,0,0,0,0,0,0,0
1313337,3.50966E+14,RFCY70XNPSZ,Samsung,SM-F966B/DS,Black,,Mobile phone,SM-F966BZKBEUB,REPAIRED,L2,OOW Impact DamageCracked SubLCDCondition: FairQuery: Physica,Sub screen replaced.,GH82-37544A,1,GH82-37823A,1,0,0,0,0,0,0,0,0,0,0,0,0,0,0,0,0,0,0,0,0,0,0,0,0,0,0
1313338,3.5093E+14,R3CWC0GSMRY,Samsung,SM-F731B,Grey,256GB,Mobile phone,SM-F731BZAGEUB,REPAIRED,L2,black spot on screen large dent on hinge oow,†screen†batteries†and†tapes,GH82-31827A,1,GH82-31700A,1,GH82-31699A,1,GH82-35929A,1,GH81-24680A,1,0,0,0,0,0,0,0,0,0,0,0,0,0,0,0,0,0,0,0,0
1313342,3.51451E+14,RFCX70S3C6V,Samsung,SM-F956B/DS,Silver,,Mobile phone,SM-F956BZSBEUB,REPAIRED,L2,QUERY - I accidentally dropped my mobile phone onto the grou,"New screen, batts, tapes and cover",GH82-35048A,1,GH82-35086A,1,GH82-35049A,1,GH82-35138A,1,GH82-35139A,1,GH82-35042A,1,0,0,0,0,0,0,0,0,0,0,0,0,0,0,0,0,0,0
1313347,3.53936E+14,R5CX712E4YE,Samsung,SM-F741B,Light Green,256GB,Mobile phone,SM-F741BLGGEUB,REPAIRED,L1,Condition GoodMM ONSP + DECO,"Repaired deco, sp",GH82-35145A,1,GH81-26035A,2,0,0,0,0,0,0,0,0,0,0,0,0,0,0,0,0,0,0,0,0,0,0,0,0,0,0
1313365,3.51337E+14,R5CX81CWA3E,Samsung,SM-F741B,Absolute Black,512GB,Mobile phone,SM-F741BAKHEUB,REPAIRED,UB,IQC - FAIL - PIXELS RIGHT SIDEQUERY - LINES ACROSS THE SCREE,"NEW SCREEN, TAPES, DECO AND PROTECTOR",GH81-26035A,2,GH82-35141A,1,GH82-35022A,1,GH82-35143A,1,GH82-35145A,1,0,0,0,0,0,0,0,0,0,0,0,0,0,0,0,0,0,0,0,0
1313367,3.53936E+14,R5CX72NZW1M,Samsung,SM-F741B,Light Blue,256GB,Mobile phone,SM-F741BLBGEUB,REPAIRED,L2,"TOUCH SCREEN NOT WORKING, NO RESPONSE TO TOUCH","replaced screen, batts and tapes",GH82-35141A,1,GH82-35014C,1,GH82-35143A,1,GH82-35023A,1,GH82-35024A,1,0,0,0,0,0,0,0,0,0,0,0,0,0,0,0,0,0,0,0,0
1313369,3.53936E+14,R5CXB24AQWL,Samsung,SM-F741B,Absolute Black,256GB,Mobile phone,SM-F741BAKGEUB,REPAIRED,L1,Replacement screen protector,Replacement screen protector,GH81-26035A,2,0,0,0,0,0,0,0,0,0,0,0,0,0,0,0,0,0,0,0,0,0,0,0,0,0,0,0,0
1313376,3.53936E+14,R5CX7027HEM,Samsung,SM-F741B,Light Green,256GB,Mobile phone,SM-F741BLGGEUB,REPAIRED,L2,Device has no power,Replaced screen batteries and tapes,GH82-35143A,1,GH82-35141A,1,GH82-35023A,1,GH82-35024A,1,GH82-35014D,1,0,0,0,0,0,0,0,0,0,0,0,0,0,0,0,0,0,0,0,0
1313378,3.53936E+14,R5CX727YC7V,Samsung,SM-F741B,Absolute Black,256GB,Mobile phone,SM-F741BAKGEUB,REPAIRED,L2,QUERY:  Opened the phone and it was totally black,"New screen, batts and tapes",GH82-35024A,1,GH82-35023A,1,GH82-35143A,1,GH82-35141A,1,GH82-35014E,1,0,0,0,0,0,0,0,0,0,0,0,0,0,0,0,0,0,0,0,0
1313380,3.53936E+14,R5CX70930GB,Samsung,SM-F741B,Silver,256GB,Mobile phone,SM-F741BZSGEUB,REPAIRED,L2,"[Defect HW, SW, App]",Replaced screen batteries and tapes,GH82-35024A,1,GH82-35143A,1,GH82-35141A,1,GH82-35023A,1,GH82-35014A,1,GH82-35182A,1,0,0,0,0,0,0,0,0,0,0,0,0,0,0,0,0,0,0
1313387,3.55195E+14,R5CWC37NAWZ,Samsung,SM-S711B/DS,Grey,,Mobile phone,SM-S711BZADEUB,REPAIRED,UB,"[Defect HW, SW, App]","Replaced oled, frame, battery, cover, tapes",GH82-33170A,1,GH96-16217A,1,GH82-32787A,1,GH82-32860A,1,GH82-32856A,1,GH82-32857A,1,0,0,0,0,0,0,0,0,0,0,0,0,0,0,0,0,0,0
1313388,3.50798E+14,R5CY81GPLAK,Samsung,SM-F766B,Black,256GB,Mobile phone,SM-F766BZKGEUB,REPAIRED,L2,OOW Impact DamagePuncture in the display; No SPCondition: Go,"Screen, frame, batteries, tapes replaced",GH82-37818A,1,GH82-37820A,1,GH82-37582A,1,GH82-37583A,1,GH82-38794C,1,0,0,0,0,0,0,0,0,0,0,0,0,0,0,0,0,0,0,0,0
1313390,3.58224E+14,RZCX828RP7D,Samsung,SM-F741B,Light Green,256GB,Mobile phone,SM-F741BLGGEUB,REPAIRED,L2,Damage Along the Foldable Line,"replaced screen, batts and tapes",GH82-35014D,1,GH82-35024A,1,GH82-35023A,1,GH82-35141A,1,GH82-35143A,1,0,0,0,0,0,0,0,0,0,0,0,0,0,0,0,0,0,0,0,0
1313391,3.58224E+14,RZCX80D5TNM,Samsung,SM-F741B,Light Blue,256GB,Mobile phone,SM-F741BLBGEUB,REPAIRED,L2,The issue is clearly visible during hinge movement Unable to,"replaced octa, batteries, tapes",GH82-35143A,1,GH82-35141A,1,GH82-35024A,1,GH82-35014C,1,GH82-35023A,1,0,0,0,0,0,0,0,0,0,0,0,0,0,0,0,0,0,0,0,0
1313407,3.55929E+14,RFCW404LCJF,Samsung,SM-S918B/DS,Green,,Mobile phone,SM-S918BZGDEUB,REPAIRED,UB,crcked screen],Replaced screen usb and tapes,GH96-15658C,1,GH82-30400C,1,GH96-15621A,1,GH82-33783A,1,GH81-24724A,1,0,0,0,0,0,0,0,0,0,0,0,0,0,0,0,0,0,0,0,0
1313409,3.51788E+14,RFCXA0ZHBBE,Samsung,SM-F956B/DS,White,,Mobile phone,SM-F956BZWCEUB,REPAIRED,UB,.,"Replaced screens, frame, batteries, cover, tapes, sp",GH82-35086E,1,GH82-35047A,1,GH82-35048A,1,GH82-35049A,1,GH82-35044E,1,GH82-35139A,1,GH82-35138A,1,GH82-35137A,1,GH81-26062A,2,GH82-35046A,1,0,0,0,0,0,0,0,0,0,0
1313411,3.51337E+14,R5CX639MH8E,Samsung,SM-F741B,Absolute Black,512GB,Mobile phone,SM-F741BAKHEUB,REPAIRED,UB,Condition Good,"Repaired screen, tapes",GH82-35182E,1,GH82-35022A,1,GH82-35141A,1,GH82-35143A,1,GH81-26035A,2,GH82-35145A,1,0,0,0,0,0,0,0,0,0,0,0,0,0,0,0,0,0,0
1313412,3.52648E+14,R5CY721QZLJ,Samsung,SM-F766B,Dark Blue,512GB,Mobile phone,SM-F766BDBHEUB,REPAIRED,L2,IQC fail - WPS  / CTC issue and lines across the screen,"replaced screen, batts, tapes",GH82-37820A,1,GH82-37818A,1,GH82-37582A,1,GH82-37583A,1,GH82-38794A,1,0,0,0,0,0,0,0,0,0,0,0,0,0,0,0,0,0,0,0,0
1313414,3.51798E+14,R5CW80DL4AD,Samsung,SM-F731B,Grey,512GB,Mobile phone,SM-F731BZAHEUB,REPAIRED,L2,The flip screen does not work.... there is no external damag,"replaced screen, batts and tapes",GH82-31700A,1,GH82-31699A,1,GH82-35929A,1,GH82-31828A,1,GH81-26529A,1,0,0,0,0,0,0,0,0,0,0,0,0,0,0,0,0,0,0,0,0
1313415,3.51788E+14,RFCX70CVRLH,Samsung,SM-F956B/DS,Silver,,Mobile phone,SM-F956BZSCEUB,REPAIRED,UB,Phone black and white inner screen has line,replaced screen,GH82-35046A,1,GH82-35137A,1,GH82-35138A,1,GH82-35139A,1,GH81-26062A,2,0,0,0,0,0,0,0,0,0,0,0,0,0,0,0,0,0,0,0,0
1313424,3.50078E+14,R5CT81QTHGL,Samsung,SM-F721B,Grey,128GB,Mobile phone,SM-F721BZAGEUB,REPAIRED,L1,OOW by dateCondition goodDescription: Bubbling peeling off,sp replacement,GH81-22424A,2,0,0,0,0,0,0,0,0,0,0,0,0,0,0,0,0,0,0,0,0,0,0,0,0,0,0,0,0
1313426,3.50966E+14,RFCY917BDTR,Samsung,SM-F966B/DS,Black,,Mobile phone,SM-F966BZKBEUB,REPAIRED,L2,.,"Replaced octa, batteries, front screen, tapes",GH82-37824A,1,GH82-37544A,1,GH82-38023A,1,GH82-37549A,1,GH82-37550A,1,GH82-38664C,1,0,0,0,0,0,0,0,0,0,0,0,0,0,0,0,0,0,0
1313433,3.53936E+14,R5CX63G9L3X,Samsung,SM-F741B,Yellow,256GB,Mobile phone,SM-F741BZYGEUB,REPAIRED,L2,.,Replaced screen batteries and tapes,GH82-35014B,1,GH82-35143A,1,GH82-35141A,1,GH82-35023A,1,GH82-35024A,1,0,0,0,0,0,0,0,0,0,0,0,0,0,0,0,0,0,0,0,0
1313438,3.51798E+14,R5CW80Y5TCD,Samsung,SM-F731B,Yellow,512GB,Mobile phone,SM-F731BZYHEUB,REPAIRED,L1,OOW by dateCondition goodInner screen protector just started,"front screen protector is lifting also deco is damage , Replaced  fron",GH82-34625A,1,GH81-23854A,1,0,0,0,0,0,0,0,0,0,0,0,0,0,0,0,0,0,0,0,0,0,0,0,0,0,0
1313441,3.5093E+14,R5CW91CKVJT,Samsung,SM-F731B,Beige,256GB,Mobile phone,SM-F731BZEGEUB,REPAIRED,UB,OOW by dateCondition goodMain screen perished itselfmain scr,"replaced OLED, Tapes and Screen protector",GH81-23854A,2,GH82-34625A,1,GH82-35929A,1,GH82-35928A,1,GH82-32951A,1,0,0,0,0,0,0,0,0,0,0,0,0,0,0,0,0,0,0,0,0
1313451,3.53227E+14,RFCW90GFKYN,Samsung,SM-F946B/DS,Light Blue,,Mobile phone,SM-F946BLBBEUB,REPAIRED,L2,OOW By dateCondition: FairQuery: The external Screen and int,"Damage screen and sub screen as well , faulty frame does not fully ope",GH82-31846A,1,GH82-31847A,1,GH82-31843C,1,GH81-24613A,1,GH82-31849A,1,0,0,0,0,0,0,0,0,0,0,0,0,0,0,0,0,0,0,0,0
1313453,3.50526E+14,R5CT80QFFWN,Samsung,SM-F721B,Grey,256GB,Mobile phone,SM-F721BZAHEUB,REPAIRED,L2,"OOW by dateCondition goode screen broke at the fold,Internal","Repalced OCTA, rear cameras, Batteries, repair tapes and screws and sc",GH98-47715A,1,GH82-35082A,1,GH82-35083A,1,GH81-22424A,2,GH96-15298A,1,GH96-15321A,1,GH82-30238A,1,GH82-29434A,1,GH82-29433A,1,0,0,0,0,0,0,0,0,0,0,0,0
1313466,3.57233E+14,RZCX60EG23F,Samsung,SM-S928B/DS,Black,,Mobile phone,SM-S928BZKHEUB,REPAIRED,UB,Replaced screen usb and ctc,Replaced screen usb and ctc,GH82-33390A,1,GH82-33385A,1,GH96-16497A,1,GH82-33544A,1,GH82-33392A,1,0,0,0,0,0,0,0,0,0,0,0,0,0,0,0,0,0,0,0,0
1313647,3.50118E+14,RFCY70LHMLR,Samsung,SM-F966B/DS,Black,,Mobile phone,SM-F966BZKCEUB,REPAIRED,UB,"Half the screen is black, the other side alternates between",Main screen replaced,GH82-37822A,2,GH81-27757A,2,GH82-37824A,1,GH82-38023A,1,GH82-37543A,1,0,0,0,0,0,0,0,0,0,0,0,0,0,0,0,0,0,0,0,0
1313654,3.51788E+14,RFCX71FZBFX,Samsung,SM-F956B/DS,Absolute Black,,Mobile phone,SM-F956BAKCEUB,REPAIRED,L2,QUERY: The customer is calling in because the inner screen i,"Replaced octa, batteries, tapes",GH82-35049A,1,GH82-35042D,1,GH82-35048A,1,GH82-35139A,1,GH82-35138A,1,0,0,0,0,0,0,0,0,0,0,0,0,0,0,0,0,0,0,0,0
1313655,3.51451E+14,RFCX7106RHV,Samsung,SM-F956B/DS,Absolute Black,,Mobile phone,SM-F956BAKBEUB,REPAIRED,L2,SAW - medium damage to corners of hinge- TFE crack down main,"replaced octa, batteries and tapes",GH82-35138A,1,GH82-35139A,1,GH82-35049A,1,GH82-35048A,1,GH82-35042D,1,0,0,0,0,0,0,0,0,0,0,0,0,0,0,0,0,0,0,0,0
1313656,3.58671E+14,R8YWB1NK1TM,Samsung,SM-A145R/DSN,Black,,Mobile phone,SM-A145RZKUEUB,REPAIRED,L2,Screen is unresponsive sometimesUnable to IQC - intermittent,"replaced octa, battery",GH81-23541A,1,GH81-23539A,1,0,0,0,0,0,0,0,0,0,0,0,0,0,0,0,0,0,0,0,0,0,0,0,0,0,0
1313659,3.53936E+14,R5CX8308VZP,Samsung,SM-F741B,Coral,256GB,Mobile phone,SM-F741BZOGEUB,REPAIRED,L1,Condition GoodMM OFF  SP + DECO,"Repaired deco, sp",GH82-35145A,1,GH81-26035A,2,0,0,0,0,0,0,0,0,0,0,0,0,0,0,0,0,0,0,0,0,0,0,0,0,0,0
1313661,3.51885E+14,R3CX3058PSX,Samsung,SM-S928B/DS,Yellow,,Mobile phone,SM-S928BZYGEUB,REPAIRED,UB,"Device would not charge, there seems to be water inside, the","replaced screen, frame, batt, sub pba and tapes",GH82-33387A,1,GH82-33392A,1,GH96-16497A,1,GH82-33399C,1,GH82-33385A,1,GH82-33544A,1,0,0,0,0,0,0,0,0,0,0,0,0,0,0,0,0,0,0
1313662,3.54484E+14,R5CW228RC4W,Samsung,SM-S918B/DS,Light Blue,,Mobile phone,SM-S918BLBHEUB,REPAIRED,UB,The device droped and screen is cracked,new†screen†and†tapes,GH82-33783A,1,GH81-24724A,1,GH81-24723A,1,0,0,0,0,0,0,0,0,0,0,0,0,0,0,0,0,0,0,0,0,0,0,0,0
1313663,3.51337E+14,R5CX70NM6NL,Samsung,SM-F741B,Silver,512GB,Mobile phone,SM-F741BZSHEUB,REPAIRED,L2,My Galaxy Z Flip 6 ha s a lifting inner screen protector alo,screen and battery,GH82-35014A,1,GH82-35024A,1,GH82-35023A,1,GH82-35141A,1,GH82-35143A,1,0,0,0,0,0,0,0,0,0,0,0,0,0,0,0,0,0,0,0,0
1313664,3.51273E+14,R5CXA0C63GE,Samsung,SM-S721B/DS,Light Green,,Mobile phone,SM-S721BLGDEUB,REPAIRED,UB,Son was pushed over and his phone dropped out of his hand,"New screen, frame, battery and tapes",GH82-35850A,1,GH82-35851B,1,GH82-35930A,1,GH82-35853A,1,0,0,0,0,0,0,0,0,0,0,0,0,0,0,0,0,0,0,0,0,0,0
1313667,3.53936E+14,R5CX7344T7J,Samsung,SM-F741B,Silver,256GB,Mobile phone,SM-F741BZSGEUB,REPAIRED,L2,Condition GoodMM OFF  No Power,"Repaired screen, frame, batteries, tapes",GH82-35023A,1,GH82-35014A,1,GH82-35024A,1,GH82-35143A,1,GH82-35141A,1,0,0,0,0,0,0,0,0,0,0,0,0,0,0,0,0,0,0,0,0
1313676,3.53936E+14,R5CX70X42BW,Samsung,SM-F741B,Light Green,256GB,Mobile phone,SM-F741BLGGEUB,REPAIRED,L2,Condition GoodBlack screen CTC issue + Yellow sub screen,"Repaired screen, frame, batteries, tapes, cover screen",GH82-35141A,1,GH82-35143A,1,GH82-35024A,1,GH82-35023A,1,GH82-35014D,1,GH97-30012D,1,0,0,0,0,0,0,0,0,0,0,0,0,0,0,0,0,0,0
1313678,3.54741E+14,RZCX60B67FM,Samsung,SM-S928B/DS,Violet,,Mobile phone,SM-S928BZVGEUB,REPAIRED,L2,"Foreign material in USB port warning, cannot charge device o","Charge port, tele camera, tape replaced",GH96-16497A,1,GH82-33392A,1,GH96-16302A,1,0,0,0,0,0,0,0,0,0,0,0,0,0,0,0,0,0,0,0,0,0,0,0,0
1313680,3.59413E+14,RZCX82A6SND,Samsung,SM-F741B,Light Blue,512GB,Mobile phone,SM-F741BLBHEUB,REPAIRED,L2,Condition GoodMM OFF  UTG crack causing black screen,"Repaired screen, frame, batteries, tapes",GH82-35141A,1,GH82-35143A,1,GH82-35024A,1,GH82-35023A,1,GH82-35014C,1,0,0,0,0,0,0,0,0,0,0,0,0,0,0,0,0,0,0,0,0
1313690,3.50118E+14,RFCYA0EQVDE,Samsung,SM-F966B/DS,Silver,,Mobile phone,SM-F966BZSCEUB,REPAIRED,L2,Device main screen kept displaying one sided when trying to,"New-main screen, batteries, tapes",GH82-38023A,1,GH82-37550A,1,GH82-37549A,1,GH82-37548A,1,0,0,0,0,0,0,0,0,0,0,0,0,0,0,0,0,0,0,0,0,0,0
1313692,3.58224E+14,RZCX80D6RWB,Samsung,SM-F741B,Light Green,256GB,Mobile phone,SM-F741BLGGEUB,REPAIRED,L2,Condition GoodMM OFF  Black screen CTC issue,"Repaired screen, frame, batteries, tapes",GH82-35024A,1,GH82-35141A,1,GH82-35143A,1,GH82-35014D,1,GH82-35023A,1,0,0,0,0,0,0,0,0,0,0,0,0,0,0,0,0,0,0,0,0
1313693,3.50118E+14,RFCY719K8BT,Samsung,SM-F966B/DS,Silver,,Mobile phone,SM-F966BZSCEUB,REPAIRED,UB,IW - main display not working,replaced both screens,GH82-37543A,1,GH81-27757A,2,GH82-38023A,1,GH82-37544A,1,GH82-37822A,1,GH82-37824A,1,0,0,0,0,0,0,0,0,0,0,0,0,0,0,0,0,0,0
1313699,3.50966E+14,RFCY70RNSXA,Samsung,SM-F966B/DS,Dark Blue,,Mobile phone,SM-F966BDBBEUE,REPAIRED,UB,IW - MAIN SCREEN HAS NO DIPLAY AND GREEN LINE RHS,REPLACED - SCREEN,GH82-37543A,1,GH81-27757A,2,GH82-38023A,1,GH82-37824A,1,GH82-37822A,1,0,0,0,0,0,0,0,0,0,0,0,0,0,0,0,0,0,0,0,0
1313700,3.51496E+14,R5CY648EDSH,Samsung,SM-F761B,Black,128GB,Mobile phone,SM-F761BZKGEUB,REPAIRED,IP,SP - Screen Protector Replacement,Screen protector replaced,GH81-27995A,1,0,0,0,0,0,0,0,0,0,0,0,0,0,0,0,0,0,0,0,0,0,0,0,0,0,0,0,0
1313705,3.52648E+14,R5CY71K12LN,Samsung,SM-F766B,Red,512GB,Mobile phone,SM-F766BZRHEUB,REPAIRED,UB,: half screen is completly black display/ flashingonly top s,"replaced screen, tapes",GH82-37578A,1,GH82-37820A,1,GH81-27575A,1,GH82-37818A,2,GH82-37816A,1,0,0,0,0,0,0,0,0,0,0,0,0,0,0,0,0,0,0,0,0
1313707,3.55681E+14,R3CX2070GME,Samsung,SM-S921B/DS,Black,,Mobile phone,SM-S921BZKDEUB,REPAIRED,UB,"The screen , body and back glass are damaged","replaced screen, frame, batt, front cam, sub pba and tapes",GH82-33418A,1,GH82-33295A,1,GH82-33286A,1,GH82-33101A,1,GH82-33293A,1,GH96-16507A,1,GH96-16298A,1,GH82-33290A,1,0,0,0,0,0,0,0,0,0,0,0,0,0,0
1313708,3.54589E+14,R5CY903QPMW,Samsung,SM-S731B/DS,Dark Blue,,Mobile phone,SM-S731BDBGEUB,REPAIRED,L2,If cx record some thing on s25 fe It will crack sound or if,main board,GH81-27991A,1,GH82-38452A,1,0,0,0,0,0,0,0,0,0,0,0,0,0,0,0,0,0,0,0,0,0,0,0,0,0,0
1313718,3.56597E+14,RZCY60S41ZJ,Samsung,SM-S938B/DS,Silver,,Mobile phone,SM-S938BZSGEUE,REPAIRED,L2,moisture in usb port.,USB baord,GH96-18321A,1,GH82-37696A,1,0,0,0,0,0,0,0,0,0,0,0,0,0,0,0,0,0,0,0,0,0,0,0,0,0,0
1313720,3.51496E+14,R5CY80NF07W,Samsung,SM-F761B,Black,128GB,Mobile phone,SM-F761BZKGEUB,REPAIRED,L2,the camra isnt working just a black screen,replaced cameras and sp,GH81-27995A,2,GH96-19744A,1,GH96-19740A,1,GH82-35141A,1,0,0,0,0,0,0,0,0,0,0,0,0,0,0,0,0,0,0,0,0,0,0
1313722,3.52648E+14,R5CY71K12MH,Samsung,SM-F766B,Red,512GB,Mobile phone,SM-F766BZRHEUB,REPAIRED,UB,IQC - VALIQUERY - the entire lower screen of her device is c,"New screen, tapes, deco and protector",GH81-27575A,2,GH82-37816A,1,GH82-37820A,1,GH82-37818A,1,GH82-37578A,1,0,0,0,0,0,0,0,0,0,0,0,0,0,0,0,0,0,0,0,0
1313726,3.50118E+14,RFCY71MWGVR,Samsung,SM-F966B/DS,Dark Blue,,Mobile phone,SM-F966BDBCEUB,REPAIRED,UB,The inner screen (left hand side) has gone black.,"replaced screen, front cam, sub screen, tapes",GH82-37544A,1,GH96-19457A,1,GH81-27757A,1,GH82-37824A,1,GH82-38023A,1,GH82-37822A,1,GH82-37543A,1,0,0,0,0,0,0,0,0,0,0,0,0,0,0,0,0
1313730,3.52648E+14,R5CY721RTPV,Samsung,SM-F766B,Dark Blue,512GB,Mobile phone,SM-F766BDBHEUB,REPAIRED,UB,Random reboot issue on Samsung Flip 7,"Repaired†screen,†tapes",GH81-27575A,1,GH82-37820A,1,GH82-37818A,1,GH82-37816A,1,GH82-37578A,1,0,0,0,0,0,0,0,0,0,0,0,0,0,0,0,0,0,0,0,0
1313734,3.53936E+14,R5CX73MJZAR,Samsung,SM-F741B,Light Green,256GB,Mobile phone,SM-F741BLGGEUB,REPAIRED,L2,IQC - skip - no main displayQUERY - screen is completely bla,"New screen, batts and tapes",GH82-35143A,1,GH82-35141A,1,GH82-35023A,1,GH82-35024A,1,GH82-35014D,1,0,0,0,0,0,0,0,0,0,0,0,0,0,0,0,0,0,0,0,0
1313735,3.52242E+14,RFCX709PPEJ,Samsung,SM-F956B/DS,Silver,,Mobile phone,SM-F956BZSNEUB,REPAIRED,L2,Condition - Fair OW- damaged main screenQUERY- The middle sc,"replaced screen, batts, tapes",GH82-35042A,1,GH82-35048A,1,GH82-35049A,1,GH82-35139A,1,GH82-35138A,1,0,0,0,0,0,0,0,0,0,0,0,0,0,0,0,0,0,0,0,0
1313743,3.54741E+14,RZCX41A6M0J,Samsung,SM-S928B/DS,Violet,,Mobile phone,SM-S928BZVGEUB,REPAIRED,L2,sc+ - rapid battery drain - damaged S-pen,replaced batteries- back glass- and Spen,GH82-33387A,1,GH96-16577A,1,GH82-33392A,1,GH82-33349D,1,0,0,0,0,0,0,0,0,0,0,0,0,0,0,0,0,0,0,0,0,0,0
1313747,3.54484E+14,RFCW1046ZEK,Samsung,SM-S918B/DS,Black,,Mobile phone,SM-S918BZKHEUB,REPAIRED,L2,The device was in his pocket and fell lightly. The screen is,"replaced sub pba, spen ctc and tapes",GH96-15658A,1,GH82-30461A,1,GH96-15621A,1,GH81-24723A,1,0,0,0,0,0,0,0,0,0,0,0,0,0,0,0,0,0,0,0,0,0,0
1313751,3.53936E+14,R5CX830G4LA,Samsung,SM-F741B,Absolute Black,256GB,Mobile phone,SM-F741BAKGEUB,REPAIRED,UB,IW - waves in crease of main screen,replaced screen,GH82-35022A,1,GH82-35141A,1,GH02-26374A,1,GH02-26398A,1,GH98-49714A,1,GH82-35145A,1,GH82-35143A,1,GH81-26035A,2,0,0,0,0,0,0,0,0,0,0,0,0,0,0
1313754,3.50798E+14,R5CY9028M4E,Samsung,SM-F766B,Black,256GB,Mobile phone,SM-F766BZKGEUB,REPAIRED,L2,QUERY -  Inner screen is completely black.RR ELSEWHERE - QUO,"New screen, batts and tapes",GH82-37583A,1,GH82-37582A,1,GH82-38794C,1,GH82-37818A,1,GH82-37820A,1,0,0,0,0,0,0,0,0,0,0,0,0,0,0,0,0,0,0,0,0
1313768,3.51798E+14,R5CW70JBZPB,Samsung,SM-F731B,Grey,512GB,Mobile phone,SM-F731BZAHEUE,REPAIRED,,"OOW By dateCondition: FairQuery: Hi, my screen protector see",Replaced screen protector,0,0,0,0,0,0,0,0,0,0,0,0,0,0,0,0,0,0,0,0,0,0,0,0,0,0,0,0,0,0
1313773,3.5495E+14,R5CT13B5W9E,Samsung,SM-F711B,Light Violet,256GB,Mobile phone,SM-F711BLVFEUE,REPAIRED,L2,OOW by dateCondition fair screen has blotches (or stains) on,replaced screen frame batts sub screen and tape,GH97-26773D,1,GH82-27243D,1,GH82-26270A,1,GH82-35107A,1,GH82-35108A,1,GH82-26271A,1,0,0,0,0,0,0,0,0,0,0,0,0,0,0,0,0,0,0
1313973,3.53936E+14,R5CX70260YJ,Samsung,SM-F741B,Light Green,256GB,Mobile phone,SM-F741BLGGEUB,REPAIRED,L2,OOW Impact damagePuncture in the displayCondition: FairQuery,"Repaired screen, frame, batteries, tapes",GH82-35141A,1,GH82-35143A,1,GH82-35024A,1,GH82-35023A,1,GH82-35014D,1,0,0,0,0,0,0,0,0,0,0,0,0,0,0,0,0,0,0,0,0
1313975,3.50798E+14,R5GYB5F1B6Z,Samsung,SM-F766B,Red,256GB,Mobile phone,SM-F766BZRGEUB,REPAIRED,L2,issues with it charging,"replaced sub pba, tape and sp",GH81-27575A,2,GH96-19729A,1,GH82-37820A,1,0,0,0,0,0,0,0,0,0,0,0,0,0,0,0,0,0,0,0,0,0,0,0,0
1313977,3.53936E+14,R5CX729G96M,Samsung,SM-F741B,White,256GB,Mobile phone,SM-F741BZWGEUB,REPAIRED,L1,SP Only,SP Only,GH81-26035A,2,0,0,0,0,0,0,0,0,0,0,0,0,0,0,0,0,0,0,0,0,0,0,0,0,0,0,0,0
1313979,3.58224E+14,RZCX908QK6D,Samsung,SM-F741B,Light Green,256GB,Mobile phone,SM-F741BLGGEUB,REPAIRED,L2,"No damage to OLED, minimal damage to hinge, no touch on main","Screen, frame, batteries, tapes replaced",GH82-35014D,1,GH82-35024A,1,GH82-35023A,1,GH82-35141A,1,GH82-35143A,1,0,0,0,0,0,0,0,0,0,0,0,0,0,0,0,0,0,0,0,0
1313993,3.51337E+14,R5CX7125FTX,Samsung,SM-F741B,Light Green,512GB,Mobile phone,SM-F741BLGHEUB,REPAIRED,UB,"IW-  crease on hinge, black spot on main display",replaced screen,GH02-26374A,1,GH02-26398A,1,GH98-49714A,1,GH81-26035A,2,GH82-35145A,1,GH82-35143A,1,GH82-35141A,1,GH82-35022A,1,0,0,0,0,0,0,0,0,0,0,0,0,0,0
1313997,3.50118E+14,RFCY70P7GXP,Samsung,SM-F966B/DS,Dark Blue,,Mobile phone,SM-F966BDBCEUB,REPAIRED,UB,[Device screen is displaying one-sided,"New main screen, front deco, screen protector",GH82-37543A,1,GH82-37822A,1,GH81-27757A,2,GH82-38023A,1,0,0,0,0,0,0,0,0,0,0,0,0,0,0,0,0,0,0,0,0,0,0
1313999,3.50798E+14,R5CY81854HK,Samsung,SM-F766B,Dark Blue,256GB,Mobile phone,SM-F766BDBGEUB,REPAIRED,UB,OOW Impact DAMAGEPuncture in the displayCondition: FairQuery,Main screen replaced,GH82-37578A,1,GH82-37816A,1,GH82-37818A,1,GH82-37820A,1,GH81-27575A,2,0,0,0,0,0,0,0,0,0,0,0,0,0,0,0,0,0,0,0,0
1314011,3.50118E+14,RFGYB2G9A6P,Samsung,SM-F966B/DS,Black,,Mobile phone,SM-F966BZKCEUB,REPAIRED,UB,Device main screen is displaying one-sided,"New main screen, screen protector, front deco",GH81-27757A,1,GH82-37824A,1,GH82-37543A,1,GH82-37822A,1,GH82-38023A,1,0,0,0,0,0,0,0,0,0,0,0,0,0,0,0,0,0,0,0,0
1314013,3.58224E+14,RZCY210SKPT,Samsung,SM-F741B,Silver,256GB,Mobile phone,SM-F741BZSGEUB,REPAIRED,L1,screen protector was peeling off the device and the front de,"New screen deco, screen protector",GH82-35145A,1,GH81-26035A,1,0,0,0,0,0,0,0,0,0,0,0,0,0,0,0,0,0,0,0,0,0,0,0,0,0,0
1314016,3.53936E+14,R5CX7023QSX,Samsung,SM-F741B,Light Green,256GB,Mobile phone,SM-F741BLGGEUE,REPAIRED,UB,IW - TFE crack along bend of main screen- green line caused,replaced screen,GH82-35022A,1,GH82-35141A,1,GH82-35143A,1,GH98-49714A,1,GH02-26398A,1,GH02-26374A,1,GH81-26035A,2,GH82-35145A,1,0,0,0,0,0,0,0,0,0,0,0,0,0,0
1314021,3.50798E+14,R5GYC0S2LLK,Samsung,SM-F766B,Red,256GB,Mobile phone,SM-F766BZRGEUB,REPAIRED,UB,Dent on the screen which prevents screen protector replaceme,"New screen, tapes, deco and protector",GH81-27575A,2,GH82-37820A,1,GH82-37818A,1,GH82-37816A,1,GH82-37578A,1,0,0,0,0,0,0,0,0,0,0,0,0,0,0,0,0,0,0,0,0
1314030,3.50205E+14,R5CY10SJG7R,Samsung,SM-S936B/DS,Dark Blue,,Mobile phone,SM-S936BDBGEUB,REPAIRED,L2,The issue is that my phone won&apos;t charge. I have tried n,"Replaced sub pba, ctc, tape",GH82-36508A,1,GH82-36364A,1,GH96-18237A,1,0,0,0,0,0,0,0,0,0,0,0,0,0,0,0,0,0,0,0,0,0,0,0,0
1314035,3.5093E+14,R5CX429SV5E,Samsung,SM-F731B,Light Pink,256GB,Mobile phone,SM-F731BLIGEUB,REPAIRED,L2,OOW Impact damageDamaged P-Caps and DecoCondition: FairQuery,"Repaired screen, frame, batteries, tapes",GH82-31827C,1,GH82-31700A,1,GH82-31699A,1,GH82-35929A,1,GH82-35928A,1,0,0,0,0,0,0,0,0,0,0,0,0,0,0,0,0,0,0,0,0
1314037,3.50966E+14,RFCY70FNDPP,Samsung,SM-F966B/DS,Black,,Mobile phone,SM-F966BZKBEUB,REPAIRED,L2,IW - hinge cracking when folding and unfolding device,"replaced†screen,†batteries,†tapes",GH82-37549A,1,GH82-37550A,1,GH82-38023A,1,GH82-38664C,1,GH82-37824A,1,0,0,0,0,0,0,0,0,0,0,0,0,0,0,0,0,0,0,0,0
1314049,3.55235E+14,RFCW70HN2GN,Samsung,SM-F946B/DS,Black,,Mobile phone,SM-F946BZKCEUB,REPAIRED,UB,device main screen have black line running along the foldabl,"New screen, front deco, screen protector",GH81-24686A,1,GH82-31849A,1,GH81-24613A,1,GH81-23916A,2,GH81-24926A,1,GH82-32950A,1,0,0,0,0,0,0,0,0,0,0,0,0,0,0,0,0,0,0
1314052,3.55195E+14,RZCWC14BRNY,Samsung,SM-S711B/DS,Grey,,Mobile phone,SM-S711BZADEUB,REPAIRED,L2,Battery draining rapidly,replaced batt and tapes,GH02-25656A,1,GH82-32860A,1,0,0,0,0,0,0,0,0,0,0,0,0,0,0,0,0,0,0,0,0,0,0,0,0,0,0
1314054,3.51798E+14,R5CW82ZP8GP,Samsung,SM-F731B,Light Pink,512GB,Mobile phone,SM-F731BLIHEUB,REPAIRED,UB,Device has dent to the screen at the point where the front d,"New screen, front deco, screen protector",GH82-34625A,1,GH81-23854A,1,GH82-32951A,1,0,0,0,0,0,0,0,0,0,0,0,0,0,0,0,0,0,0,0,0,0,0,0,0
1314056,3.51337E+14,R5CX82SALDP,Samsung,SM-F741B,Absolute Black,512GB,Mobile phone,SM-F741BAKHEUB,REPAIRED,L2,"No display on main screen, very minimal hinge damage on one","Screen, frame, batteries, tapes replaced",GH82-35143A,1,GH82-35141A,1,GH82-35023A,1,GH82-35024A,1,GH82-35014E,1,0,0,0,0,0,0,0,0,0,0,0,0,0,0,0,0,0,0,0,0
1314057,3.51451E+14,RFCX70V24ET,Samsung,SM-F956B/DS,Dark Blue,,Mobile phone,SM-F956BDBBEUB,REPAIRED,UB,"UTG crack with medium/high hinge damage, one minor imperfect",Main screen replaced,GH82-35046A,1,GH82-35138A,1,GH82-35139A,1,GH81-26062A,2,GH82-35137A,1,0,0,0,0,0,0,0,0,0,0,0,0,0,0,0,0,0,0,0,0
1314060,3.50966E+14,RFCY70FYXKB,Samsung,SM-F966B/DS,Light Green,,Mobile phone,SM-F966BLGBEUB,REPAIRED,UB,Issues: Display IssuesLeft side of the screen has diffrent c,"Replaced screen, tapes, sp",GH82-37543A,1,GH81-27757A,2,GH82-37822A,1,GH82-37824A,1,GH82-38023A,1,0,0,0,0,0,0,0,0,0,0,0,0,0,0,0,0,0,0,0,0
1314062,3.5093E+14,R5CW72GV2FF,Samsung,SM-F731B,Light Green,256GB,Mobile phone,SM-F731BLGGEUB,REPAIRED,L2,OOW By dateCondition: FairQuery: Outer folded screen broken,"replaced screen, batts, tapes",GH82-31700A,1,GH82-31699A,1,GH82-31828D,1,GH82-35928A,1,GH82-35929A,1,0,0,0,0,0,0,0,0,0,0,0,0,0,0,0,0,0,0,0,0
1314086,3.56597E+14,RZCY11GR0JD,Samsung,SM-S938B/DS,Titanium,,Mobile phone,SM-S938BZTGEUB,REPAIRED,L2,When opening the cameras the auto focus flickers for a few s,camea,GH96-17822A,1,GH82-37696A,1,0,0,0,0,0,0,0,0,0,0,0,0,0,0,0,0,0,0,0,0,0,0,0,0,0,0
1314329,3.50118E+14,RFCY719K14L,Samsung,SM-F966B/DS,Silver,,Mobile phone,SM-F966BZSCEUB,REPAIRED,UB,Small area of pixel bleed to the inner screen on the centre,"New screen, tapes, deco and protector",GH81-27757A,2,GH82-38023A,1,GH82-37824A,1,GH82-37822A,1,GH82-37543A,1,0,0,0,0,0,0,0,0,0,0,0,0,0,0,0,0,0,0,0,0
1314332,3.51798E+14,R5CW80DLGRP,Samsung,SM-F731B,Grey,512GB,Mobile phone,SM-F731BZAHEUB,REPAIRED,UB,Condition GoodMM OFF  UTG crack causing black screen,"Repaired screen, tapes",GH82-32951A,1,GH82-34625A,1,GH82-35929A,1,GH82-35928A,1,GH81-23854A,2,0,0,0,0,0,0,0,0,0,0,0,0,0,0,0,0,0,0,0,0
1314335,3.54741E+14,RZCX321NPBD,Samsung,SM-S928B/DS,Black,,Mobile phone,SM-S928BZKGEUB,REPAIRED,L2,IQC - FAILQUERY - SIM slot 1 intermittently works on my S24,"New usb port, flex cable and tape",GH59-15734A,1,GH96-16497A,1,GH82-33392A,1,0,0,0,0,0,0,0,0,0,0,0,0,0,0,0,0,0,0,0,0,0,0,0,0
1314340,3.51451E+14,RFCX70177DM,Samsung,SM-F956B/DS,Dark Blue,,Mobile phone,SM-F956BDBBEUB,REPAIRED,UB,IW -small crack on fold of main screen causing Black spot on,replaced screen,GH82-35046A,1,GH82-35137A,1,GH82-35139A,1,GH82-35086C,1,GH81-26062A,2,GH82-35138A,1,0,0,0,0,0,0,0,0,0,0,0,0,0,0,0,0,0,0
1314341,3.53936E+14,R5CX72QVMSD,Samsung,SM-F741B,Light Blue,256GB,Mobile phone,SM-F741BLBGEUB,REPAIRED,L2,SC+ - DAMAGED SCREEN - HINGE CREAKING,"replaced octa, batteries, tapes",GH82-35143A,1,GH82-35141A,1,GH82-35023A,1,GH82-35024A,1,GH82-35014C,1,0,0,0,0,0,0,0,0,0,0,0,0,0,0,0,0,0,0,0,0
1314342,3.50118E+14,RFGYB26810V,Samsung,SM-F966B/DS,Black,,Mobile phone,SM-F966BZKCEUB,REPAIRED,L1,"When opening the fold, the screen is making a cracking noise",Replaced - tapes,GH82-38023A,1,GH82-37824A,1,GH82-37822A,1,0,0,0,0,0,0,0,0,0,0,0,0,0,0,0,0,0,0,0,0,0,0,0,0
1314343,3.51337E+14,R5CXB1NLB8K,Samsung,SM-F741B,White,512GB,Mobile phone,SM-F741BZWHEUB,REPAIRED,UB,Condition GoodMM ONDamaged screen screen bleed + flickering,"Repaired screen, tapes",GH82-35143A,1,GH82-35145A,1,GH82-35022A,1,GH81-26035A,2,GH82-35141A,1,0,0,0,0,0,0,0,0,0,0,0,0,0,0,0,0,0,0,0,0
1314345,3.53936E+14,R5CX73FTYFX,Samsung,SM-F741B,Light Blue,256GB,Mobile phone,SM-F741BLBGEUE,REPAIRED,L2,Device powers off when foldedCTC faultOCTA IW,"Screen, frame, batteries, tapes replaced",GH82-35014C,1,GH82-35024A,1,GH82-35023A,1,GH82-35141A,1,GH82-35143A,1,0,0,0,0,0,0,0,0,0,0,0,0,0,0,0,0,0,0,0,0
1314348,3.50118E+14,RFCY71NV3GP,Samsung,SM-F966B/DS,Dark Blue,,Mobile phone,SM-F966BDBCEUB,REPAIRED,UB,OW- impact damage rhs off main screen caused cracked screen,replaced screen-tapes,GH82-37543A,1,GH82-38023A,1,GH82-37824A,1,GH82-37822A,1,GH81-27757A,2,0,0,0,0,0,0,0,0,0,0,0,0,0,0,0,0,0,0,0,0
1314349,3.53936E+14,R5CX72A2FYN,Samsung,SM-F741B,Silver,256GB,Mobile phone,SM-F741BZSGEUB,REPAIRED,L2,"Minimal hinge damage, no marks or punctures Screen intermitt","Screen, frame, batteries, tapes replaced",GH82-35141A,1,GH82-35023A,1,GH82-35024A,1,GH82-35014A,1,GH82-35143A,1,0,0,0,0,0,0,0,0,0,0,0,0,0,0,0,0,0,0,0,0
1314350,3.52648E+14,R5CY70DFTNH,Samsung,SM-F766B,Black,512GB,Mobile phone,SM-F766BZKHEUB,REPAIRED,L2,OOW due by-puncture on the screen Condition: FairCX-The scre,"replaced screen, batts and tapes",GH82-37820A,1,GH82-38794C,1,GH82-37818A,1,GH82-37582A,1,GH82-37583A,1,0,0,0,0,0,0,0,0,0,0,0,0,0,0,0,0,0,0,0,0
1314352,3.52242E+14,RFCX80P9H2T,Samsung,SM-F956B/DS,Absolute Black,,Mobile phone,SM-F956BAKNEUB,REPAIRED,UB,"IQC passMain oled is making a cracking sound, front cam fail","replaced screen, secondary board, tapes",GH82-35039A,1,GH82-35046A,1,GH81-26062A,2,GH82-35138A,1,GH82-35139A,1,GH82-35137A,1,0,0,0,0,0,0,0,0,0,0,0,0,0,0,0,0,0,0
1314368,3.51798E+14,R5CW80J7JKR,Samsung,SM-F731B,Light Pink,512GB,Mobile phone,SM-F731BLIHEUB,REPAIRED,L2,Unable to IQC - No main display / CTCs issue,"replaced screen, batts, tapes",GH82-31827C,1,GH82-35928A,1,GH82-31700A,1,GH82-31699A,1,GH82-35929A,1,GH81-23854A,2,0,0,0,0,0,0,0,0,0,0,0,0,0,0,0,0,0,0
1314385,3.50798E+14,R5CY71HRBJN,Samsung,SM-F766B,Red,256GB,Mobile phone,SM-F766BZRGEUB,REPAIRED,UB,OOW due to dent on the main screen causing dead/ missing pix,"replaced screen, tapes",GH81-27575A,1,GH82-37818A,1,GH82-37820A,1,GH82-37816A,1,GH82-37578A,1,0,0,0,0,0,0,0,0,0,0,0,0,0,0,0,0,0,0,0,0
1314390,3.58224E+14,RZCY21J3PRZ,Samsung,SM-F741B,Light Green,256GB,Mobile phone,SM-F741BLGGEUB,REPAIRED,L2,hinge misaligned and hinge not fully closingQUERY - I have a,"New screen, batts and tapes",GH82-35014D,1,GH82-35141A,1,GH82-35143A,1,GH82-35023A,1,GH82-35024A,1,0,0,0,0,0,0,0,0,0,0,0,0,0,0,0,0,0,0,0,0
1314393,3.50118E+14,RFCY70XAQLW,Samsung,SM-F966B/DS,Silver,,Mobile phone,SM-F966BZSCEUB,REPAIRED,UB,IQC fail - missing/ dead pixels on the main screen,"replaced screen, tapes",GH81-27757A,2,GH82-37543A,1,GH82-37822A,1,GH82-38023A,1,GH82-37824A,1,0,0,0,0,0,0,0,0,0,0,0,0,0,0,0,0,0,0,0,0
1314397,3.51788E+14,RFCX709R13B,Samsung,SM-F956B/DS,Dark Blue,,Mobile phone,SM-F956BDBCEUB,REPAIRED,L2,"Damaged hinge, sub screen, cover","replaced OCTA, batts, cover, sub screen, tapes",GH82-35048A,1,GH82-35049A,1,GH82-35139A,1,GH82-35138A,1,GH59-15765A,1,GH96-17174A,1,GH82-35042C,1,GH81-26062A,2,GH82-35137A,1,GH82-35047A,1,GH82-35086C,1,0,0,0,0,0,0,0,0
1314402,3.5722E+14,RZCX9006Z2W,Samsung,SM-F956B/DS,Silver,,Mobile phone,SM-F956BZSCEUB,REPAIRED,UB,Condition GoodMM ONDamaged screen screen bleed,"Repaired screen, tapes",GH82-35046A,1,GH82-35137A,1,GH82-35139A,1,GH82-35138A,1,GH81-26062A,2,0,0,0,0,0,0,0,0,0,0,0,0,0,0,0,0,0,0,0,0
1314403,3.50966E+14,RFCY80KF5DK,Samsung,SM-F966B/DS,Dark Blue,,Mobile phone,SM-F966BDBBEUB,REPAIRED,UB,Device main screen is not displaying,"New-main screen, sub Screen,  front deco, protector, tapes",GH82-37544A,1,GH82-37824A,1,GH82-38023A,1,GH81-27757A,1,GH82-37822A,1,GH82-37543A,1,0,0,0,0,0,0,0,0,0,0,0,0,0,0,0,0,0,0
1314404,3.58224E+14,RZCXC0JK9KE,Samsung,SM-F741B,Light Green,256GB,Mobile phone,SM-F741BLGGEUB,REPAIRED,UB,OOW Impact DamagePuncture in the displayCondition: FairQuery,"Replaced - screen, tapes, SP",GH81-26035A,1,GH82-35022A,1,GH82-35145A,1,GH82-35143A,1,GH82-35141A,1,0,0,0,0,0,0,0,0,0,0,0,0,0,0,0,0,0,0,0,0
1314405,3.51496E+14,R5CY725Z2NE,Samsung,SM-F761B,Black,128GB,Mobile phone,SM-F761BZKGEUB,REPAIRED,UB,Display / Bubbling or lifting of the inside screen protector,Replaced screen,GH81-27995A,2,GH82-35143A,1,GH82-35141A,1,GH82-35145A,1,GH82-37735A,1,0,0,0,0,0,0,0,0,0,0,0,0,0,0,0,0,0,0,0,0
1314408,3.55235E+14,RFCW702703L,Samsung,SM-F946B/DS,Black,,Mobile phone,SM-F946BZKCEUB,REPAIRED,L1,screen has cracked on the middle of the screen where it fold,screen protectpr,GH81-23916A,2,0,0,0,0,0,0,0,0,0,0,0,0,0,0,0,0,0,0,0,0,0,0,0,0,0,0,0,0
1314418,3.50118E+14,RFGYC383A5D,Samsung,SM-F966B/DS,Black,,Mobile phone,SM-F966BZKCEUB,REPAIRED,UB,the screen is showing completely black display,screen,GH82-37544A,1,GH81-27757A,1,GH82-37543A,1,GH82-37824A,1,GH82-38023A,1,GH82-37822A,1,0,0,0,0,0,0,0,0,0,0,0,0,0,0,0,0,0,0
1314419,3.50966E+14,RFCY70CBCMD,Samsung,SM-F966B/DS,Silver,,Mobile phone,SM-F966BZSBEUB,REPAIRED,UB,"Lines down the screen, intermittently flickering, black spot",screen,GH82-37822A,1,GH82-37824A,1,GH82-38023A,1,GH81-27757A,2,GH82-37543A,1,0,0,0,0,0,0,0,0,0,0,0,0,0,0,0,0,0,0,0,0
1314420,3.5093E+14,R5CW91Z90LZ,Samsung,SM-F731B,Light Pink,256GB,Mobile phone,SM-F731BLIGEUB,REPAIRED,UB,Condition GoodMM OFF  Damaged screen phantom touch,"Repaired screen, tapes",GH82-34625A,1,GH82-35929A,1,GH82-35928A,1,GH82-32951A,1,GH81-23854A,2,0,0,0,0,0,0,0,0,0,0,0,0,0,0,0,0,0,0,0,0
1314430,3.50798E+14,R5CY72032NT,Samsung,SM-F766B,Dark Blue,256GB,Mobile phone,SM-F766BDBGEUB,REPAIRED,L2,Condition GoodMM OFF  Black screen CTC issue,"Repaired screen, frame, batteries, tapes",GH82-37583A,1,GH82-37820A,1,GH82-37818A,1,GH82-38794A,1,GH82-37582A,1,0,0,0,0,0,0,0,0,0,0,0,0,0,0,0,0,0,0,0,0
1314435,3.58224E+14,RZCXB0BN5WT,Samsung,SM-F741B,Silver,256GB,Mobile phone,SM-F741BZSGEUB,REPAIRED,UB,IQC - VALIQUERY - FLICKERING SCREEN ISSUE (LOWER PART) SHOWI,"NEW SCREEN, TAPES, DECO AND PROTECTOR",GH82-35022A,1,GH82-35141A,1,GH82-35143A,1,GH82-35145A,1,GH81-26035A,2,0,0,0,0,0,0,0,0,0,0,0,0,0,0,0,0,0,0,0,0
1314437,3.51337E+14,R5CX70NLRYN,Samsung,SM-F741B,Silver,512GB,Mobile phone,SM-F741BZSHEUB,REPAIRED,L2,OOW due to hinge damage and dents on the screenhinge doesnt,"Screen, frame, batteries, tapes replaced",GH82-35014A,1,GH82-35024A,1,GH82-35023A,1,GH82-35141A,1,GH82-35143A,1,0,0,0,0,0,0,0,0,0,0,0,0,0,0,0,0,0,0,0,0
1314444,3.55681E+14,RFCX217QTWH,Samsung,SM-S921B/DS,Light Green,,Mobile phone,SM-S921BLGDEUB,REPAIRED,UB,"[Defect HW, SW, App]","Replaced screen, frame, battery, cover, sub pba, tapes",GH82-33293A,1,GH82-33295A,1,GH96-16507A,1,GH82-33101E,1,GH82-33290A,1,GH82-33418E,1,GH82-33286A,1,0,0,0,0,0,0,0,0,0,0,0,0,0,0,0,0
1314457,3.50118E+14,RFCY71NT0EX,Samsung,SM-F966B/DS,Dark Blue,,Mobile phone,SM-F966BDBCEUB,REPAIRED,UB,The customer is calling in because there is a line in thedis,replaced screen and tapes,GH82-37543A,1,GH82-37822A,1,GH82-38023A,1,GH82-37824A,1,GH81-27757A,2,0,0,0,0,0,0,0,0,0,0,0,0,0,0,0,0,0,0,0,0
1314467,3.51337E+14,R5CX718E4NW,Samsung,SM-F741B,Light Blue,512GB,Mobile phone,SM-F741BLBHEUB,REPAIRED,L2,"Phone will not charge via charging port,Unable to IQC - USB","replaced octa, batteries, sub pba, tapes",GH82-35014C,1,GH82-35024A,1,GH82-35023A,1,GH96-16986A,1,GH82-35143A,1,GH82-35141A,1,0,0,0,0,0,0,0,0,0,0,0,0,0,0,0,0,0,0
1314481,3.50622E+14,RFCY71ZEXQN,Samsung,SM-F966B/DS,Dark Blue,,Mobile phone,SM-F966BDBNEUB,REPAIRED,L2,SC+ - DAMAGED SCREEN - HINGE CREAKING,",",GH82-37824A,1,GH82-38023A,1,GH82-37550A,1,GH82-38664B,1,GH82-37549A,1,0,0,0,0,0,0,0,0,0,0,0,0,0,0,0,0,0,0,0,0
1314484,3.50118E+14,RFCY71GAF6M,Samsung,SM-F966B/DS,Dark Blue,,Mobile phone,SM-F966BDBCEUB,REPAIRED,UB,"Main screen is blank, no damage to the hinge or OLEDnew OLED",Main screen replaced,GH82-37543A,1,GH82-37822A,1,GH82-38023A,1,GH82-37824A,1,GH81-27757A,2,0,0,0,0,0,0,0,0,0,0,0,0,0,0,0,0,0,0,0,0
1314492,3.51337E+14,R5CX71NHRWP,Samsung,SM-F741B,Yellow,512GB,Mobile phone,SM-F741BZYHEUB,REPAIRED,L2,Condition: GoodCX: the device inner is showing a black displ,"replaced screen, batts, tapes",GH82-35141A,1,GH82-35143A,1,GH82-35023A,1,GH82-35024A,1,GH82-35014B,1,0,0,0,0,0,0,0,0,0,0,0,0,0,0,0,0,0,0,0,0
1314517,3.50798E+14,R5CY72Z5MEW,Samsung,SM-F766B,Dark Blue,256GB,Mobile phone,SM-F766BDBGEUB,REPAIRED,UB,Condition GoodMM OFF  Damaged screen Intermittent black scre,"Repaired screen, tapes",GH82-37578A,1,GH82-37816A,1,GH82-37820A,1,GH82-37818A,1,GH81-27575A,2,0,0,0,0,0,0,0,0,0,0,0,0,0,0,0,0,0,0,0,0
1314524,3.5093E+14,R5CW727FA8L,Samsung,SM-F731B,Grey,256GB,Mobile phone,SM-F731BZAGEUB,REPAIRED,UB,OOW By dateCondition: FairQuery: Display / Touchscreen / Par,replaced screen,GH82-35929A,1,GH82-35928A,1,GH81-23854A,1,GH82-34625A,1,GH82-32951A,1,0,0,0,0,0,0,0,0,0,0,0,0,0,0,0,0,0,0,0,0
1314540,3.55359E+14,R5CX111164N,Samsung,SM-S928B/DS,Light Green,,Mobile phone,SM-S928BLGPEUB,REPAIRED,L2,OOW By dateCondition: FairQuery: There is an issue with the,Wide camera replaced,GH82-33392A,1,GH96-16303A,1,0,0,0,0,0,0,0,0,0,0,0,0,0,0,0,0,0,0,0,0,0,0,0,0,0,0
1315125,3.51014E+14,RFCR90S33FD,Samsung,SM-F926B/DS,Green,,Mobile phone,SM-F926BZGGEUA,REPAIRED,UB,Query:The customer is reporting a black line on the inner di,"New screen, tapes, deco and kits",GH82-26477A,1,GH82-26476A,2,GH96-14410A,1,GH81-24927A,1,GH81-22921A,2,0,0,0,0,0,0,0,0,0,0,0,0,0,0,0,0,0,0,0,0
1315127,3.53521E+14,RZCXB1P1PXA,Samsung,SM-A166B/DS,Black,,Mobile phone,SM-A166BZKDEUB,REPAIRED,L2,IQC - skipQUERY - Phone doesn&apos;t charge,"New screen, batt, cover, tape and usb port",GH82-36147A,1,GH82-36030A,1,GH82-36145A,1,GH82-36143A,1,GH96-18449A,1,GH81-26599A,1,0,0,0,0,0,0,0,0,0,0,0,0,0,0,0,0,0,0
1315135,3.50118E+14,RFCY91HJCHM,Samsung,SM-F966B/DS,Black,,Mobile phone,SM-F966BZKCEUB,REPAIRED,L2,Condition GoodMM ONUTG crack causing black screen,"Repaired screen, frame, batteries, tapes, cover screen",GH82-37544A,1,GH82-38664C,1,GH82-37550A,1,GH81-27757A,2,GH82-38023A,1,GH82-37824A,1,GH82-37549A,1,0,0,0,0,0,0,0,0,0,0,0,0,0,0,0,0
1315140,3.52502E+14,R58Y50N78MY,Samsung,SM-A165F/DSB,Black,,Mobile phone,SM-A165FZKBEUB,REPAIRED,L2,Device charging port is burnt,New†charging†port†Flex and back cover,GH96-18451A,1,GH82-36147A,1,GH82-36040A,1,0,0,0,0,0,0,0,0,0,0,0,0,0,0,0,0,0,0,0,0,0,0,0,0
1315141,3.51337E+14,R5CX7028HZL,Samsung,SM-F741B,Light Blue,512GB,Mobile phone,SM-F741BLBHEUB,REPAIRED,L2,MAIN SCREEN NOT TURNING ON,screen and battery,GH96-16986A,1,GH82-35143A,1,GH82-35141A,1,GH82-35023A,1,GH82-35024A,1,GH82-35014C,1,0,0,0,0,0,0,0,0,0,0,0,0,0,0,0,0,0,0
1315144,3.53936E+14,R5CX7304ZCZ,Samsung,SM-F741B,Light Blue,256GB,Mobile phone,SM-F741BLBGEUB,REPAIRED,L2,Screen Showing Completely black Display,screen and battery,GH82-35141A,1,GH82-35143A,1,GH82-35023A,1,GH82-35014C,1,GH82-35024A,1,0,0,0,0,0,0,0,0,0,0,0,0,0,0,0,0,0,0,0,0
1315145,3.54223E+14,R5CY53XX2SH,Samsung,SM-S938B/DS,Absolute Black,,Mobile phone,SM-S938BAKDEUB,REPAIRED,UB,Condition GoodMM OFF  Damaged screen dead pixels,"Repair screen, tapes",GH82-36588A,1,GH82-36522A,1,GH82-37696A,1,0,0,0,0,0,0,0,0,0,0,0,0,0,0,0,0,0,0,0,0,0,0,0,0
1315150,3.52236E+14,RZCXC11H1PA,Samsung,SM-F956B/DS,Dark Blue,,Mobile phone,SM-F956BDBBEUB,REPAIRED,UB,Condition Goodscreen has dots.,"New screen, tapes, deco and protector",GH82-35046A,1,GH82-35138A,1,GH81-26062A,2,GH82-35139A,1,GH82-35137A,1,0,0,0,0,0,0,0,0,0,0,0,0,0,0,0,0,0,0,0,0
1315151,3.53936E+14,R5CXC1KD1TB,Samsung,SM-F741B,White,256GB,Mobile phone,SM-F741BZWGEUB,REPAIRED,L2,"The screen stopped working, samsung store informed that its",screen and battery,GH82-35014F,1,GH82-35024A,1,GH82-35023A,1,GH82-35143A,1,GH82-35141A,1,0,0,0,0,0,0,0,0,0,0,0,0,0,0,0,0,0,0,0,0
1315155,3.50966E+14,RFGYB1H2A8Y,Samsung,SM-F966B/DS,Dark Blue,,Mobile phone,SM-F966BDBBEUB,REPAIRED,L1,IQC pass - No fault found - Set within specifications,SP replacement,GH81-27757A,2,0,0,0,0,0,0,0,0,0,0,0,0,0,0,0,0,0,0,0,0,0,0,0,0,0,0,0,0
1315158,3.53936E+14,R5CX704AYFT,Samsung,SM-F741B,Light Green,256GB,Mobile phone,SM-F741BLGGEUB,REPAIRED,L2,[Device screen has dead pixel,"New-screen,†batteries,†back†cover",GH82-35014D,1,GH82-35024A,1,GH82-35143A,1,GH82-35141A,1,GH82-35023A,1,0,0,0,0,0,0,0,0,0,0,0,0,0,0,0,0,0,0,0,0
1315168,3.5093E+14,R3CWB05AZ9L,Samsung,SM-F731B,Grey,256GB,Mobile phone,SM-F731BZAGEUB,REPAIRED,UB,The inner screen is not displaying any picture nor respondin,SCREEN,GH82-34625A,1,GH81-23854A,1,GH82-32951A,1,GH98-48299A,1,0,0,0,0,0,0,0,0,0,0,0,0,0,0,0,0,0,0,0,0,0,0
1315176,3.53227E+14,RFCW90T72QL,Samsung,SM-F946B/DS,Black,,Mobile phone,SM-F946BZKBEUB,REPAIRED,UB,IQC pass for folding inspectionBlack dot on the main display,"replaced screen, tapes",GH82-32950A,1,GH81-23916A,2,GH81-24686A,1,GH81-24926A,1,GH81-24613A,2,0,0,0,0,0,0,0,0,0,0,0,0,0,0,0,0,0,0,0,0
1315180,3.50966E+14,RFCY80KECYK,Samsung,SM-F966B/DS,Dark Blue,,Mobile phone,SM-F966BDBBEUB,REPAIRED,L2,Black dot followed by a line on the foldable area,"replaced screen, batts, tapes",GH82-37824A,1,GH82-38023A,2,GH81-27757A,2,GH82-37549A,1,GH82-37550A,1,GH82-37822A,2,GH82-38664B,1,0,0,0,0,0,0,0,0,0,0,0,0,0,0,0,0
1315182,3.51451E+14,RFCX805TA0T,Samsung,SM-F956B/DS,Silver,,Mobile phone,SM-F956BZSBEUB,REPAIRED,UB,"Unable to IQC- unresponsive touch screen, scratches on the S","replaced screen, SUB screen, cover, tapes",GH82-35086A,1,GH82-35046A,1,GH82-35047A,1,GH82-35137A,2,GH81-26062A,2,GH82-35138A,2,GH82-35139A,1,0,0,0,0,0,0,0,0,0,0,0,0,0,0,0,0
1315185,3.50635E+14,R5CY20YM02Z,Samsung,SM-S936B/DS,Light Blue,,Mobile phone,SM-S936BLBDEUB,REPAIRED,UB,"Device turn on but the screen is black, no display.","New†main board, screen, and back cover",GH82-36356A,1,GH81-26939A,1,GH82-36350C,1,GH82-36366A,1,GH82-36510A,2,0,0,0,0,0,0,0,0,0,0,0,0,0,0,0,0,0,0,0,0
1315187,3.53936E+14,R5CX7097JCP,Samsung,SM-F741B,Light Blue,256GB,Mobile phone,SM-F741BLBGEUB,REPAIRED,UB,"[Defect HW, SW, App]","New screen, front deco, screen protector and tape. Old screen could tu",GH82-35143A,1,GH82-35022A,1,GH82-35145A,1,GH82-35141A,1,GH81-26035A,1,0,0,0,0,0,0,0,0,0,0,0,0,0,0,0,0,0,0,0,0
1315216,3.54484E+14,R5CW222DXPW,Samsung,SM-S918B/DS,Red,,Mobile phone,SM-S918BZRHEUB,REPAIRED,UB,Liquid damage,full rebuilt,GH96-15592A,1,GH96-15527A,1,GH82-30519A,1,GH82-30460A,1,GH82-30461A,1,GH59-15600A,1,GH96-15621A,1,GH96-15662A,1,GH97-28468A,1,GH96-15658E,1,GH98-48039E,1,GH97-28417A,1,GH82-33783A,1,GH81-24723A,1,GH96-15833E,1
1315218,3.51798E+14,R5CW80B623K,Samsung,SM-F731B,Grey,512GB,Mobile phone,SM-F731BZAHEUB,REPAIRED,L1,IQC pass - SP replacement,SP replacement,GH81-23854A,2,0,0,0,0,0,0,0,0,0,0,0,0,0,0,0,0,0,0,0,0,0,0,0,0,0,0,0,0
1315219,3.53936E+14,R5CX710HD4E,Samsung,SM-F741B,Light Green,256GB,Mobile phone,SM-F741BLGGEUB,REPAIRED,L2,Condition GoodMM OFF  No Power,"New screen, batts and tapes",GH82-35014D,1,GH82-35023A,1,GH82-35024A,1,GH82-35143A,1,GH82-35141A,1,0,0,0,0,0,0,0,0,0,0,0,0,0,0,0,0,0,0,0,0
1315223,3.51337E+14,R5CX70NMWCP,Samsung,SM-F741B,Silver,512GB,Mobile phone,SM-F741BZSHEUB,REPAIRED,UB,Bulge under the screen visible on a white screen,"replaced screen, tapes",GH82-35022A,1,GH82-35145A,1,GH82-35143A,1,GH82-35141A,1,GH81-26035A,2,0,0,0,0,0,0,0,0,0,0,0,0,0,0,0,0,0,0,0,0
1315224,3.51337E+14,R5CX63CWXRP,Samsung,SM-F741B,Silver,512GB,Mobile phone,SM-F741BZSHEUB,REPAIRED,L2,Unable to IQC - Unresponsive touch screen and device is maki,"replaced screen, batts, sub screen, tapes",GH82-35143A,1,GH82-35141A,1,GH82-35023A,1,GH82-35024A,1,GH82-35014A,1,GH97-30012A,1,0,0,0,0,0,0,0,0,0,0,0,0,0,0,0,0,0,0
1315225,3.53936E+14,R5CXB1NNDCP,Samsung,SM-F741B,Absolute Black,256GB,Mobile phone,SM-F741BAKGEUB,REPAIRED,L2,IQC skipped - damage to the screen - device has touchscreen,Replaced screen batteries and tapes,GH82-35143A,1,GH82-35141A,1,GH82-35023A,1,GH82-35024A,1,GH82-35014E,1,0,0,0,0,0,0,0,0,0,0,0,0,0,0,0,0,0,0,0,0
1315226,3.50798E+14,R5CY8356H2H,Samsung,SM-F766B,Black,256GB,Mobile phone,SM-F766BZKGEUB,REPAIRED,UB,OOW due to small dent in the defect area,"replaced screen, tapes",GH82-37578A,1,GH82-37816A,1,GH82-37818A,1,GH81-27575A,1,GH82-37820A,1,0,0,0,0,0,0,0,0,0,0,0,0,0,0,0,0,0,0,0,0
1315244,3.53227E+14,RFCW809VSQL,Samsung,SM-F946B/DS,Light Blue,,Mobile phone,SM-F946BLBBEUB,REPAIRED,L1,OOW By dateCondition: FairQuery: Screen Protector Replacemen,SP - Screen protector replacement,GH81-23916A,1,0,0,0,0,0,0,0,0,0,0,0,0,0,0,0,0,0,0,0,0,0,0,0,0,0,0,0,0
1315266,3.5093E+14,R5CW80HYSTV,Samsung,SM-F731B,Grey,256GB,Mobile phone,SM-F731BZAGEUB,REPAIRED,UB,OOW By dateCondition: FairQuery: The plastic around the outs,Screen replaced,GH82-32951A,1,GH82-35929A,1,GH82-35928A,1,GH81-23854A,2,GH82-34625A,1,0,0,0,0,0,0,0,0,0,0,0,0,0,0,0,0,0,0,0,0
1315277,3.50966E+14,RFCY81WGBFJ,Samsung,SM-F966B/DS,Dark Blue,,Mobile phone,SM-F966BDBBEUB,REPAIRED,L2,IQC - SKIP - no displayQUERY - GWG to enable FOC repair of c,"New screen, batts and tapes",GH82-38664B,1,GH82-38023A,1,GH82-37824A,1,GH82-37550A,1,GH82-37549A,1,0,0,0,0,0,0,0,0,0,0,0,0,0,0,0,0,0,0,0,0
1315617,3.52242E+14,RFCX61K74FB,Samsung,SM-F956B/DS,White,,Mobile phone,SM-F956BZWNEUB,REPAIRED,UB,Condition GoodMM OFF  UTG crack causing black line down the,"Repaired screen, tapes",GH82-35046A,1,GH81-15872A,1,0201-004132,1,GH82-35137A,1,GH82-35139A,1,GH81-26062A,2,GH82-35138A,1,GH81-26108A,1,0,0,0,0,0,0,0,0,0,0,0,0,0,0
1315622,3.512E+14,R58X90QTLNV,Samsung,SM-A155F/DSN,Black,,Mobile phone,SM-A155FZKDEUB,REPAIRED,L2,IW- screen blank - phone turns on condition- fair cx query -,"replaced - screen , battery, tape",GH82-33638A,1,GH81-24888A,1,GH82-33639A,1,0,0,0,0,0,0,0,0,0,0,0,0,0,0,0,0,0,0,0,0,0,0,0,0
1315625,3.58224E+14,RZCXC03NAJM,Samsung,SM-F741B,Yellow,256GB,Mobile phone,SM-F741BZYGEUB,REPAIRED,L2,the main screen has failed to produce an image. I have limit,"Replaced octa, batteries, tapes",GH82-35141A,1,GH82-35014B,1,GH82-35023A,1,GH82-35024A,1,GH82-35143A,1,0,0,0,0,0,0,0,0,0,0,0,0,0,0,0,0,0,0,0,0
1315629,3.58224E+14,RZCY11CWXFT,Samsung,SM-F741B,Silver,256GB,Mobile phone,SM-F741BZSGEUB,REPAIRED,L1,device works well. the screen protector was causing the devi,New screen protector,GH81-26035A,2,0,0,0,0,0,0,0,0,0,0,0,0,0,0,0,0,0,0,0,0,0,0,0,0,0,0,0,0
1315632,3.53936E+14,R5CX82S9S4H,Samsung,SM-F741B,Silver,256GB,Mobile phone,SM-F741BZSGEUB,REPAIRED,L2,main screen is not lighting up and does not work,"Screen, frame, batteries, tapes replaced",GH82-35014A,1,GH82-35024A,1,GH82-35023A,1,GH82-35141A,1,GH82-35143A,1,0,0,0,0,0,0,0,0,0,0,0,0,0,0,0,0,0,0,0,0
1315646,3.50483E+14,RZ8X301CKJA,Samsung,SM-A155F/DSN,Black,,Mobile phone,SM-A155FZKDEUB,REPAIRED,L2,Description: The display Flashing Green.IQC SKIP - NO IMAGE,"Replaced octa, battery, tape",GH81-24888A,1,GH82-33639A,1,GH82-33638A,1,0,0,0,0,0,0,0,0,0,0,0,0,0,0,0,0,0,0,0,0,0,0,0,0
1315648,3.51451E+14,RFCX71J26NK,Samsung,SM-F956B/DS,Light Pink,,Mobile phone,SM-F956BLIBEUB,REPAIRED,UB,"Query: screen of the device is flickering, and the battery i","Replaced screen, batteries, tapes, sp",GH82-35139A,1,GH81-26062A,2,GH82-35138A,1,GH82-35046A,1,GH82-35137A,1,GH82-35049A,1,GH82-35048A,1,0,0,0,0,0,0,0,0,0,0,0,0,0,0,0,0
1315649,3.53936E+14,R5CX72TQYPB,Samsung,SM-F741B,Absolute Black,256GB,Mobile phone,SM-F741BAKGEUB,REPAIRED,L2,FRP lockIQC SKIPhinge issue,Replaced screen batteries and tapes,GH82-35014E,1,GH82-35024A,1,GH82-35141A,1,GH82-35023A,1,GH82-35143A,1,0,0,0,0,0,0,0,0,0,0,0,0,0,0,0,0,0,0,0,0
1315651,3.50118E+14,RFCY70RHA2R,Samsung,SM-F966B/DS,Black,,Mobile phone,SM-F966BZKCEUB,REPAIRED,UB,"New screen, front deco, screen protector, cover","New screen, front deco, screen protector, cover",GH82-37543A,1,GH81-27757A,2,GH82-38023A,1,GH82-37824A,1,GH82-37822A,1,GH82-37534C,1,0,0,0,0,0,0,0,0,0,0,0,0,0,0,0,0,0,0
1315653,3.51798E+14,R5CWA2HJYAM,Samsung,SM-F731B,Grey,512GB,Mobile phone,SM-F731BZAHEUE,REPAIRED,UB,IQC fail - lines on display,Main screen replaced,GH82-34625A,1,GH82-32951A,1,GH82-35929A,1,GH82-35928A,1,GH81-23854A,2,0,0,0,0,0,0,0,0,0,0,0,0,0,0,0,0,0,0,0,0
1315657,3.51496E+14,R5CY63S3YYJ,Samsung,SM-F761B,White,128GB,Mobile phone,SM-F761BZWGEUB,REPAIRED,L2,IQC skipped - no display,Replaced battery screen and tapes,GH82-37734B,1,GH82-35143A,1,GH82-35141A,1,GH82-37737A,1,GH82-37736A,1,0,0,0,0,0,0,0,0,0,0,0,0,0,0,0,0,0,0,0,0
1315661,3.50622E+14,RFCY71ZF20N,Samsung,SM-F966B/DS,Dark Blue,,Mobile phone,SM-F966BDBNEUB,REPAIRED,UB,Device screen has a physical damage to it. it can be seen pe,"OOW-New screen, front deco, screen protector",GH81-27757A,1,GH82-37822A,1,GH82-37543A,1,GH82-38023A,1,GH82-37824A,1,0,0,0,0,0,0,0,0,0,0,0,0,0,0,0,0,0,0,0,0
1315662,3.51451E+14,RFCX70CW5CT,Samsung,SM-F956B/DS,Dark Blue,,Mobile phone,SM-F956BDBBEUB,REPAIRED,UB,Condition GoodMM ONUTG crack causing black line down the scr,"Repaired screen, tapes",GH82-35046A,1,GH82-35138A,1,GH82-35137A,1,GH82-35139A,1,GH81-26062A,2,0,0,0,0,0,0,0,0,0,0,0,0,0,0,0,0,0,0,0,0
1315664,3.50364E+14,R3CX90A23TJ,Samsung,SM-S928B/DS,Yellow,,Mobile phone,SM-S928BZYGEUB,REPAIRED,UB,"[Defect HW, SW, App]",Replaced screen and tapes,GH82-33392A,1,GH82-33544A,1,GH82-33385A,1,0,0,0,0,0,0,0,0,0,0,0,0,0,0,0,0,0,0,0,0,0,0,0,0
1315678,3.51798E+14,R5CW80GFRQJ,Samsung,SM-F731B,Grey,512GB,Mobile phone,SM-F731BZAHEUB,REPAIRED,UB,"[Defect HW, SW, App]",replaced screen and tapes,GH82-32951A,1,GH82-35928A,1,GH81-23854A,2,GH82-35929A,1,GH82-34625A,1,0,0,0,0,0,0,0,0,0,0,0,0,0,0,0,0,0,0,0,0
1315679,3.50798E+14,R5CY63VXC4J,Samsung,SM-F766B,Black,256GB,Mobile phone,SM-F766BZKGEUB,REPAIRED,L2,OOW Impact damagePunctures in the displayCondition: FairQuer,"replaced screen, batts, tapes",GH82-37818A,1,GH82-37820A,1,GH82-38794C,1,GH82-37583A,1,GH82-37582A,1,0,0,0,0,0,0,0,0,0,0,0,0,0,0,0,0,0,0,0,0
1315682,3.50046E+14,R5CY5192MTW,Samsung,SM-S937B/DS,Black,,Mobile phone,SM-S937BZKGEUB,REPAIRED,L2,"OOW Impact Damage - Display cracked, device bent, bac cover","New screen, batts, tapes, cover",GH81-27504A,1,GH82-37312A,1,GH82-37202C,1,GH82-37224C,1,GH82-37227A,1,0,0,0,0,0,0,0,0,0,0,0,0,0,0,0,0,0,0,0,0
1315685,3.52648E+14,R5CY71NCH2D,Samsung,SM-F766B,Light Green,512GB,Mobile phone,SM-F766BLGHEUB,REPAIRED,L2,FOC GWG ñ UK Pres OfficeDamaged screen // screen is leaking,"New screen, batts and tapes",GH82-37582A,1,GH82-37820A,1,GH82-37818A,1,GH82-37581E,1,GH82-37583A,1,0,0,0,0,0,0,0,0,0,0,0,0,0,0,0,0,0,0,0,0
1315686,3.51337E+14,R5CX72SSSAW,Samsung,SM-F741B,Light Green,512GB,Mobile phone,SM-F741BLGHEUB,REPAIRED,L2,device screen become faulty when close,"New main screen, batteries, tapes",GH81-26035A,1,GH82-35143A,1,GH82-35145A,1,GH82-35014D,1,GH82-35024A,1,GH82-35023A,1,0,0,0,0,0,0,0,0,0,0,0,0,0,0,0,0,0,0
1315698,3.5093E+14,R5CW82LJM8X,Samsung,SM-F731B,Light Pink,256GB,Mobile phone,SM-F731BLIGEUB,REPAIRED,L2,OOW By dateCondition: FairQuery: Screen is showing bright li,"replaced screen, batts, tapes",GH82-31828C,1,GH82-35928A,1,GH82-35929A,1,GH82-31699A,1,GH82-31700A,1,0,0,0,0,0,0,0,0,0,0,0,0,0,0,0,0,0,0,0,0
1315704,3.58224E+14,RZCX900L2WT,Samsung,SM-F741B,Light Blue,256GB,Mobile phone,SM-F741BLBGEUB,REPAIRED,IP,OOW By dateCondition: FairQuery: My front screen don&apos;t,"end user, repair price declined",0,0,0,0,0,0,0,0,0,0,0,0,0,0,0,0,0,0,0,0,0,0,0,0,0,0,0,0,0,0
1315951,3.56597E+14,RFCY60DNSZA,Samsung,SM-S938B/DS,Black,,Mobile phone,SM-S938BZKGEUB,REPAIRED,AE,My phone pen has broken i need to repair my divorce please,Replaced spen,GH96-18791A,1,0,0,0,0,0,0,0,0,0,0,0,0,0,0,0,0,0,0,0,0,0,0,0,0,0,0,0,0
1315955,3.50966E+14,RFCY7024H1J,Samsung,SM-F966B/DS,Black,,Mobile phone,SM-F966BZKBEUB,REPAIRED,UB,Condition GoodMM ONUTG crack causing black screen,"Repaired screen, tapes",GH82-38023A,1,GH82-37824A,1,GH82-37822A,1,GH81-27757A,2,GH82-37543A,1,0,0,0,0,0,0,0,0,0,0,0,0,0,0,0,0,0,0,0,0
1315963,3.5093E+14,R5CW91JSHZJ,Samsung,SM-F731B,Grey,256GB,Mobile phone,SM-F731BZAGEUB,REPAIRED,UB,Condition GoodMM OFF  UTG crack causing black screen,"Repaired screen, tapes",GH82-32951A,1,GH82-34625A,1,GH82-35929A,1,GH82-35928A,1,GH81-23854A,2,0,0,0,0,0,0,0,0,0,0,0,0,0,0,0,0,0,0,0,0
1315964,3.50118E+14,RFCY907FAMF,Samsung,SM-F966B/DS,Light Green,,Mobile phone,SM-F966BLGCEUB,REPAIRED,L2,.,"Replaced octa, batteries, tapes",GH82-37549A,1,GH82-38023A,1,GH82-38664D,1,GH82-37824A,1,GH82-37550A,1,0,0,0,0,0,0,0,0,0,0,0,0,0,0,0,0,0,0,0,0
1315971,3.58224E+14,RZCX80V1VDK,Samsung,SM-F741B,Light Blue,256GB,Mobile phone,SM-F741BLBGEUB,REPAIRED,L2,IQC SKIPTouch screen unresponsive frp lock,"Replaced - Screen, batteries, kits.",GH82-35143A,1,GH82-35141A,1,GH82-35023A,1,GH82-35024A,1,GH82-35014C,1,0,0,0,0,0,0,0,0,0,0,0,0,0,0,0,0,0,0,0,0
1315972,3.58224E+14,RZCX90R0RQB,Samsung,SM-F741B,Light Green,256GB,Mobile phone,SM-F741BLGGEUB,REPAIRED,L2,Unable to IQC - unresponsive touch screen and device is maki,"replaced screen, batts, tapes",GH82-35014D,1,GH82-35024A,1,GH82-35023A,1,GH82-35141A,1,GH82-35143A,1,0,0,0,0,0,0,0,0,0,0,0,0,0,0,0,0,0,0,0,0
1315973,3.52648E+14,R5GYB0NG4ZA,Samsung,SM-F766B,Red,512GB,Mobile phone,SM-F766BZRHEUB,REPAIRED,UB,Unable to IQC - Main display is black and lines flickering o,"replaced screen, tapes",GH81-27575A,2,GH82-37578A,1,GH82-37818A,1,GH82-37816A,1,GH82-37820A,1,0,0,0,0,0,0,0,0,0,0,0,0,0,0,0,0,0,0,0,0
1315975,3.58224E+14,RZCXA1KS10V,Samsung,SM-F741B,Silver,256GB,Mobile phone,SM-F741BZSGEUE,REPAIRED,L2,"inner screen is completely black intermittently, sometime fl","Screen, frame, batteries, tapes replaced",GH82-35143A,1,GH82-35023A,1,GH82-35141A,1,GH82-35014A,1,GH82-35024A,1,0,0,0,0,0,0,0,0,0,0,0,0,0,0,0,0,0,0,0,0
1315982,3.52648E+14,R5CY809CQ9A,Samsung,SM-F766B,Light Green,512GB,Mobile phone,SM-F766BLGHEUB,REPAIRED,UB,Device screen displaying half black folding,"New screen, front deco, screen protector, tapes",GH81-27575A,2,GH82-37820A,1,GH82-37818A,1,GH82-37578A,1,GH81-15872A,1,GH81-26108A,1,0201-004132,1,GH82-37816A,2,0,0,0,0,0,0,0,0,0,0,0,0,0,0
1315989,3.51451E+14,RFCX90X9L0Z,Samsung,SM-F956B/DS,Silver,,Mobile phone,SM-F956BZSBEUB,REPAIRED,L2,Charging paused. Your phone is too cold. Charging will conti,screen and battery,GH82-35139A,1,GH81-26062A,2,GH59-15765A,1,GH82-35042A,1,GH82-35048A,1,GH82-35049A,1,GH82-35138A,1,GH96-17174A,1,GH42-07058A,1,0,0,0,0,0,0,0,0,0,0,0,0
1315994,3.52242E+14,RFCX90X87ZN,Samsung,SM-F956B/DS,White,,Mobile phone,SM-F956BZWNEUB,REPAIRED,UB,Line and black spots on screen,Main screen replaced,GH81-26062A,2,GH82-35138A,1,GH82-35046A,1,GH82-35139A,1,GH82-35137A,1,0,0,0,0,0,0,0,0,0,0,0,0,0,0,0,0,0,0,0,0
1315995,3.52648E+14,R5CY802M65X,Samsung,SM-F766B,Dark Blue,512GB,Mobile phone,SM-F766BDBHEUB,REPAIRED,UB,Line across the screen,"replaced screen, tapes",GH82-37820A,1,GH82-37818A,2,GH81-27575A,2,GH82-37816A,1,GH82-37578A,1,0,0,0,0,0,0,0,0,0,0,0,0,0,0,0,0,0,0,0,0
1316001,3.52648E+14,R5GYC3NDNYD,Samsung,SM-F766B,Light Green,512GB,Mobile phone,SM-F766BLGHEUB,REPAIRED,UB,Cracked screen,"Replaced screen, tapes, sp",GH82-37818A,1,GH82-37578A,1,GH82-37816A,1,GH82-37820A,1,0201-004132,1,GH81-27575A,2,GH81-26108A,1,GH81-15872A,1,0,0,0,0,0,0,0,0,0,0,0,0,0,0
1316002,3.51337E+14,R5CX72D4BMJ,Samsung,SM-F741B,Silver,512GB,Mobile phone,SM-F741BZSHEUB,REPAIRED,L2,IQC - skip - no main screencondition - goodthe whole screen,screen and battery,GH82-35143A,1,GH82-35141A,1,GH82-35014A,1,GH82-35024A,1,GH82-35023A,1,0,0,0,0,0,0,0,0,0,0,0,0,0,0,0,0,0,0,0,0
1316004,3.52242E+14,RFCX90CRXJK,Samsung,SM-F956B/DS,White,,Mobile phone,SM-F956BZWNEUB,REPAIRED,UB,IQC - VALIQUERY - the main screen not working the big screen,"New screen, frame, batts, tapes, deco, protector and cover",GH82-35044E,1,GH82-35086E,1,GH81-26062A,2,GH82-35049A,1,GH82-35048A,1,GH82-35137A,2,GH82-35138A,1,GH82-35046A,1,GH82-35139A,1,0,0,0,0,0,0,0,0,0,0,0,0
1316005,3.5093E+14,R3CWB0DXG5T,Samsung,SM-F731B,Light Green,256GB,Mobile phone,SM-F731BLGGEUB,REPAIRED,UB,"[Defect HW, SW, App]",replaced screens and tapes,GH82-31929D,1,GH82-32951A,1,GH81-23854A,2,GH82-35928A,1,GH82-35929A,1,GH82-34625A,1,GH97-29135A,1,0,0,0,0,0,0,0,0,0,0,0,0,0,0,0,0
1316010,3.58224E+14,RZCX827L4WX,Samsung,SM-F741B,Silver,,Mobile phone,SM-F741BZSGEUE,REPAIRED,L2,IQC SKIPTouch screen not working,"Replaced - Screen, batteries, kits.",GH82-35024A,1,GH82-35141A,1,GH82-35023A,1,GH82-35014A,1,GH82-35143A,1,0,0,0,0,0,0,0,0,0,0,0,0,0,0,0,0,0,0,0,0
1316011,3.51451E+14,RFCX61LYQAM,Samsung,SM-F956B/DS,Absolute Black,,Mobile phone,SM-F956BAKBEUB,REPAIRED,L2,SC+Dented hinge- TFE and UTG crack on main display,Replaced both screens,GH82-35048A,1,GH82-35049A,1,GH59-15765A,1,GH82-35047A,1,GH82-35042D,1,GH82-35139A,1,GH82-35137A,1,GH82-35138A,1,0,0,0,0,0,0,0,0,0,0,0,0,0,0
1316013,3.54223E+14,R5CY9332R5P,Samsung,SM-S938B/DS,Absolute Black,,Mobile phone,SM-S938BAKDEUB,REPAIRED,L2,Wide camera slow to focus,Main rear camera replaced,GH96-18164A,1,GH82-37696A,1,0,0,0,0,0,0,0,0,0,0,0,0,0,0,0,0,0,0,0,0,0,0,0,0,0,0
1316015,3.51337E+14,R5CX73L2DTL,Samsung,SM-F741B,Light Green,512GB,Mobile phone,SM-F741BLGHEUB,REPAIRED,L2,OOW due to impact damage- USB port dented affecting the scre,"Screen, frame, batteries, tapes, charge port replaced",GH82-35023A,1,GH82-35014D,1,GH82-35024A,1,GH96-16986A,1,GH82-35141A,1,GH82-35143A,1,0,0,0,0,0,0,0,0,0,0,0,0,0,0,0,0,0,0
1316016,3.50197E+14,RFCWA0RTQEV,Samsung,SM-S918B/DS,Green,,Mobile phone,SM-S918BZGDEUB,REPAIRED,UB,IQC - SKIP - NO DISPLAYQUERY - SCREEN IS COMPLETELY BLACK AF,"NEW SCREEN, FRAME, BATTERY, COVER, SUB PBA, FLEX CABLES, TAPES, STYLUS",GH81-24724A,1,GH96-15658C,1,GH98-48039C,1,GH97-28417A,1,GH96-15662A,1,GH96-15621A,1,GH59-15600A,1,GH82-30461A,1,GH82-30460A,1,GH82-30459A,1,GH81-24723A,1,GH82-33783A,1,GH82-30400C,1,GH96-15833C,1,0,0
1316018,3.53521E+14,RZCY10V2WZH,Samsung,SM-A166B/DS,Grey,,Mobile phone,SM-A166BZADEUE,REPAIRED,L2,-As per customer device is not chargingIQC SKIP = device is,"Replaced sub pba, ctc, tape",GH96-18449A,1,GH82-36147A,1,GH81-26599A,1,0,0,0,0,0,0,0,0,0,0,0,0,0,0,0,0,0,0,0,0,0,0,0,0
1316019,3.51337E+14,R5CX718ETQJ,Samsung,SM-F741B,Light Blue,512GB,Mobile phone,SM-F741BLBHEUB,REPAIRED,L1,"[Defect HW, SW, App]",Screen protector,GH81-26035A,2,0,0,0,0,0,0,0,0,0,0,0,0,0,0,0,0,0,0,0,0,0,0,0,0,0,0,0,0
1316020,3.5093E+14,R5CW82LJ9LH,Samsung,SM-F731B,Light Pink,256GB,Mobile phone,SM-F731BLIGEUB,REPAIRED,L2,IQC SKIP CTC ISSUE no touch,Replaced screen batteries and tapes,GH82-31828C,1,GH82-31700A,1,GH82-31699A,1,GH82-35928A,1,GH82-35929A,1,0,0,0,0,0,0,0,0,0,0,0,0,0,0,0,0,0,0,0,0
1316024,3.5093E+14,R3CWB01XXXT,Samsung,SM-F731B,Light Green,256GB,Mobile phone,SM-F731BLGGEUB,REPAIRED,L2,"SC+UTG crack, high damage on the hinge","replaced screen, batts, tapes",GH82-31700A,1,GH82-31699A,1,GH82-35928A,1,GH82-31828D,1,GH82-35929A,1,GH81-23854A,2,0,0,0,0,0,0,0,0,0,0,0,0,0,0,0,0,0,0
1316027,3.51885E+14,R5CWC3QE9FZ,Samsung,SM-S928B/DS,Titanium,,Mobile phone,SM-S928BZTGEUB,REPAIRED,L2,usb port issue IQC SKIP,Replaced main board usb ctc and cover,GH82-33390A,1,GH82-33391A,1,GH96-16497A,1,GH82-33394A,1,GH82-33349A,1,GH59-15734A,1,0,0,0,0,0,0,0,0,0,0,0,0,0,0,0,0,0,0
1316031,3.51337E+14,R5CX92MGM4J,Samsung,SM-F741B,Light Blue,512GB,Mobile phone,SM-F741BLBHEUB,REPAIRED,L2,Device screen has no display,"New screen batteries, and tapes",GH82-35143A,1,GH82-35141A,1,GH82-35014C,1,GH82-35023A,1,GH82-35024A,1,0,0,0,0,0,0,0,0,0,0,0,0,0,0,0,0,0,0,0,0
1316035,3.503E+14,R5CX13PFVCZ,Samsung,SM-S928B/DS,Black,,Mobile phone,SM-S928BZKHEUB,REPAIRED,UB,"[Defect HW, SW, App]",Replaced ctcs screen and cover,GH82-33349B,1,GH96-16497A,1,GH82-33544A,1,GH82-33390A,1,GH82-33391A,1,GH82-33385A,1,0,0,0,0,0,0,0,0,0,0,0,0,0,0,0,0,0,0
1316038,3.5007E+14,RFCX11L8LCD,Samsung,SM-S921B/DS,Light Blue,,Mobile phone,SM-S921BLBGEUB,REPAIRED,UB,"Dropped phone, screen cracked","screen, frame and battery",GH82-33293A,1,GH82-33295A,1,GH82-33290A,1,GH82-33418F,1,GH82-33286A,1,0,0,0,0,0,0,0,0,0,0,0,0,0,0,0,0,0,0,0,0
1316039,3.50118E+14,RFCYA0Z7HGJ,Samsung,SM-F966B/DS,Light Green,,Mobile phone,SM-F966BLGCEUB,REPAIRED,UB,IQC fail - Flickering main screen,"replaced screen, tapes",GH82-37543A,1,GH82-37822A,1,GH81-27757A,2,GH82-38023A,1,GH82-37824A,1,0,0,0,0,0,0,0,0,0,0,0,0,0,0,0,0,0,0,0,0
1316042,3.53936E+14,R5CX729G5HR,Samsung,SM-F741B,White,256GB,Mobile phone,SM-F741BZWGEUB,REPAIRED,L2,"While I was crossing the street, I dropped my phone and a ca","New screen, batts, tapes, front screen, cover, cameras and speaker",GH82-35014F,1,GH82-35021A,1,GH96-16986A,1,GH96-15978A,1,GH96-16980A,1,GH96-16981A,1,GH82-35024A,1,GH82-35023A,1,GH82-35182F,1,GH97-30012F,1,GH97-30013A,1,GH96-17092A,1,0,0,0,0,0,0
1316044,3.54223E+14,R3CY50G4ZKZ,Samsung,SM-S938B/DS,Black,,Mobile phone,SM-S938BZKDEUB,REPAIRED,UB,I believe i have a crack in the screen and the speakers a cr,"Replaced screen, speaker, tapes",GH82-37696A,1,GH82-36588A,1,GH96-18767A,1,GH82-36522A,1,0,0,0,0,0,0,0,0,0,0,0,0,0,0,0,0,0,0,0,0,0,0
1316045,3.53227E+14,RFCW90T6JZM,Samsung,SM-F946B/DS,Black,,Mobile phone,SM-F946BZKBEUB,REPAIRED,UB,"[Defect HW, SW, App]","Replaced screens, frame, batteries, cover, tapes, sp",GH81-24926A,1,GH82-31849A,1,GH81-24613A,1,GH81-24686A,1,GH82-31862A,1,GH82-32950A,1,GH81-23916A,2,GH82-33114A,1,GH82-31847A,1,GH82-31846A,1,0,0,0,0,0,0,0,0,0,0
1316046,3.53936E+14,R5CX71KBWNT,Samsung,SM-F741B,Light Blue,256GB,Mobile phone,SM-F741BLBGEUB,REPAIRED,L2,OOW due to impact damage- deep puncture marks in the display,"Replaced octa, batteries, tapes",GH82-35143A,1,GH82-35141A,1,GH82-35024A,1,GH82-35023A,1,GH82-35014C,1,0,0,0,0,0,0,0,0,0,0,0,0,0,0,0,0,0,0,0,0
1316048,3.58224E+14,RZCXB0Z8JHV,Samsung,SM-F741B,Yellow,256GB,Mobile phone,SM-F741BZYGEUB,REPAIRED,L2,The customer is calling in because the inner screen of his p,"Replaced octa, batteries, tapes",GH82-35143A,1,GH82-35141A,1,GH82-35024A,1,GH82-35023A,1,GH82-35014B,1,0,0,0,0,0,0,0,0,0,0,0,0,0,0,0,0,0,0,0,0
1316051,3.52236E+14,,Samsung,SM-F956B/DS,Silver,,Mobile phone,SM-F956BZSBEUB,REPAIRED,UB,"Line down the fold, intermittent flickering/no touchMinimal",Main screen replaced,GH81-26062A,2,GH82-35139A,1,GH82-35137A,1,GH82-35138A,1,GH82-35046A,1,0,0,0,0,0,0,0,0,0,0,0,0,0,0,0,0,0,0,0,0
1316053,3.58224E+14,RZCXB1CA8KY,Samsung,SM-F741B,Silver,256GB,Mobile phone,SM-F741BZSGEUB,REPAIRED,L2,IQC - skip - CTC issue QUERY - Device stuck in reboot loopRR,"New screen, batts and tapes",GH82-35141A,1,GH82-35014A,1,GH82-35024A,1,GH82-35143A,1,GH82-35023A,1,0,0,0,0,0,0,0,0,0,0,0,0,0,0,0,0,0,0,0,0
1316054,3.51337E+14,R5CX63AXS0D,Samsung,SM-F741B,Coral,512GB,Mobile phone,SM-F741BZOHEUB,REPAIRED,L2,"Unable to IQC - no power, not chargingCTCs issue","replaced screen, batts, tapes",GH82-35014F,1,GH82-35024A,1,GH82-35023A,1,GH82-35143A,1,GH82-35141A,1,0,0,0,0,0,0,0,0,0,0,0,0,0,0,0,0,0,0,0,0
1316094,3.55929E+14,R5CW42535QN,Samsung,SM-S918B/DS,Light Pink,,Mobile phone,SM-S918BLIDEUB,REPAIRED,UB,OOW By dateCondition: FairQuery: Front screen needs replecme,replaced screen and tapes,GH81-24723A,1,GH82-33783A,1,GH81-24724A,1,0,0,0,0,0,0,0,0,0,0,0,0,0,0,0,0,0,0,0,0,0,0,0,0
1316101,3.50439E+14,R5CW33GDYNX,Samsung,SM-S918B/DS,Red,,Mobile phone,SM-S918BZRPEUB,REPAIRED,UB,OOW By dateCondition: FairQuery: Cracked screen,New screen and tapes,GH82-33783A,1,GH81-24724A,1,GH81-24723A,1,0,0,0,0,0,0,0,0,0,0,0,0,0,0,0,0,0,0,0,0,0,0,0,0
1316118,3.5093E+14,R5CW712K26W,Samsung,SM-F731B,Beige,256GB,Mobile phone,SM-F731BZEGEUB,REPAIRED,L2,OOW By dateCondition: FairQuery: My full screen (not the one,"replaced screen, batts, tapes",GH82-31828B,1,GH82-31700A,1,GH82-31699A,1,GH82-35928A,1,GH82-35929A,1,0,0,0,0,0,0,0,0,0,0,0,0,0,0,0,0,0,0,0,0
1316389,3.59413E+14,RZCX82A61YF,Samsung,SM-F741B,Silver,512GB,Mobile phone,SM-F741BZSHEUB,REPAIRED,L2,.,Replaced screen batteries and tapes,GH82-35143A,1,GH82-35141A,1,GH82-35023A,1,GH82-35024A,1,GH82-35014A,1,0,0,0,0,0,0,0,0,0,0,0,0,0,0,0,0,0,0,0,0
1316417,3.51451E+14,RFCX61LY5MR,Samsung,SM-F956B/DS,Absolute Black,,Mobile phone,SM-F956BAKBEUB,REPAIRED,L2,Device has no power and will not charge,"Replaced†-†Octa,†Mainboard,†Batteries,†kits.",GH82-35038A,1,GH82-35139A,1,GH82-35042D,1,GH82-35049A,1,GH82-35048A,1,GH82-35138A,1,0,0,0,0,0,0,0,0,0,0,0,0,0,0,0,0,0,0
1316426,3.50118E+14,RFCY71KVEQL,Samsung,SM-F966B/DS,Dark Blue,,Mobile phone,SM-F966BDBCEUB,REPAIRED,UB,Opened the phone and random lines appear. The screen will wo,screen,GH81-27757A,2,GH82-37822A,1,GH82-37824A,1,GH82-37543A,1,GH82-38023A,1,0,0,0,0,0,0,0,0,0,0,0,0,0,0,0,0,0,0,0,0
1316473,3.55394E+14,R3CY80KE59A,Samsung,SM-S731B/DS,Dark Blue,,Mobile phone,SM-S731BDBDEUB,REPAIRED,L2,wifi not staying connectedNew PBA,Main board replaced,GH81-27991A,1,GH82-38429A,1,0,0,0,0,0,0,0,0,0,0,0,0,0,0,0,0,0,0,0,0,0,0,0,0,0,0
1316488,3.50622E+14,RFCY70QMYMN,Samsung,SM-F966B/DS,Black,,Mobile phone,SM-F966BZKNEUB,REPAIRED,UB,New screen front deco screen protector,New screen front deco screen protector,GH82-37543A,1,GH82-37822A,1,GH81-27757A,1,GH82-37824A,1,GH82-38023A,1,0,0,0,0,0,0,0,0,0,0,0,0,0,0,0,0,0,0,0,0
1316493,3.5093E+14,R5CX50NMWBP,Samsung,SM-F731B,Grey,256GB,Mobile phone,SM-F731BZAGEUB,REPAIRED,UB,IW- main screen not working - low hinge damage,replaced screen front camera and tapes,GH81-23854A,2,GH82-35929A,1,GH82-34625A,1,GH82-35928A,1,GH82-32951A,1,GH96-15978A,1,0,0,0,0,0,0,0,0,0,0,0,0,0,0,0,0,0,0
1316502,3.58224E+14,RZCX827KN7T,Samsung,SM-F741B,Yellow,256GB,Mobile phone,SM-F741BZYGEUB,REPAIRED,L2,"Query: For repair, screen is unresponsive.OOW due to deep pu","Replaced -  Screen, batteries, kits.",GH82-35143A,1,GH82-35141A,1,GH82-35024A,1,GH82-35023A,1,GH82-35014B,1,0,0,0,0,0,0,0,0,0,0,0,0,0,0,0,0,0,0,0,0
1316504,3.52648E+14,R5CY813SVMB,Samsung,SM-F766B,Dark Blue,512GB,Mobile phone,SM-F766BDBHEUE,REPAIRED,UB,Issue: screen is just showing a completely black displayIQC,"Replaced screen, tapes, sp",GH82-37578A,1,GH82-37816A,1,GH81-27575A,2,GH82-37818A,1,GH82-37820A,1,0,0,0,0,0,0,0,0,0,0,0,0,0,0,0,0,0,0,0,0
1316508,3.53936E+14,R5CX92MH66M,Samsung,SM-F741B,Light Blue,256GB,Mobile phone,SM-F741BLBGEUB,REPAIRED,L2,Unable to IQC - No main display / CTCs issue,"replaced screen, batts, tapes",GH82-35143A,1,GH82-35014C,1,GH82-35024A,1,GH82-35023A,1,GH82-35141A,1,0,0,0,0,0,0,0,0,0,0,0,0,0,0,0,0,0,0,0,0
1316515,3.5093E+14,R5CX13R3E0K,Samsung,SM-F731B,Light Green,256GB,Mobile phone,SM-F731BLGGEUB,REPAIRED,L2,The touchscreen is unresponsive,screen and battery,GH82-31699A,1,GH82-31700A,1,GH82-31828D,1,GH82-35928A,1,GH82-35929A,1,0,0,0,0,0,0,0,0,0,0,0,0,0,0,0,0,0,0,0,0
1316533,3.50966E+14,RFCY724VTRM,Samsung,SM-F966B/DS,Light Green,,Mobile phone,SM-F966BLGBEUB,REPAIRED,UB,OOW due to impact damage- half of the inner screen is coming,"replaced screen, tapes",GH82-37822A,1,GH82-37543A,1,GH82-37824A,1,GH82-38023A,1,GH81-27757A,1,0,0,0,0,0,0,0,0,0,0,0,0,0,0,0,0,0,0,0,0
1316535,3.58224E+14,RZCX900LQRB,Samsung,SM-F741B,Light Blue,256GB,Mobile phone,SM-F741BLBGEUB,REPAIRED,L2,The mini screen is working giving me limited access to funct,screen and battery,GH82-35141A,1,GH82-35023A,1,GH82-35014C,1,GH82-35143A,1,GH82-35024A,1,0,0,0,0,0,0,0,0,0,0,0,0,0,0,0,0,0,0,0,0
1316536,3.5093E+14,R3CWA0585YJ,Samsung,SM-F731B,Light Green,256GB,Mobile phone,SM-F731BLGGEUB,REPAIRED,UB,Black spot at foldNo dents or higne damageNew OLED IW,replaced screen and tapes,GH81-23854A,2,GH82-35928A,1,GH82-35929A,1,GH82-34625A,1,GH82-32951A,1,0,0,0,0,0,0,0,0,0,0,0,0,0,0,0,0,0,0,0,0
1316544,3.54484E+14,RFCW11MLXXJ,Samsung,SM-S918B/DS,Black,,Mobile phone,SM-S918BZKHEUB,REPAIRED,UB,Screen cracked which results in the screen flickering and th,New screen and tapes,GH81-24723A,1,GH82-33783A,1,GH81-24724A,1,0,0,0,0,0,0,0,0,0,0,0,0,0,0,0,0,0,0,0,0,0,0,0,0
1316545,3.51798E+14,R5CW71618EF,Samsung,SM-F731B,Light Green,512GB,Mobile phone,SM-F731BLGHEUB,REPAIRED,L1,Screen protector has bubbles and lifting up.,SP- Screen protector replacement,GH81-23854A,2,0,0,0,0,0,0,0,0,0,0,0,0,0,0,0,0,0,0,0,0,0,0,0,0,0,0,0,0
1316570,3.50966E+14,RFCY903W17A,Samsung,SM-F966B/DS,Silver,,Mobile phone,SM-F966BZSBEUB,REPAIRED,L1,cx wants to get a screen protector for his device,screen protector,GH81-27757A,1,0,0,0,0,0,0,0,0,0,0,0,0,0,0,0,0,0,0,0,0,0,0,0,0,0,0,0,0
1316582,3.51451E+14,RFCX81MW39M,Samsung,SM-F956B/DS,Silver,,Mobile phone,SM-F956BZSBEUE,REPAIRED,L1,Inner screen protector lifting,SP- Screen protector replacement,GH81-26062A,2,0,0,0,0,0,0,0,0,0,0,0,0,0,0,0,0,0,0,0,0,0,0,0,0,0,0,0,0
1316585,3.53936E+14,R5CX71E6ZKM,Samsung,SM-F741B,Light Blue,256GB,Mobile phone,SM-F741BLBGEUB,REPAIRED,L2,Condition GoodMM OFF  Black screen CTC issue,"Repaired screen, frame, batteries, tapes",GH82-35014C,1,GH82-35023A,1,GH82-35024A,1,GH82-35143A,1,GH82-35141A,1,0,0,0,0,0,0,0,0,0,0,0,0,0,0,0,0,0,0,0,0
1316610,3.52861E+14,R5GYB3XYKYE,Samsung,SM-A165F/DSB,Black,,Mobile phone,SM-A165FZKBEUB,REPAIRED,L2,Device does not charge,USB-C port replaced,GH96-18451A,1,0,0,0,0,0,0,0,0,0,0,0,0,0,0,0,0,0,0,0,0,0,0,0,0,0,0,0,0
1316613,3.52242E+14,RFCX805S4MK,Samsung,SM-F956B/DS,Silver,,Mobile phone,SM-F956BZSNEUB,REPAIRED,UB,Condition GoodMM ONUTG crack black line down the screen,"Repaired screen, tapes, batts",GH82-35048A,1,GH82-35049A,1,GH81-26062A,2,GH82-35139A,1,GH82-35046A,1,GH82-35137A,1,GH82-35138A,1,0,0,0,0,0,0,0,0,0,0,0,0,0,0,0,0
1316617,3.58224E+14,RZCXA1KS15H,Samsung,SM-F741B,Silver,256GB,Mobile phone,SM-F741BZSGEUE,REPAIRED,UB,IQC - FAIL - LINE ACROSS HINGEQUERY - WHITE LINE ALONG THE F,"NEW SCREEN, DECO AND PROTECTOR",GH82-35143A,1,GH82-35141A,1,GH82-35145A,1,GH82-35022A,1,GH81-26035A,2,0,0,0,0,0,0,0,0,0,0,0,0,0,0,0,0,0,0,0,0
1316621,3.53936E+14,R5CX830G4PW,Samsung,SM-F741B,Absolute Black,256GB,Mobile phone,SM-F741BAKGEUB,REPAIRED,L2,QUERY -  The screen has greyed below the fold line. Warranty,"New screen, batts and tapes",GH82-35024A,1,GH82-35023A,1,GH82-35143A,1,GH82-35141A,1,GH82-35014E,1,0,0,0,0,0,0,0,0,0,0,0,0,0,0,0,0,0,0,0,0
1316623,3.51788E+14,RFCX715ZHSA,Samsung,SM-F956B/DS,Dark Blue,,Mobile phone,SM-F956BDBCEUB,REPAIRED,L1,IQC pass. SP replacement Creased screen across the foldable,SP replacement,GH81-26062A,2,0,0,0,0,0,0,0,0,0,0,0,0,0,0,0,0,0,0,0,0,0,0,0,0,0,0,0,0
1316628,3.53936E+14,R5CX635N8JH,Samsung,SM-F741B,White,256GB,Mobile phone,SM-F741BZWGEUB,REPAIRED,L2,Condition GoodMM ONBlack screen CTC issue,"Repaired screen, frame, batteries, tapes",GH82-35141A,1,GH82-35143A,1,GH82-35024A,1,GH81-26035A,2,GH82-35023A,1,GH82-35014F,1,0,0,0,0,0,0,0,0,0,0,0,0,0,0,0,0,0,0
1316629,3.53936E+14,R5CX7092DJV,Samsung,SM-F741B,Silver,256GB,Mobile phone,SM-F741BZSGEUB,REPAIRED,L2,Unable to IQC - No display and device is making a clicking s,"replaced screen, batts, tapes",GH82-35141A,1,GH82-35143A,1,GH82-35023A,1,GH82-35024A,1,GH82-35014A,1,0,0,0,0,0,0,0,0,0,0,0,0,0,0,0,0,0,0,0,0
1316644,3.52236E+14,RZCXA1ZLXNP,Samsung,SM-F956B/DS,Silver,,Mobile phone,SM-F956BZSBEUB,REPAIRED,L2,Not connecting to bluetooth devices,"replaced main board, tape",GH82-35038A,1,GH82-35139A,1,0,0,0,0,0,0,0,0,0,0,0,0,0,0,0,0,0,0,0,0,0,0,0,0,0,0
1316652,3.503E+14,R5CX22GNWMX,Samsung,SM-S928B/DS,Violet,,Mobile phone,SM-S928BZVHEUB,REPAIRED,UB,I was at the gym and dropped the phone on equipment and crac,"New screen, batt, frame, tape",GH82-33385A,1,GH82-33399A,1,GH82-33544A,1,GH82-33387A,1,GH82-33392A,1,0,0,0,0,0,0,0,0,0,0,0,0,0,0,0,0,0,0,0,0
1316654,3.50966E+14,RFCYA10SERA,Samsung,SM-F966B/DS,Dark Blue,,Mobile phone,SM-F966BDBBEUB,REPAIRED,UB,OOW Impact damageDamaged Display and Deco in multiple places,"Replaced -  Screen, deco and re-work kits.",GH81-27757A,2,GH82-37824A,1,GH82-38023A,1,GH82-37822A,1,GH82-37543A,1,0,0,0,0,0,0,0,0,0,0,0,0,0,0,0,0,0,0,0,0
1316658,3.50966E+14,RFCY90GSNTM,Samsung,SM-F966B/DS,Dark Blue,,Mobile phone,SM-F966BDBBEUB,REPAIRED,UB,half of the mainscreen is blank / display has dead areas or,New screen front deco screen protector,GH82-37543A,1,GH82-37822A,1,GH81-27757A,1,GH82-37824A,1,GH82-38023A,1,0,0,0,0,0,0,0,0,0,0,0,0,0,0,0,0,0,0,0,0
1316660,3.58224E+14,RZCX900LAWM,Samsung,SM-F741B,Light Blue,256GB,Mobile phone,SM-F741BLBGEUB,REPAIRED,L1,Slight hinge damage with no impact on the screenscreen prote,Replaced screen protector,GH81-26035A,2,0,0,0,0,0,0,0,0,0,0,0,0,0,0,0,0,0,0,0,0,0,0,0,0,0,0,0,0
1316665,3.51451E+14,RFCX61MZ17N,Samsung,SM-F956B/DS,Silver,,Mobile phone,SM-F956BZSBEUB,REPAIRED,UB,UTG crack with screen bleed effect across the foldable areaS,"replaced screen, tapes",GH81-26062A,2,GH82-35137A,1,GH82-35046A,1,GH82-35138A,1,GH82-35139A,1,0,0,0,0,0,0,0,0,0,0,0,0,0,0,0,0,0,0,0,0
1316684,3.50078E+14,R5CTC1803VD,Samsung,SM-F721B,Grey,128GB,Mobile phone,SM-F721BZAGEUB,REPAIRED,U2,OOW By dateCondition: FairQuery: phone turned off n will not,"New screen, tapes, deco, protector, flex cables, hinge",GH81-24714A,1,GH81-24715A,1,GH81-22424A,2,GH67-05418A,2,GH98-47798A,1,GH98-47797A,1,GH59-15579A,1,GH59-15592A,1,GH02-24293A,2,GH82-35838A,1,GH81-24931A,1,GH82-32824A,1,GH98-48225A,1,GH02-22867A,2,0,0
1316685,3.52624E+14,R5CX10ANGTM,Samsung,SM-S928B/DS,Violet,,Mobile phone,SM-S928BZVHEUB,REPAIRED,UB,"Back cover is loose, screen glass damage, NFC not working]",SC+ - REPLACED- screen / frame/ battery/ cover/ tapes,GH96-16577A,1,GH82-33349D,1,GH82-33392A,1,GH82-33387A,1,GH82-33385A,1,GH82-33544A,1,GH82-33399A,1,0,0,0,0,0,0,0,0,0,0,0,0,0,0,0,0
1316689,3.55235E+14,R3CWA0PDR6X,Samsung,SM-F946B/DS,Black,,Mobile phone,SM-F946BZKCEUB,REPAIRED,L1,OOW By dateCondition: FairQuery: Main single screen has 2 sl,SP replacement,GH81-23916A,1,0,0,0,0,0,0,0,0,0,0,0,0,0,0,0,0,0,0,0,0,0,0,0,0,0,0,0,0
1316980,3.50798E+14,R5CY73R41WB,Samsung,SM-F766B,Dark Blue,256GB,Mobile phone,SM-F766BDBGEUB,REPAIRED,L2,The phone is making a crackling noise every time the phone i,"Replaced - Screen, batteries, kits.",GH82-38794A,1,GH82-37582A,1,GH82-37583A,1,GH82-37818A,1,GH82-37820A,1,0,0,0,0,0,0,0,0,0,0,0,0,0,0,0,0,0,0,0,0
1316998,3.50526E+14,R5CW22CM44T,Samsung,SM-F721B,Light Blue,256GB,Mobile phone,SM-F721BLBHEUB,REPAIRED,UB,Condition GoodMM OFF  Black screen CTC issue Intermittent bl,"Repaired screen, frame, batteries, tapes",GH82-32901D,1,GH82-29433A,1,GH82-29434A,1,GH81-24931A,1,GH81-24715A,1,GH81-22424A,2,GH82-35838A,1,GH82-35082A,1,0,0,0,0,0,0,0,0,0,0,0,0,0,0
1317010,3.55235E+14,RFCW70MC54W,Samsung,SM-F946B/DS,Platinum,,Mobile phone,SM-F946BZUCEUB,REPAIRED,,,,,,,,,,,,,,,,,,,,,,,,,,,,,,,,,
1317011,3.5093E+14,R3CWA0CVEDW,Samsung,SM-F731B,Grey,256GB,Mobile phone,SM-F731BZAGEUB,REPAIRED,UB,Unable to IQC - No main display / Bulge under the screen by,"replaced screen, tapes",GH82-32951A,1,GH81-23854A,2,GH82-35929A,1,GH82-35928A,1,GH82-34625A,2,0,0,0,0,0,0,0,0,0,0,0,0,0,0,0,0,0,0,0,0
1317014,3.52648E+14,R5CY8140B2D,Samsung,SM-F766B,Red,512GB,Mobile phone,SM-F766BZRHEUB,REPAIRED,L2,Replaced screen batteries and tapes,Replaced screen batteries and tapes,GH82-38794D,1,GH82-37583A,1,GH82-37582A,1,GH82-37820A,1,GH82-37818A,1,0,0,0,0,0,0,0,0,0,0,0,0,0,0,0,0,0,0,0,0
1317019,3.51451E+14,RFCX71J37NW,Samsung,SM-F956B/DS,Absolute Black,,Mobile phone,SM-F956BAKBEUB,REPAIRED,UB,Black spot appeared on the fold line on inner screen,"Replaced - screen, tapes, SP",GH82-35137A,1,GH81-26062A,2,GH82-35138A,1,GH82-35139A,1,GH82-35046A,1,0,0,0,0,0,0,0,0,0,0,0,0,0,0,0,0,0,0,0,0
1317023,3.50467E+14,R3CY80HJEZT,Samsung,SM-S931B/DS,Dark Blue,,Mobile phone,SM-S931BDBGEUB,REPAIRED,UB,Condition GoodMM OFF  Damaged screen,"Repaired screen, frame, batteries, tapes, back cover, cams, mainbored",GH82-36327A,1,GH82-36328D,1,GH82-36331A,1,GH82-36295D,1,GH82-36478A,1,GH96-15557A,1,GH96-15528A,1,GH96-15540A,1,GH82-36402A,1,0,0,0,0,0,0,0,0,0,0,0,0
1317025,3.50966E+14,RFCY726LF3E,Samsung,SM-F966B/DS,Dark Blue,,Mobile phone,SM-F966BDBBEUB,REPAIRED,UB,IQC fail - lines across the screen,"replaced screen, tapes",GH82-37822A,2,GH81-27757A,2,GH82-37824A,1,GH82-37543A,1,GH82-38023A,2,0,0,0,0,0,0,0,0,0,0,0,0,0,0,0,0,0,0,0,0
1317026,3.53936E+14,R5CX7022XXK,Samsung,SM-F741B,Orange,256GB,Mobile phone,SM-F741BZOGEUB,REPAIRED,L2,Condition GoodMM OFF  Black screen CTC issue,"Repaired screen, frame, batteries, tapes",GH82-35014F,1,GH82-35023A,1,GH82-35024A,1,GH82-35141A,1,GH82-35143A,1,0,0,0,0,0,0,0,0,0,0,0,0,0,0,0,0,0,0,0,0
1317028,3.50798E+14,R5CY7402GEW,Samsung,SM-F766B,Black,256GB,Mobile phone,SM-F766BZKGEUB,REPAIRED,UB,Condition GoodMM OFF  Damaged screen Dead pixel no punctures,"Repaired screen, tapes",GH82-37578A,1,GH81-27575A,2,GH82-37818A,1,GH82-37816A,1,GH82-37820A,1,0,0,0,0,0,0,0,0,0,0,0,0,0,0,0,0,0,0,0,0
1317031,3.53936E+14,R5CX70AZREV,Samsung,SM-F741B,Silver,256GB,Mobile phone,SM-F741BZSGEUB,REPAIRED,L2,IQC - FAIL - line on screen + intermitternt touch on top of,"New screen, batts and tapes",GH82-35143A,1,GH82-35141A,1,GH82-35014A,1,GH82-35023A,1,GH82-35024A,1,0,0,0,0,0,0,0,0,0,0,0,0,0,0,0,0,0,0,0,0
1317032,3.53936E+14,R5CXC1KD1TB,Samsung,SM-F741B,White,256GB,Mobile phone,SM-F741BZWGEUB,REPAIRED,SU,QUERY - Cx received device back from repair with a PIN code,"S/W upgrade performed, bug in OS.",0,0,0,0,0,0,0,0,0,0,0,0,0,0,0,0,0,0,0,0,0,0,0,0,0,0,0,0,0,0
1317034,3.5722E+14,RZCX90FTMJZ,Samsung,SM-F956B/DS,Light Pink,,Mobile phone,SM-F956BLICEUB,REPAIRED,L1,IQC pass - SP replacement,SP replacement,GH81-26062A,2,0,0,0,0,0,0,0,0,0,0,0,0,0,0,0,0,0,0,0,0,0,0,0,0,0,0,0,0
1317038,3.51337E+14,R5CX635ADPL,Samsung,SM-F741B,Light Green,512GB,Mobile phone,SM-F741BLGHEUB,REPAIRED,L2,Condition GoodMM OFF  Black screen CTC issue,"Repaired screen, frame, batteries, tapes",GH82-35014D,1,GH82-35023A,1,GH82-35024A,1,GH82-35143A,1,GH82-35141A,1,0,0,0,0,0,0,0,0,0,0,0,0,0,0,0,0,0,0,0,0
1317048,3.59413E+14,RZCX90BPYGX,Samsung,SM-F741B,Light Blue,512GB,Mobile phone,SM-F741BLBHEUB,REPAIRED,UB,Condition GoodMM OFF  UTG crack causing black screen,"Repaired screen, tapes",GH82-35145A,1,GH82-35143A,1,GH82-35141A,1,GH81-26035A,2,GH82-35022A,1,0,0,0,0,0,0,0,0,0,0,0,0,0,0,0,0,0,0,0,0
1317050,3.50118E+14,RFCY70X6LNP,Samsung,SM-F966B/DS,Silver,,Mobile phone,SM-F966BZSCEUB,REPAIRED,L1,bubbling of the screen protector,Replaced - screen protector,GH81-27757A,2,0,0,0,0,0,0,0,0,0,0,0,0,0,0,0,0,0,0,0,0,0,0,0,0,0,0,0,0
1317059,3.53936E+14,R5CX7049V2M,Samsung,SM-F741B,Light Green,256GB,Mobile phone,SM-F741BLGGEUB,REPAIRED,L2,Query: Customer called in about the device is not working an,"Replaced - Screen, batteries, kits.",GH82-35143A,1,GH82-35141A,1,GH82-35024A,1,GH82-35023A,1,GH82-35014D,1,0,0,0,0,0,0,0,0,0,0,0,0,0,0,0,0,0,0,0,0
1317082,3.53936E+14,R5CX710GK4D,Samsung,SM-F741B,Light Green,256GB,Mobile phone,SM-F741BLGGEUB,REPAIRED,L2,Small screen (outer screen) works normally. Bigger screen in,"Replaced octa, batteries, tapes",GH82-35014D,1,GH82-35141A,1,GH82-35023A,1,GH82-35024A,1,GH82-35143A,1,0,0,0,0,0,0,0,0,0,0,0,0,0,0,0,0,0,0,0,0
1317099,3.51788E+14,RFCX61BZVDY,Samsung,SM-F956B/DS,Absolute Black,,Mobile phone,SM-F956BAKCEUB,REPAIRED,UB,Condition GoodMM ONUTG crack black line down the screen,"Repaired screen, tapes",GH82-35046A,1,GH82-35137A,1,GH82-35138A,1,GH82-35139A,1,GH81-26062A,2,0201-004132,1,GH81-15872A,1,GH81-26108A,1,0,0,0,0,0,0,0,0,0,0,0,0,0,0
1317101,3.5093E+14,R5CW90AL14N,Samsung,SM-F731B,Light Pink,256GB,Mobile phone,SM-F731BLIGEUB,REPAIRED,L2,OOW by dateCondition: FairCX:Screen protector is lifting alo,"replaced screen, batts, tapes",GH82-31828C,1,GH82-31700A,1,GH82-31699A,1,GH82-35928A,1,GH82-35929A,1,0,0,0,0,0,0,0,0,0,0,0,0,0,0,0,0,0,0,0,0
1317124,3.50829E+14,R58Y10HPHGK,Samsung,SM-A165F/DSB,Black,,Mobile phone,SM-A165FZKBEUE,REPAIRED,SU,OOW Phone LockCondition: GoodQuery: FRP locked - digited a w,FRP†unlock,0,0,0,0,0,0,0,0,0,0,0,0,0,0,0,0,0,0,0,0,0,0,0,0,0,0,0,0,0,0
1317128,3.50966E+14,RFCY700LKXJ,Samsung,SM-F966B/DS,Black,,Mobile phone,SM-F966BZKBEUB,REPAIRED,UB,Unable to IQC - lines across the screen and unresponsive tou,"replaced screen, tapes",GH82-37824A,1,GH82-38023A,2,GH82-37543A,1,GH81-27757A,2,GH82-37822A,1,0,0,0,0,0,0,0,0,0,0,0,0,0,0,0,0,0,0,0,0
1317135,3.58224E+14,RZCX90DHQ7R,Samsung,SM-F741B,Light Blue,256GB,Mobile phone,SM-F741BLBGEUB,REPAIRED,L2,Condition GoodMM OFFBlack screen CTC issue,"Repaired screen, frame, batteries, tapes",GH82-35141A,1,GH82-35143A,1,GH82-35024A,1,GH82-35023A,1,GH82-35014C,1,0,0,0,0,0,0,0,0,0,0,0,0,0,0,0,0,0,0,0,0
1317137,3.51798E+14,R5CW7113P1A,Samsung,SM-F731B,Light Pink,512GB,Mobile phone,SM-F731BLIHEUB,REPAIRED,L2,OOW By dateCondition: FairQuery: Impact damage to foldable s,"replaced screen, batts, tapes",GH82-31828C,1,GH82-31700A,1,GH82-31699A,1,GH82-35928A,1,GH82-35929A,1,0,0,0,0,0,0,0,0,0,0,0,0,0,0,0,0,0,0,0,0
1317141,3.51798E+14,R5CW800WT7M,Samsung,SM-F731B,Light Pink,512GB,Mobile phone,SM-F731BLIHEUB,REPAIRED,L2,OOW by dateCondition: FairCX:Main screen completely blank.,screen and battery,GH82-35929A,1,GH82-35928A,1,GH82-31700A,1,GH82-31699A,1,GH82-31828C,1,0,0,0,0,0,0,0,0,0,0,0,0,0,0,0,0,0,0,0,0
1317545,3.53936E+14,R5CX729GD5B,Samsung,SM-F741B,White,256GB,Mobile phone,SM-F741BZWGEUB,REPAIRED,L2,sc+ - lines across main screen,replaced - screen/ batteries/tapes,GH82-35143A,1,GH82-35023A,1,GH82-35024A,1,GH82-35014F,1,GH82-35141A,1,0,0,0,0,0,0,0,0,0,0,0,0,0,0,0,0,0,0,0,0
1317549,3.52242E+14,RFCX70GK6KR,Samsung,SM-F956B/DS,Dark Blue,,Mobile phone,SM-F956BDBNEUB,REPAIRED,IP,IW - TFE crack on main display condition- goodQUERY- Inner S,"Screen, tapes",GH81-26062A,2,GH82-35138A,1,GH82-35139A,1,GH82-35137A,1,GH82-35046A,1,0,0,0,0,0,0,0,0,0,0,0,0,0,0,0,0,0,0,0,0
1317552,3.52648E+14,R5CY81ZXHZK,Samsung,SM-F766B,Red,512GB,Mobile phone,SM-F766BZRHEUB,REPAIRED,UB,Condition GoodMM ONDead pixel + no punctures,"Repaired screen, tapes",GH82-37818A,1,GH81-27575A,2,GH82-37820A,1,GH82-37816A,1,GH82-37578A,1,0,0,0,0,0,0,0,0,0,0,0,0,0,0,0,0,0,0,0,0
1317575,3.58224E+14,RZCX80G8MHZ,Samsung,SM-F741B,Light Blue,256GB,Mobile phone,SM-F741BLBGEUB,REPAIRED,L2,Condition GoodMM OFF  CTC issue causing no touchscreen,"Repaired screen, frame, batteries, tapes",GH82-35143A,1,GH82-35014C,1,GH82-35141A,1,GH82-35024A,1,GH82-35023A,1,0,0,0,0,0,0,0,0,0,0,0,0,0,0,0,0,0,0,0,0
1317576,3.58224E+14,RZCXB0VR3XV,Samsung,SM-F741B,Light Blue,256GB,Mobile phone,SM-F741BLBGEUB,REPAIRED,IP,IQC skipped - inside screen has no display,screen &amp; batteries,GH82-35014C,1,GH82-35141A,1,GH96-16986A,1,GH82-35024A,1,GH82-35143A,1,GH82-35023A,1,0,0,0,0,0,0,0,0,0,0,0,0,0,0,0,0,0,0
1317578,3.58224E+14,RZCXB0NVTHV,Samsung,SM-F741B,Light Blue,256GB,Mobile phone,SM-F741BLBGEUE,REPAIRED,UB,Condition GoodMM ONDamaged screen + screen bleed + line acro,"Repaired screen, tapes",GH82-35145A,1,GH82-35141A,1,GH82-35022A,1,GH96-16986A,1,GH81-26035A,2,GH82-35143A,1,0,0,0,0,0,0,0,0,0,0,0,0,0,0,0,0,0,0
1317598,3.54223E+14,R3CY70X088X,Samsung,SM-S938B/DS,Black,,Mobile phone,SM-S938BZKDEUB,REPAIRED,UB,"[Defect HW, SW, App]",Replaced screen and tapes,GH82-37696A,1,GH82-36588A,1,GH82-36522A,1,0,0,0,0,0,0,0,0,0,0,0,0,0,0,0,0,0,0,0,0,0,0,0,0
1317600,3.53936E+14,R5CX70B3Q8L,Samsung,SM-F741B,Absolute Black,256GB,Mobile phone,SM-F741BAKGEUB,REPAIRED,L1,"not really on on front bezel, but been in hard case so good.","Replaced - screen protector, kit",GH81-26035A,2,GH82-35145A,1,0,0,0,0,0,0,0,0,0,0,0,0,0,0,0,0,0,0,0,0,0,0,0,0,0,0
1317605,3.50966E+14,RFCY70JSFLT,Samsung,SM-F966B/DS,Dark Blue,,Mobile phone,SM-F966BDBBEUB,REPAIRED,UB,QUERY: THE MIDDLE SCREEN HER HAS A LINE ON ITNO IQC - LOCKED,"REPLACED SCREEN, TAPES, SP",GH82-37543A,1,GH82-37822A,1,GH81-27757A,2,GH82-37824A,1,GH82-38023A,1,0,0,0,0,0,0,0,0,0,0,0,0,0,0,0,0,0,0,0,0
1317610,3.51451E+14,RFCX71J3HMP,Samsung,SM-F956B/DS,Absolute Black,,Mobile phone,SM-F956BAKBEUB,REPAIRED,UB,Condition GoodMM OFF  Damaged screen + flickering left side,"Repaired screen, tapes",GH81-26108A,1,GH81-15872A,1,0201-004132,1,GH81-26062A,2,GH82-35138A,1,GH82-35139A,1,GH82-35137A,1,GH82-35046A,1,0,0,0,0,0,0,0,0,0,0,0,0,0,0
1317621,3.51451E+14,RFCX71E3QRA,Samsung,SM-F956B/DS,Dark Blue,,Mobile phone,SM-F956BDBBEUB,REPAIRED,L2,IW - TFE Crack on main display - hinge not opening fully que,replaced - screen/ batteries/tapes,GH82-35138A,1,GH82-35139A,1,GH82-35137A,1,GH82-35049A,1,GH82-35048A,1,GH82-35042C,1,0,0,0,0,0,0,0,0,0,0,0,0,0,0,0,0,0,0
1317622,3.52624E+14,RFCX118A5NY,Samsung,SM-S928B/DS,Light Green,,Mobile phone,SM-S928BLGHEUB,REPAIRED,UB,Condition GoodMM OFF  Damaged screen,"Repaired screen, frame, batteries, tapes",GH82-33399B,1,GH82-33387A,1,GH82-33349E,1,GH82-33544A,1,GH82-33385A,1,0,0,0,0,0,0,0,0,0,0,0,0,0,0,0,0,0,0,0,0
1317634,3.53936E+14,R5CX82CV74M,Samsung,SM-F741B,Silver,256GB,Mobile phone,SM-F741BZSGEUB,REPAIRED,L2,IQC skipped black display,"Screen, battery, tapes",GH82-35141A,1,GH82-35143A,1,GH82-35023A,1,GH82-35024A,1,GH82-35014A,1,0,0,0,0,0,0,0,0,0,0,0,0,0,0,0,0,0,0,0,0
1317693,3.54741E+14,RZCX51LN6RF,Samsung,SM-S928B/DS,Violet,,Mobile phone,SM-S928BZVGEUB,REPAIRED,L2,"[Defect HW, SW, App]",replaced usb port and cover,GH82-33349D,1,GH82-33391A,1,GH96-16497A,1,0,0,0,0,0,0,0,0,0,0,0,0,0,0,0,0,0,0,0,0,0,0,0,0
1317726,3.5093E+14,R5CW81ERNCL,Samsung,SM-F731B,Beige,256GB,Mobile phone,SM-F731BZEGEUB,REPAIRED,UB,OOW By dateCondition: FairQuery: Inside screen has damage on,"replaced screen, tapes",GH82-32951A,1,GH82-34625A,1,GH82-35929A,1,GH82-35928A,1,GH81-23854A,1,GH82-31929B,1,0,0,0,0,0,0,0,0,0,0,0,0,0,0,0,0,0,0
1317749,3.5093E+14,R5CX429TRRD,Samsung,SM-F731B,Light Pink,256GB,Mobile phone,SM-F731BLIGEUB,REPAIRED,UB,Black dot due to bulge under the screen and dead pixels with,"replaced screen, tapes",GH81-23854A,2,GH82-35929A,1,GH82-35928A,1,GH82-34625A,1,GH82-32951A,1,0,0,0,0,0,0,0,0,0,0,0,0,0,0,0,0,0,0,0,0
1317770,3.50118E+14,RFCY70QTM4X,Samsung,SM-F966B/DS,Dark Blue,,Mobile phone,SM-F966BDBCEUB,REPAIRED,UB,IQC - fail - inner screen not working unfoldedQUERY - blank,"New screen, tapes, cover, deco, protector",GH81-27757A,2,GH82-37543A,1,GH82-37536A,1,GH82-37534B,1,GH82-38023A,1,GH82-37824A,1,0,0,0,0,0,0,0,0,0,0,0,0,0,0,0,0,0,0
1317774,3.52319E+14,R7AY50YGFFN,Samsung,SM-A057G/DSN,Silver,,Mobile phone,SM-A057GZSUEUE,REPAIRED,L2,"IQC -skip - no display, but pulling chargeQUERY - Device doe","New mainboard, usb port and tape",GH81-24359A,1,GH81-24390A,1,GH81-24366A,1,0,0,0,0,0,0,0,0,0,0,0,0,0,0,0,0,0,0,0,0,0,0,0,0
1317783,3.53936E+14,R5CX806SRAP,Samsung,SM-F741B,Silver,256GB,Mobile phone,SM-F741BZSGEUB,REPAIRED,L1,IQC - PASSQUERY - Bubbling or lifting of the screen protecto,SP - Screen protector replacement,GH81-26035A,2,0,0,0,0,0,0,0,0,0,0,0,0,0,0,0,0,0,0,0,0,0,0,0,0,0,0,0,0
1317803,3.53936E+14,R5CX71K742K,Samsung,SM-F741B,Light Blue,256GB,Mobile phone,SM-F741BLBGEUB,REPAIRED,L1,IW- SP only IQC -PassQUERY- Bubbles appeared near/ above cre,Sp replaced screen dented but not affecting functionality,GH81-26035A,1,0,0,0,0,0,0,0,0,0,0,0,0,0,0,0,0,0,0,0,0,0,0,0,0,0,0,0,0
1317823,3.52236E+14,RZCXA1ZMRDM,Samsung,SM-F956B/DS,Silver,,Mobile phone,SM-F956BZSBEUB,REPAIRED,UB,Query- My screen has a line (or lines) on the display-multip,"Replaced - Screens, deco and kits.",GH82-35139A,1,GH82-35046A,1,GH82-35137A,1,GH82-35138A,1,GH81-26062A,2,GH82-35047A,1,0,0,0,0,0,0,0,0,0,0,0,0,0,0,0,0,0,0
1317846,3.5093E+14,R3CX302ZMYZ,Samsung,SM-F731B,Grey,256GB,Mobile phone,SM-F731BZAGEUB,REPAIRED,UB,"[DEFECT HW, SW, APP]",REPLACED SCREEN AND TAPES,GH82-34625A,1,GH82-32951A,1,GH82-35928A,1,0,0,0,0,0,0,0,0,0,0,0,0,0,0,0,0,0,0,0,0,0,0,0,0
1318520,3.50526E+14,R5CT80G3ZGD,Samsung,SM-F721B,Light Violet,256GB,Mobile phone,SM-F721BLVHEUB,REPAIRED,L2,.,"OCTA, Batteries and Tapes Replaced",GH82-29433A,1,GH82-29434A,1,GH82-35082A,1,GH81-24715A,1,GH82-30238B,1,0,0,0,0,0,0,0,0,0,0,0,0,0,0,0,0,0,0,0,0
1318528,3.53936E+14,R5CX70276NX,Samsung,SM-F741B,Light Green,256GB,Mobile phone,SM-F741BLGGEUB,REPAIRED,L2,Unable to IQC - No display QUERY - inner screen is completel,"New screen, batts and tapes",GH82-35141A,1,GH82-35024A,1,GH82-35143A,1,GH82-35182D,1,GH82-35023A,1,GH82-35014D,1,0,0,0,0,0,0,0,0,0,0,0,0,0,0,0,0,0,0
1318536,3.53936E+14,R5CX823BR5L,Samsung,SM-F741B,Absolute Black,256GB,Mobile phone,SM-F741BAKGEUB,REPAIRED,UB,Condition GoodMM OFF  Damaged screen + screen bleed + bottom,"Repaired screen, tapes",GH81-26035A,2,GH82-35143A,1,GH82-35141A,1,GH82-35145A,1,GH82-35022A,1,0,0,0,0,0,0,0,0,0,0,0,0,0,0,0,0,0,0,0,0
1318542,3.53936E+14,R5CX63G9CJP,Samsung,SM-F741B,Yellow,256GB,Mobile phone,SM-F741BZYGEUB,REPAIRED,L2,Condition GoodMM OFF  Black screen CTC issue,"Repaired screen, frame, batteries, tapes",GH82-35141A,1,GH82-35143A,1,GH82-35024A,1,GH82-35023A,1,GH82-35014B,1,0,0,0,0,0,0,0,0,0,0,0,0,0,0,0,0,0,0,0,0
1318556,3.50177E+14,RFCX71S3NBT,Samsung,SM-S921B/DS,Black,,Mobile phone,SM-S921BZKGEUB,REPAIRED,L2,poor reception on all networkIQC PASSintermittent loosing si,"Replaced pba, sub pba, frc, tape, battery, cover",GH82-33101A,1,GH82-33290A,1,GH59-15732A,1,GH82-33632A,1,GH82-33293A,1,GH96-16507A,1,0,0,0,0,0,0,0,0,0,0,0,0,0,0,0,0,0,0
1318562,3.52648E+14,R5CY721R4FJ,Samsung,SM-F766B,Dark Blue,512GB,Mobile phone,SM-F766BDBHEUB,REPAIRED,L2,"The phone was working as normal, then i woke up the next day",Replaced; display and batteries,GH82-37582A,1,GH82-37583A,1,GH82-38794A,1,GH82-37820A,1,GH82-37818A,1,0,0,0,0,0,0,0,0,0,0,0,0,0,0,0,0,0,0,0,0
1318586,3.52648E+14,R5CY73GS4NN,Samsung,SM-F766B,Light Green,512GB,Mobile phone,SM-F766BLGHEUB,REPAIRED,L2,Main screen colours first changed and darkened intermittentl,"OCTA, Batteries and Tapes Replaced",GH82-37820A,1,GH82-38794E,1,GH82-37582A,1,GH82-37583A,1,GH82-37818A,1,0,0,0,0,0,0,0,0,0,0,0,0,0,0,0,0,0,0,0,0
1318589,3.50622E+14,RFCY71KWZMP,Samsung,SM-F966B/DS,Dark Blue,,Mobile phone,SM-F966BDBNEUB,REPAIRED,L2,IQC FAIL - NO SOUND ON MAIN DISPALYCTC ISSUES,"SCREEN, BATTERY, TAPES",GH82-38023A,1,GH82-38664B,1,GH82-37549A,1,GH82-37550A,1,GH82-37824A,1,0,0,0,0,0,0,0,0,0,0,0,0,0,0,0,0,0,0,0,0
1318601,3.50118E+14,RFCY806B32P,Samsung,SM-F966B/DS,Light Green,,Mobile phone,SM-F966BLGCEUB,REPAIRED,L2,IQC fail - black spots on the foldable area of the screen ca,"replaced screen, batts, SUB UB, tapes",GH82-37544A,1,GH82-38023A,2,GH82-37549A,1,GH82-38664D,1,GH82-37550A,1,GH82-37824A,1,0,0,0,0,0,0,0,0,0,0,0,0,0,0,0,0,0,0
1318602,3.51451E+14,RFCX61LX6VV,Samsung,SM-F956B/DS,Absolute Black,,Mobile phone,SM-F956BAKBEUB,REPAIRED,L1,The phone will only charge if the charging cable is at a cer,Cleaned chargeport,0,0,0,0,0,0,0,0,0,0,0,0,0,0,0,0,0,0,0,0,0,0,0,0,0,0,0,0,0,0
1318609,3.51337E+14,R5CX634VW3N,Samsung,SM-F741B,Light Blue,512GB,Mobile phone,SM-F741BLBHEUB,REPAIRED,L2,Condition GoodMM OFF  CTC issue causing no touchscreen,"Repaired screen, frame, batteries, tapes",GH82-35141A,1,GH82-35014C,1,GH82-35143A,1,GH82-35024A,1,GH82-35023A,1,0,0,0,0,0,0,0,0,0,0,0,0,0,0,0,0,0,0,0,0
1318610,3.51337E+14,R5CXB1NN4JL,Samsung,SM-F741B,Absolute Black,512GB,Mobile phone,SM-F741BAKHEUB,REPAIRED,L2,IQC fail - screen off test / folding inspection (automatic),"replaced screen, batts, tapes",GH82-35143A,1,GH82-35141A,1,GH82-35014E,1,GH82-35024A,1,GH82-35023A,1,0,0,0,0,0,0,0,0,0,0,0,0,0,0,0,0,0,0,0,0
1318618,3.55102E+14,R5CY71181KW,Samsung,SM-F761B,White,,Mobile phone,SM-F761BZWHEUB,REPAIRED,L1,Hello the device is in immaculate condition - after 30 secon,SP Replaced,GH81-27995A,1,0,0,0,0,0,0,0,0,0,0,0,0,0,0,0,0,0,0,0,0,0,0,0,0,0,0,0,0
1318623,3.50798E+14,R5CY73JDKWX,Samsung,SM-F766B,Light Green,256GB,Mobile phone,SM-F766BLGGEUB,REPAIRED,L2,The bottom half of the screen has stopped working; it goesco,Replaced: Display and batteries,GH82-38794E,1,GH82-37818A,1,GH96-19441A,1,GH82-37583A,1,GH82-37820A,1,GH82-37582A,1,0,0,0,0,0,0,0,0,0,0,0,0,0,0,0,0,0,0
1318644,3.50798E+14,R5CY743K99F,Samsung,SM-F766B,Dark Blue,256GB,Mobile phone,SM-F766BDBGEUE,REPAIRED,L2,Condition GoodMM OFF,"Repaired screen, frame, batteries, tapes, usb port, back cover",GH82-37583A,1,GH82-37582A,1,GH82-37820A,1,GH82-37818A,1,GH96-19729A,1,GH82-37594A,1,GH82-38794A,1,0,0,0,0,0,0,0,0,0,0,0,0,0,0,0,0
1318649,3.53227E+14,R3CW70GYCJY,Samsung,SM-F946B/DS,Black,,Mobile phone,SM-F946BZKBEUB,REPAIRED,L2,Reported Fault: Bluetooth and Wifi failure,Replaced: Mainboard,GH82-31856A,1,GH81-24686A,1,0,0,0,0,0,0,0,0,0,0,0,0,0,0,0,0,0,0,0,0,0,0,0,0,0,0
1318652,3.59361E+14,RFCW90REBAM,Samsung,SM-F946B/DS,Black,,Mobile phone,SM-F946BZKNEUB,REPAIRED,L1,"[Defect HW, SW, App]",SP and Deco Replaced,GH81-23916A,2,GH81-24926A,1,0,0,0,0,0,0,0,0,0,0,0,0,0,0,0,0,0,0,0,0,0,0,0,0,0,0
1318663,3.52624E+14,R5CX11J36MW,Samsung,SM-S928B/DS,Black,,Mobile phone,SM-S928BZKHEUB,REPAIRED,L2,Condition GoodMM ONBattery life,"Repaired batt, kits",GH82-33387A,1,GH82-33392A,1,0,0,0,0,0,0,0,0,0,0,0,0,0,0,0,0,0,0,0,0,0,0,0,0,0,0
1318680,3.53936E+14,R5CX71NM3WH,Samsung,SM-F741B,Silver,256GB,Mobile phone,SM-F741BZSGEUB,REPAIRED,L2,Condition GoodMM OFF  No Power,"Repaired screen, frame, batteries, tapes",GH82-35014A,1,GH82-35023A,1,GH82-35024A,1,GH82-35143A,1,GH82-35141A,1,GH82-35182A,1,0,0,0,0,0,0,0,0,0,0,0,0,0,0,0,0,0,0
1318683,3.50205E+14,R5CY60D6CBJ,Samsung,SM-S936B/DS,Black,,Mobile phone,SM-S936BZKGEUB,REPAIRED,UB,IQC fail - black spot on displayMM off,"screen, tapes, cover",GH82-36508A,1,GH82-36350E,1,GH82-36356A,1,GH82-36510A,1,0,0,0,0,0,0,0,0,0,0,0,0,0,0,0,0,0,0,0,0,0,0
1318685,3.50118E+14,RFCY7089J7X,Samsung,SM-F966B/DS,Silver,,Mobile phone,SM-F966BZSCEUB,REPAIRED,L2,"issue with one of the speakers is cutting in and out, these","Replaced octa, batteries, tapes",GH82-38023A,1,GH82-37824A,1,GH82-37549A,1,GH82-37550A,1,GH82-38664A,1,0,0,0,0,0,0,0,0,0,0,0,0,0,0,0,0,0,0,0,0
1318717,3.53227E+14,RFCW80JP02K,Samsung,SM-F946B/DS,Light Blue,,Mobile phone,SM-F946BLBBEUB,REPAIRED,L1,OOW by datecondition goodScreen Protector coming up on right,SP and deco replacement,GH81-24926A,1,GH81-23916A,1,0,0,0,0,0,0,0,0,0,0,0,0,0,0,0,0,0,0,0,0,0,0,0,0,0,0
1318720,3.51451E+14,RFCX701PKMM,Samsung,SM-F956B/DS,Dark Blue,,Mobile phone,SM-F956BDBBEUB,REPAIRED,L2,"octa, batt, tape","replaced octa, batt, tape",GH82-35042C,1,GH82-35138A,1,GH82-35049A,1,GH82-35048A,1,GH82-35139A,1,0,0,0,0,0,0,0,0,0,0,0,0,0,0,0,0,0,0,0,0
1318726,3.58224E+14,RZCX828RA7V,Samsung,SM-F741B,Light Green,256GB,Mobile phone,SM-F741BLGGEUB,REPAIRED,L2,Condition GoodMM OFF  Black screen CTC issue,"Repaired screen, frame, batteries, tapes. cover screen",GH97-30012D,1,GH82-35141A,1,GH82-35143A,1,GH82-35024A,1,GH82-35023A,1,GH82-35014D,1,0,0,0,0,0,0,0,0,0,0,0,0,0,0,0,0,0,0
1318735,3.55184E+14,RZ8R72703WZ,Samsung,SM-A125F/DSN,Black,,Mobile phone,SM-A125FZKVEUA,REPAIRED,L2,Issue: my contacts can&apos;t hear me on callsIQC FAIL - mic,Replaced sub pba,GH96-14044A,1,0,0,0,0,0,0,0,0,0,0,0,0,0,0,0,0,0,0,0,0,0,0,0,0,0,0,0,0
1319363,3.53936E+14,R5CX72LXFTR,Samsung,SM-F741B,Light Blue,256GB,Mobile phone,SM-F741BLBGEUB,REPAIRED,L2,Condition GoodMM OFF  Black screen CTC issue,"Repaired screen, frame, batteries, tapes",GH82-35014C,1,GH82-35023A,1,GH82-35143A,1,GH82-35141A,1,GH82-35024A,1,0,0,0,0,0,0,0,0,0,0,0,0,0,0,0,0,0,0,0,0
1319364,3.53936E+14,R5CX92KZ25Y,Samsung,SM-F741B,Silver,256GB,Mobile phone,SM-F741BZSGEUB,REPAIRED,L2,Condition GoodMM OFF  Black screen CTC issue,"Repaired screen, frame, batteries, tapes",GH82-35024A,1,GH82-35143A,1,GH82-35141A,1,GH82-35014A,1,GH82-35023A,1,0,0,0,0,0,0,0,0,0,0,0,0,0,0,0,0,0,0,0,0
1319365,3.50798E+14,R5CY93P9KQA,Samsung,SM-F766B,Dark Blue,256GB,Mobile phone,SM-F766BDBGEUB,REPAIRED,UB,The inner screen display went blackunable to IQC - no main s,"Replaced screen, tapes, sp",GH82-37820A,1,GH82-37818A,1,GH82-37816A,1,GH82-37578A,1,GH81-27575A,2,GH81-26108A,1,GH81-15872A,1,0201-004132,1,0,0,0,0,0,0,0,0,0,0,0,0,0,0
1319367,3.5722E+14,RZCXA1MLTEH,Samsung,SM-F956B/DS,Dark Blue,,Mobile phone,SM-F956BDBCEUB,REPAIRED,UB,black lines and also the right screen is not responsive as w,screen,GH81-26062A,2,GH82-35139A,1,GH82-35138A,1,GH82-35137A,1,GH82-35046A,1,0,0,0,0,0,0,0,0,0,0,0,0,0,0,0,0,0,0,0,0
1319368,3.5093E+14,R5CW70JAWQM,Samsung,SM-F731B,Grey,256GB,Mobile phone,SM-F731BZAGEUB,REPAIRED,UB,[.,"New screen, front deco screen protector",GH82-32951A,1,GH81-23854A,2,GH82-35929A,1,GH82-34625A,1,GH82-35928A,1,0,0,0,0,0,0,0,0,0,0,0,0,0,0,0,0,0,0,0,0
1319372,3.50798E+14,R5GYB31NF7W,Samsung,SM-F766B,Dark Blue,256GB,Mobile phone,SM-F766BDBGEUB,REPAIRED,UB,OOW due to punctures on the screencondition good screen is b,"New main screen, front deco, screen protector and tapes",GH82-37578A,1,GH82-37816A,1,GH82-37818A,1,GH82-37820A,1,GH81-27575A,2,0,0,0,0,0,0,0,0,0,0,0,0,0,0,0,0,0,0,0,0
1319379,3.52236E+14,RZCXB10EGPK,Samsung,SM-F956B/DS,Dark Blue,,Mobile phone,SM-F956BDBBEUB,REPAIRED,UB,IW - black spot on main display condition- goodquery - inner,"replaced screen,taapes,SP",GH81-26062A,2,GH82-35139A,1,GH82-35137A,1,GH82-35138A,1,GH82-35046A,1,0,0,0,0,0,0,0,0,0,0,0,0,0,0,0,0,0,0,0,0
1319380,3.53936E+14,R5CX63FP14X,Samsung,SM-F741B,Silver,256GB,Mobile phone,SM-F741BZSGEUB,REPAIRED,UB,Screen protector bubblingDents on the display prevent replac,Replaced screen and tapes,GH81-26108A,1,GH81-15872A,1,GH81-26035A,1,GH82-35143A,1,0201-004132,1,GH82-35141A,1,GH02-26374A,1,GH02-26398A,1,GH98-49714A,1,GH82-35145A,1,GH82-35022A,1,0,0,0,0,0,0,0,0
1319385,3.58562E+14,RFCY100FGZA,Samsung,SM-S938B/DS,Green,,Mobile phone,SM-S938BZGHEUB,REPAIRED,L2,Condition GoodMM ONMoisture in usb port,"Repaired usb port, tapes",GH82-36520A,1,GH96-18321A,1,0,0,0,0,0,0,0,0,0,0,0,0,0,0,0,0,0,0,0,0,0,0,0,0,0,0
1319386,3.51337E+14,R5CX71VFXST,Samsung,SM-F741B,Light Green,512GB,Mobile phone,SM-F741BLGHEUB,REPAIRED,L2,Device main screen will not display when fully open.,"New screen, batteries",GH82-35014D,1,GH82-35024A,1,GH82-35023A,1,GH82-35143A,1,GH82-35141A,1,0,0,0,0,0,0,0,0,0,0,0,0,0,0,0,0,0,0,0,0
1319388,3.54484E+14,R5CW10L56NM,Samsung,SM-S918B/DS,Light Pink,,Mobile phone,SM-S918BLIHEUB,REPAIRED,L2,Condition GoodMM OFF  Damaged cover,Repaired back cover,GH82-30400D,1,0,0,0,0,0,0,0,0,0,0,0,0,0,0,0,0,0,0,0,0,0,0,0,0,0,0,0,0
1319391,3.51451E+14,RFCX61LXPXB,Samsung,SM-F956B/DS,Absolute Black,,Mobile phone,SM-F956BAKBEUB,REPAIRED,L2,Too much pressure (dropped) on the centre of the fold. Cause,"Replaced octa, batteries, tapes",GH82-35139A,1,GH82-35138A,1,GH82-35048A,1,GH82-35049A,1,GH82-35042D,1,0,0,0,0,0,0,0,0,0,0,0,0,0,0,0,0,0,0,0,0
1319393,3.54741E+14,RZCX62C90XV,Samsung,SM-S928B/DS,Violet,,Mobile phone,SM-S928BZVGEUB,REPAIRED,UB,Condition GoodMM OFF  Damaged screen,"Repaired screen, frame, batteries, tapes",GH82-33387A,1,GH82-33399A,1,GH82-33349D,1,GH82-33544A,1,GH82-33385A,1,0,0,0,0,0,0,0,0,0,0,0,0,0,0,0,0,0,0,0,0
1319394,3.51337E+14,R5CX634TZ6M,Samsung,SM-F741B,Light Blue,512GB,Mobile phone,SM-F741BLBHEUB,REPAIRED,L2,"No display on main screen, hinge noisy when opening - CTC fa","Screen, frame, batteries, tapes replaced",GH82-35143A,1,GH82-35023A,1,GH82-35141A,1,GH82-35014C,1,GH82-35024A,1,0,0,0,0,0,0,0,0,0,0,0,0,0,0,0,0,0,0,0,0
1319395,3.53936E+14,R5CX63FN7RM,Samsung,SM-F741B,Silver,256GB,Mobile phone,SM-F741BZSGEUB,REPAIRED,L1,Device deco was dented,New-front deco and screen protector,GH82-35145A,1,GH81-26035A,2,0,0,0,0,0,0,0,0,0,0,0,0,0,0,0,0,0,0,0,0,0,0,0,0,0,0
1319397,3.50118E+14,RFGYB3ARZAP,Samsung,SM-F966B/DS,Dark Blue,,Mobile phone,SM-F966BDBCEUB,REPAIRED,UB,cx is calling because she meant to send the device for repai,screen,GH82-38023A,1,GH82-37824A,1,GH81-27757A,2,GH82-37822A,1,GH82-37543A,1,0,0,0,0,0,0,0,0,0,0,0,0,0,0,0,0,0,0,0,0
1319406,3.51788E+14,RFCX61M3JCZ,Samsung,SM-F956B/DS,Dark Blue,,Mobile phone,SM-F956BDBCEUB,REPAIRED,UB,Condition GoodMM ONDamaged screen + screen bleed,"Repaired screen, tapes",GH82-35139A,1,GH82-35137A,1,GH82-35046A,1,GH82-35138A,2,GH81-26062A,2,0,0,0,0,0,0,0,0,0,0,0,0,0,0,0,0,0,0,0,0
1319415,3.51337E+14,R5CX708A1CM,Samsung,SM-F741B,Light Green,512GB,Mobile phone,SM-F741BLGHEUB,REPAIRED,UB,UTG crack with no signs of cx misuse,"replaced screen, tapes",GH02-26398A,1,GH98-49714A,1,GH82-35145A,2,GH82-35022A,1,GH02-26374A,1,GH82-35141A,1,GH82-35143A,1,GH81-26035A,2,0,0,0,0,0,0,0,0,0,0,0,0,0,0
1320126,3.58311E+14,RZCY30AXVEV,Samsung,SM-S931B/DS,Light Blue,,Mobile phone,SM-S931BLBHEUB,REPAIRED,L2,"Lower speaker distorted sound, corrosion in USB fail","USB port, speaker, back cover replaced",GH96-18518A,1,GH96-18238A,1,GH82-36295C,1,0,0,0,0,0,0,0,0,0,0,0,0,0,0,0,0,0,0,0,0,0,0,0,0
1320129,3.50798E+14,R5CY73RH3SL,Samsung,SM-F766B,Dark Blue,256GB,Mobile phone,SM-F766BDBGEUB,REPAIRED,IP,the screen has a dent at the top right corner causing the sc,QR-device quote refused return without repair,0,0,0,0,0,0,0,0,0,0,0,0,0,0,0,0,0,0,0,0,0,0,0,0,0,0,0,0,0,0
1320132,3.53936E+14,R5CX90FA2TN,Samsung,SM-F741B,Absolute Black,256GB,Mobile phone,SM-F741BAKGEUB,REPAIRED,L2,.,"replaced octa, batteries, sub pba, tapes",GH82-35141A,1,GH82-35143A,1,GH82-35024A,1,GH82-35023A,1,GH96-16986A,1,GH82-35014E,1,0,0,0,0,0,0,0,0,0,0,0,0,0,0,0,0,0,0
1320134,3.55681E+14,R3CX309MJAZ,Samsung,SM-S921B/DS,Black,,Mobile phone,SM-S921BZKDEUB,REPAIRED,UB,"IQC - VALI - black area on screen, cannot use half of itQUER","New screen, frame, tapes, battery and cover",GH82-33286A,1,GH82-33293A,1,GH82-33101A,1,GH82-33295A,1,GH82-33290A,1,GH82-33418A,1,0,0,0,0,0,0,0,0,0,0,0,0,0,0,0,0,0,0
1320136,3.51788E+14,RFCX70AZGXY,Samsung,SM-F956B/DS,Absolute Black,,Mobile phone,SM-F956BAKCEUB,REPAIRED,L2,"UTG crack, high damage on the hinge, cracked cover and sub s","repalced OCTA, batts, tapes, SUB screen, cover",GH82-35139A,1,GH82-35048A,1,GH82-35138A,1,GH82-35049A,1,GH82-35042D,1,GH82-35086D,1,GH82-35047A,1,0,0,0,0,0,0,0,0,0,0,0,0,0,0,0,0
1320170,3.51212E+14,R7AX30MS7TY,Samsung,SM-A057G/DSN,Black,,Mobile phone,SM-A057GZKUEUB,REPAIRED,L2,Phone is smashedAll cosmetic parts majorly damaged,Full refurb,GH81-24363A,1,GH81-24364A,1,GH81-24411A,1,GH81-24403A,1,GH81-24395A,1,GH81-24382A,1,GH81-24375A,1,GH81-24376A,2,GH81-24649A,1,0,0,0,0,0,0,0,0,0,0,0,0
1320187,3.55102E+14,R5CY71H4RPL,Samsung,SM-F761B,Black,,Mobile phone,SM-F761BZKHEUB,REPAIRED,L2,Line on the ScreenIQC SKIP - intermittent touch issues from,"Replaced octa, batteries, tapes",GH82-37734A,1,GH82-37736A,1,GH82-37737A,1,GH82-35141A,1,GH82-35143A,1,0,0,0,0,0,0,0,0,0,0,0,0,0,0,0,0,0,0,0,0
1320197,3.52624E+14,R5CWC0G2NLM,Samsung,SM-S928B/DS,Titanium,,Mobile phone,SM-S928BZTHEUB,REPAIRED,,,,,,,,,,,,,,,,,,,,,,,,,,,,,,,,,
1320203,3.50798E+14,R5CY826LEAE,Samsung,SM-F766B,Dark Blue,256GB,Mobile phone,SM-F766BDBGEUB,REPAIRED,UB,IW- bottom of main display bleed- top no display condition-,replaced both screens,GH82-37816A,1,GH81-27575A,2,GH82-37820A,1,GH82-37818A,2,GH82-37579A,1,GH82-37578A,1,0,0,0,0,0,0,0,0,0,0,0,0,0,0,0,0,0,0
1320208,3.55102E+14,R5CYA30N2WA,Samsung,SM-F761B,White,,Mobile phone,SM-F761BZWHEUB,REPAIRED,UB,"UTG crack, no main display, no significant damage to OLED or",Screen replaced,GH82-35143A,1,GH82-37735A,1,GH82-35145A,1,GH82-35141A,1,GH81-27995A,2,0,0,0,0,0,0,0,0,0,0,0,0,0,0,0,0,0,0,0,0
1320216,3.53936E+14,R5CX70FZFYR,Samsung,SM-F741B,Absolute Black,256GB,Mobile phone,SM-F741BAKGEUB,REPAIRED,L1,New screen protector,New screen protector,GH81-26035A,2,0,0,0,0,0,0,0,0,0,0,0,0,0,0,0,0,0,0,0,0,0,0,0,0,0,0,0,0
1320227,3.51885E+14,R5CX13PBVEF,Samsung,SM-S928B/DS,Coral,,Mobile phone,SM-S928BZOGEUB,REPAIRED,UB,"Cracked cover, screen, dents on the frame, missing S Pen","replaced screen, frame, batt, cover, S pen",GH82-33349G,1,GH96-16577A,1,GH82-33392A,1,GH82-33544A,2,GH82-33387A,1,GH82-33399A,1,GH82-33385A,1,0,0,0,0,0,0,0,0,0,0,0,0,0,0,0,0
1320248,3.52648E+14,R5CY91XV9LE,Samsung,SM-F766B,Red,512GB,Mobile phone,SM-F766BZRHEUB,REPAIRED,UB,New screen front  deco screen protector and tapes,New screen front  deco screen protector and tapes,GH82-37578A,1,GH82-37816A,1,GH82-37818A,1,GH82-37820A,1,GH81-27575A,2,0,0,0,0,0,0,0,0,0,0,0,0,0,0,0,0,0,0,0,0
1320257,3.53936E+14,R5CXC1EETEH,Samsung,SM-F741B,Light Blue,256GB,Mobile phone,SM-F741BLBGEUB,REPAIRED,L2,The flip screen only works intermittently / will only work i,"Replaced octa, batteries, tapes",GH82-35143A,1,GH82-35024A,1,GH82-35023A,1,GH82-35014C,1,GH82-35141A,1,0,0,0,0,0,0,0,0,0,0,0,0,0,0,0,0,0,0,0,0
1320269,3.58224E+14,RZCY21J42AF,Samsung,SM-F741B,Light Blue,256GB,Mobile phone,SM-F741BLBGEUB,REPAIRED,L2,Condition GoodMM ONIntermittent camera issues,"Repaired cams, tape",GH96-16981A,1,GH96-16980A,1,GH82-35141A,1,0,0,0,0,0,0,0,0,0,0,0,0,0,0,0,0,0,0,0,0,0,0,0,0
1320275,3.55235E+14,RFCW709KW6A,Samsung,SM-F946B/DS,Light Blue,,Mobile phone,SM-F946BLBCEUB,REPAIRED,UB,device has pink line on the displayIQC fail black spot on sc,screen,GH81-23916A,1,GH82-31862C,1,GH81-24686A,1,GH81-24613A,1,GH81-24926A,1,GH82-32950A,1,0,0,0,0,0,0,0,0,0,0,0,0,0,0,0,0,0,0
1320286,3.51451E+14,RFCX61D7P8V,Samsung,SM-F956B/DS,Dark Blue,,Mobile phone,SM-F956BDBBEUE,REPAIRED,L2,Wont connect to wifi network,Main board replaced,GH82-35038A,1,GH82-35139A,1,0,0,0,0,0,0,0,0,0,0,0,0,0,0,0,0,0,0,0,0,0,0,0,0,0,0
1320290,3.53936E+14,R5CX72LQD4W,Samsung,SM-F741B,Yellow,256GB,Mobile phone,SM-F741BZYGEUB,REPAIRED,UB,Condition GoodMM ONDamaged screen + bottom half of screen fl,"Repaired screen, tapes",GH82-35022A,1,GH81-26035A,2,GH82-35143A,1,GH82-35145A,1,GH82-35141A,1,0,0,0,0,0,0,0,0,0,0,0,0,0,0,0,0,0,0,0,0
1320292,3.50798E+14,R5CY90T6KYY,Samsung,SM-F766B,Black,256GB,Mobile phone,SM-F766BZKGEUB,REPAIRED,L2,Query:My screen has a line (or lines) on the display and the,"Replaced: Screen, batteries, kits.",GH82-37820A,1,GH82-38794C,1,GH82-37582A,1,GH82-37583A,1,GH82-37818A,1,GH82-37579A,1,0,0,0,0,0,0,0,0,0,0,0,0,0,0,0,0,0,0
1320301,3.51788E+14,RFCX61M2NEV,Samsung,SM-F956B/DS,Dark Blue,,Mobile phone,SM-F956BDBCEUB,REPAIRED,L1,SP - Screen Protector Replacement,SP replacement,GH81-26062A,2,0,0,0,0,0,0,0,0,0,0,0,0,0,0,0,0,0,0,0,0,0,0,0,0,0,0,0,0
1320305,3.53936E+14,,Samsung,SM-F741B,Silver,,Mobile phone,SM-F741BZSGEUB,REPAIRED,UB,Condition GoodMM OFF  Damaged screen + screen bleed left han,"Repaired screen, tapes",GH82-35022A,1,GH82-35145A,1,GH82-35141A,1,GH82-35143A,1,GH81-26035A,2,0,0,0,0,0,0,0,0,0,0,0,0,0,0,0,0,0,0,0,0
1320306,3.53936E+14,R5CX72LV71N,Samsung,SM-F741B,Light Green,256GB,Mobile phone,SM-F741BLGGEUB,REPAIRED,L2,Condition GoodMM OFF  Black screen CTC issue,"Repaired screen, frame, batteries, tapes",GH82-35014D,1,GH82-35023A,1,GH82-35024A,1,GH82-35143A,1,GH82-35141A,1,0,0,0,0,0,0,0,0,0,0,0,0,0,0,0,0,0,0,0,0
1320310,3.50622E+14,RFCY71ZEV5J,Samsung,SM-F966B/DS,Dark Blue,,Mobile phone,SM-F966BDBNEUB,REPAIRED,UB,Display IssueIQC pass main screen not avalible,screen,GH82-37822A,1,GH82-37543A,1,GH81-27757A,2,GH82-37824A,1,GH82-38023A,1,0,0,0,0,0,0,0,0,0,0,0,0,0,0,0,0,0,0,0,0
1320317,3.53936E+14,R5CX73R6HMN,Samsung,SM-F741B,Silver,256GB,Mobile phone,SM-F741BZSGEUB,REPAIRED,L2,Condition GoodMM OFF  Black screen CTC issue,"Repaired screen, frame, batteries, tapes",GH82-35014A,1,GH82-35023A,1,GH82-35143A,1,GH82-35024A,1,GH82-35141A,1,0,0,0,0,0,0,0,0,0,0,0,0,0,0,0,0,0,0,0,0
1320324,3.50798E+14,R5GYC4SEMDP,Samsung,SM-F766B,Black,256GB,Mobile phone,SM-F766BZKGEUB,REPAIRED,UB,Main screen is black and flickering No physical damage to th,Screen replaced,0201-003930,1,GH81-26108A,1,GH81-27575A,1,GH82-37820A,1,GH82-37818A,1,GH82-37816A,1,GH82-37578A,1,0,0,0,0,0,0,0,0,0,0,0,0,0,0,0,0
1320331,3.58224E+14,RZCX90DHJEH,Samsung,SM-F741B,Light Blue,256GB,Mobile phone,SM-F741BLBGEUB,REPAIRED,UB,Condition GoodMM OFF  Not charging + Intermittent sub screen,"Repaired screen, tapes, cover screen, usb port",GH97-30012C,1,GH96-16986A,1,GH82-35141A,1,GH82-35143A,1,GH81-26035A,2,GH82-35022A,1,GH82-35145A,1,0,0,0,0,0,0,0,0,0,0,0,0,0,0,0,0
1320337,3.5093E+14,R3CX20H13VJ,Samsung,SM-F731B,Light Pink,256GB,Mobile phone,SM-F731BLIGEUB,REPAIRED,UB,Unable to IQC - no main displayUTG crack with screen bleed,"replaced screen, tapes",GH82-32951A,1,GH82-34625A,1,GH82-35929A,1,GH82-35928A,1,GH81-23854A,2,0,0,0,0,0,0,0,0,0,0,0,0,0,0,0,0,0,0,0,0
1320342,3.58224E+14,RZCX811S6EL,Samsung,SM-F741B,Light Green,256GB,Mobile phone,SM-F741BLGGEUB,REPAIRED,UB,Black spot followed by lines across the foldable area of the,"replaced†screen,†tapes",GH81-26035A,2,GH82-35143A,1,GH82-35141A,1,GH02-26374A,1,GH02-26398A,1,GH98-49714A,1,GH82-35145A,1,GH82-35022A,1,0,0,0,0,0,0,0,0,0,0,0,0,0,0
1320352,3.50526E+14,R5CWA0GDY1Z,Samsung,SM-F721B,Light Violet,256GB,Mobile phone,SM-F721BLVHEUB,REPAIRED,,,,,,,,,,,,,,,,,,,,,,,,,,,,,,,,,
1320363,3.53936E+14,R5CX71YSVBA,Samsung,SM-F741B,Yellow,256GB,Mobile phone,SM-F741BZYGEUB,REPAIRED,L2,Unable to IQC - No display and device is making a clicking s,"replaced screen, batts, tapes",GH82-35014B,1,GH82-35024A,1,GH82-35141A,1,GH82-35143A,1,GH82-35023A,1,0,0,0,0,0,0,0,0,0,0,0,0,0,0,0,0,0,0,0,0
1320368,3.51451E+14,RFCX703RD7K,Samsung,SM-F956B/DS,White,,Mobile phone,SM-F956BZWBEUB,REPAIRED,L2,"smashed screen, frame dented","Replaced octa, batteries, tapes",GH82-35049A,1,GH82-35138A,1,GH82-35139A,1,GH82-35042E,1,GH82-35048A,1,0,0,0,0,0,0,0,0,0,0,0,0,0,0,0,0,0,0,0,0
1320378,3.53936E+14,R5CX73YT8HA,Samsung,SM-F741B,Silver,256GB,Mobile phone,SM-F741BZSGEUB,REPAIRED,L2,Unable to IQC - No display and device is making a clicking s,"replaced†screen,†frame,†batteries,†tapes",GH82-35143A,1,GH82-35141A,1,GH82-35023A,1,GH82-35024A,1,GH82-35014A,1,0,0,0,0,0,0,0,0,0,0,0,0,0,0,0,0,0,0,0,0
1320386,3.50118E+14,RFCY71NV86B,Samsung,SM-F966B/DS,Dark Blue,,Mobile phone,SM-F966BDBCEUB,REPAIRED,UB,BLACK SPOT WITH LINES ACROSS THE SCREEN,"REPLACED - SCREEN, TAPES, SP",GH82-37543A,1,GH82-37822A,2,GH81-26108A,1,GH81-27757A,2,0201-003930,1,GH82-38023A,1,GH82-37824A,1,0,0,0,0,0,0,0,0,0,0,0,0,0,0,0,0
1320392,3.52236E+14,RZCXB10EK8J,Samsung,SM-F956B/DS,Light Pink,,Mobile phone,SM-F956BLIBEUB,REPAIRED,UB,Dead / missing pixels on the foldable area of the screen wit,"replaced†screen,†tapes",GH82-35046A,1,GH82-35137A,1,GH82-35138A,1,GH82-35139A,1,GH81-26062A,2,0,0,0,0,0,0,0,0,0,0,0,0,0,0,0,0,0,0,0,0
1320407,3.50966E+14,RFCY71BE92D,Samsung,SM-F966B/DS,Black,,Mobile phone,SM-F966BZKBEUB,REPAIRED,UB,"folding screen faulty, comes up with lines then becomes unre",screen,GH82-37543A,1,GH82-38023A,1,GH82-37824A,1,GH81-27757A,2,GH82-37822A,2,0201-003930,1,GH81-26108A,1,0,0,0,0,0,0,0,0,0,0,0,0,0,0,0,0
1320414,3.51982E+14,RFGYB39TZGJ,Samsung,SM-A165F/DSB,Light Green,,Mobile phone,SM-A165FLGBEUB,REPAIRED,L2,IQC skipped - device not charging,"USB port, tapes",GH96-18451A,1,GH82-36147A,1,0,0,0,0,0,0,0,0,0,0,0,0,0,0,0,0,0,0,0,0,0,0,0,0,0,0
1320420,3.50118E+14,RFCY70TNA5W,Samsung,SM-F966B/DS,Dark Blue,,Mobile phone,SM-F966BDBCEUB,REPAIRED,UB,.,"New screen front deco, screen protector and tapes",0201-004132,1,GH81-26108A,1,GH81-15872A,1,GH81-27757A,1,GH82-38023A,1,GH82-37824A,1,GH82-37822A,1,GH82-37543A,1,0,0,0,0,0,0,0,0,0,0,0,0,0,0
1320426,3.52624E+14,R5CWC0G2XXJ,Samsung,SM-S928B/DS,Titanium,,Mobile phone,SM-S928BZTHEUB,REPAIRED,L2,Not charging and short battery lifeBattery and sub PBA repla,Battery and usb port replaced,GH82-33392A,1,GH82-33387A,1,GH96-16497A,1,0,0,0,0,0,0,0,0,0,0,0,0,0,0,0,0,0,0,0,0,0,0,0,0
1320461,3.53936E+14,R5CX701MR3Y,Samsung,SM-F741B,Light Blue,256GB,Mobile phone,SM-F741BLBGEUB,REPAIRED,UB,Bottom side of the main screen is flickering green / black s,"replaced†screen,†tapes",GH82-35022A,1,GH82-35145A,1,GH98-49714A,1,GH02-26398A,1,GH02-26374A,1,GH82-35141A,1,GH82-35143A,1,GH81-26035A,2,0,0,0,0,0,0,0,0,0,0,0,0,0,0
1320464,3.51166E+14,RFCXA1X7SDL,Samsung,SM-A356B/DS,Light Blue,,Mobile phone,SM-A356BLBBEUB,REPAIRED,UB,"[Defect HW, SW, App]","Replaced screen, frame, battery, tapes",GH82-34224A,1,GH82-34225B,1,GH82-34228A,1,GH82-34539A,1,0,0,0,0,0,0,0,0,0,0,0,0,0,0,0,0,0,0,0,0,0,0
1320467,3.56597E+14,RFCY611XACD,Samsung,SM-S938B/DS,Blue,,Mobile phone,SM-S938BZBGEUB,REPAIRED,UB,"[Defect HW, SW, App]","Replaced screen, frame, battery, tapes",GH82-36588A,1,GH82-36386C,1,GH82-36522A,1,GH82-36389A,1,GH82-37696A,1,0,0,0,0,0,0,0,0,0,0,0,0,0,0,0,0,0,0,0,0
1320489,3.58224E+14,RZCX90VVKGZ,Samsung,SM-F741B,Light Green,256GB,Mobile phone,SM-F741BLGGEUB,REPAIRED,L2,Condition GoodMM OFF  Black screen CTC issue,"Repaired screen, frame, batteries, tapes",GH82-35143A,1,GH82-35141A,1,GH82-35024A,1,GH82-35023A,1,GH82-35014D,1,0,0,0,0,0,0,0,0,0,0,0,0,0,0,0,0,0,0,0,0
1320530,3.55235E+14,RFCW70M9EBE,Samsung,SM-F946B/DS,Light Blue,,Mobile phone,SM-F946BLBCEUB,REPAIRED,L1,OOW by datecondition goodNeeds the manufacturer screen proct,Replaced screen protector,GH81-23916A,2,0,0,0,0,0,0,0,0,0,0,0,0,0,0,0,0,0,0,0,0,0,0,0,0,0,0,0,0
1320537,3.5093E+14,R5CW90Z5LJF,Samsung,SM-F731B,Light Pink,256GB,Mobile phone,SM-F731BLIGEUB,REPAIRED,UB,Flashing light across the midline of the screen extending ac,screen,GH82-35928A,1,GH81-23854A,1,GH82-34625A,1,GH82-32951A,1,GH82-35929A,1,0,0,0,0,0,0,0,0,0,0,0,0,0,0,0,0,0,0,0,0
1320925,3.55359E+14,R5CX416S4TX,Samsung,SM-S928B/DS,Titanium,,Mobile phone,SM-S928BZTPEUB,REPAIRED,L2,Both speakers sounded distorted,New speakers and tape,GH81-24823A,1,GH97-29538A,1,GH96-16562A,1,0,0,0,0,0,0,0,0,0,0,0,0,0,0,0,0,0,0,0,0,0,0,0,0
1320927,3.50966E+14,RFGYB10K2PH,Samsung,SM-F966B/DS,Black,,Mobile phone,SM-F966BZKBEUB,REPAIRED,L2,Finger print scanner wasn&apos;t workingIQC pass - finger pr,finger print,GH81-27757A,1,GH82-37824A,1,GH82-37669C,1,0,0,0,0,0,0,0,0,0,0,0,0,0,0,0,0,0,0,0,0,0,0,0,0
1320935,3.51212E+14,R7AX30A4B6J,Samsung,SM-A057G/DSN,Light Green,,Mobile phone,SM-A057GLGUEUB,REPAIRED,L2,"IQC - SKIP - no displayQUERY -  repair not done, opening new","New screen, battery, usb port and tape",GH81-24390A,1,GH81-24364A,1,GH81-24363A,1,GH81-24366A,1,0,0,0,0,0,0,0,0,0,0,0,0,0,0,0,0,0,0,0,0,0,0
1320938,3.50205E+14,R5CY20YN9TT,Samsung,SM-S936B/DS,Dark Blue,,Mobile phone,SM-S936BDBGEUB,REPAIRED,UB,"[Defect HW, SW, App]","Replaced screen, frame, battery, tapes",GH82-36370A,1,GH82-36367D,1,GH82-36356A,1,GH82-36510A,1,GH82-36508A,1,0,0,0,0,0,0,0,0,0,0,0,0,0,0,0,0,0,0,0,0
1320945,3.57067E+14,RZCY50GFM4J,Samsung,SM-S721B/DS,Light Blue,,Mobile phone,SM-S721BLBDEUB,REPAIRED,UB,.,"Replaced screen, frame, battery, tapes",GH82-35851B,1,GH82-35853A,1,GH82-35850A,1,GH82-35930A,1,0,0,0,0,0,0,0,0,0,0,0,0,0,0,0,0,0,0,0,0,0,0
1320950,3.50622E+14,RFCY71KWMFT,Samsung,SM-F966B/DS,Black,,Mobile phone,SM-F966BZKNEUB,REPAIRED,,,,,,,,,,,,,,,,,,,,,,,,,,,,,,,,,
1320952,3.51788E+14,RFCX719FPMR,Samsung,SM-F956B/DS,White,,Mobile phone,SM-F956BZWCEUB,REPAIRED,L2,"[Defect HW, SW, App]",Replaced screen batteries and tapes,GH82-35042E,1,GH82-35048A,1,GH82-35049A,1,GH82-35138A,1,GH82-35139A,1,0,0,0,0,0,0,0,0,0,0,0,0,0,0,0,0,0,0,0,0
1320954,3.53936E+14,R5CX9377SSY,Samsung,SM-F741B,Light Blue,256GB,Mobile phone,SM-F741BLBGEUB,REPAIRED,UB,"[Defect HW, SW, App]","New screen front deco, screen protector and tapes",GH82-35145A,1,GH82-35022A,1,GH81-26035A,1,GH82-35143A,1,GH82-35141A,1,0,0,0,0,0,0,0,0,0,0,0,0,0,0,0,0,0,0,0,0
1320959,3.58224E+14,RZCX900LLVH,Samsung,SM-F741B,Light Blue,256GB,Mobile phone,SM-F741BLBGEUB,REPAIRED,L2,OOW due to multiple dents on the screen and upper side of th,"replaced screen, batts, tapes",GH82-35141A,1,GH82-35143A,1,GH82-35023A,1,GH82-35014C,1,GH82-35024A,1,0,0,0,0,0,0,0,0,0,0,0,0,0,0,0,0,0,0,0,0
1320961,3.58224E+14,RZCX908QXZN,Samsung,SM-F741B,Yellow,256GB,Mobile phone,SM-F741BZYGEUB,REPAIRED,L2,New†screen†and†batteries,New screen and batteries,GH82-35014B,1,GH82-35024A,1,GH82-35023A,1,GH82-35143A,1,GH82-35141A,1,0,0,0,0,0,0,0,0,0,0,0,0,0,0,0,0,0,0,0,0
1320962,3.53936E+14,R5CX72LQ01X,Samsung,SM-F741B,Yellow,256GB,Mobile phone,SM-F741BZYGEUB,REPAIRED,L2,IW- main display is blankcondition - good unable to IQC,replaced- octa/batteries/cover,GH82-35023A,1,GH82-35141A,1,GH82-35143A,1,GH82-35024A,1,GH82-35014B,1,GH82-35182B,1,0,0,0,0,0,0,0,0,0,0,0,0,0,0,0,0,0,0
1320969,3.51337E+14,R5CX708BCVF,Samsung,SM-F741B,Light Blue,512GB,Mobile phone,SM-F741BLBHEUB,REPAIRED,L2,Device main screen touch is not working.,"New screen, batteries, tapes",GH82-35141A,1,GH82-35143A,1,GH82-35023A,1,GH82-35024A,1,GH82-35014C,1,0,0,0,0,0,0,0,0,0,0,0,0,0,0,0,0,0,0,0,0
1320974,3.53936E+14,R5CX920ZKCZ,Samsung,SM-F741B,Yellow,256GB,Mobile phone,SM-F741BZYGEUB,REPAIRED,L2,OOW due to missing pcupCondition goodISSUE: damage across th,"Repaired screen, frame, batteries, tapes",GH82-35014B,1,GH82-35023A,1,GH82-35024A,1,GH82-35141A,1,GH82-35143A,1,0,0,0,0,0,0,0,0,0,0,0,0,0,0,0,0,0,0,0,0
1320981,3.53936E+14,R5CXC32N0KP,Samsung,SM-F741B,Absolute Black,256GB,Mobile phone,SM-F741BAKGEUB,REPAIRED,L2,IQC skipped - Device tuns of when folded,"screen, battery, tapes",GH82-35141A,1,GH82-35014E,1,GH82-35024A,1,GH82-35023A,1,GH82-35143A,1,0,0,0,0,0,0,0,0,0,0,0,0,0,0,0,0,0,0,0,0
1320992,3.52648E+14,R5CY80EBYZT,Samsung,SM-F766B,Dark Blue,512GB,Mobile phone,SM-F766BDBHEUB,REPAIRED,UB,Line across the foldable area of the screen,"replaced screen, tapes",GH82-37578A,1,GH82-37816A,1,GH82-37820A,1,GH82-37818A,1,GH81-27575A,2,0,0,0,0,0,0,0,0,0,0,0,0,0,0,0,0,0,0,0,0
1320996,3.57067E+14,RZCXB16NC2L,Samsung,SM-S721B/DS,Black,,Mobile phone,SM-S721BZKDEUB,REPAIRED,L2,Unable to IQC - Moisture detectedQUERY - Moisture Detected,New usb port and tape,GH96-17724A,1,GH81-26418A,1,0,0,0,0,0,0,0,0,0,0,0,0,0,0,0,0,0,0,0,0,0,0,0,0,0,0
1321001,3.50118E+14,RFCY70RGKNM,Samsung,SM-F966B/DS,Black,,Mobile phone,SM-F966BZKCEUB,REPAIRED,UB,FLICKERING AND LINES ON DISPLAYIQC - FAIL FLICKER ON MAIN DI,SCREEN,GH81-27757A,2,GH82-37824A,1,GH82-38023A,1,GH82-37822A,1,GH82-37543A,1,0,0,0,0,0,0,0,0,0,0,0,0,0,0,0,0,0,0,0,0
1321017,3.51885E+14,RFCX115BLNV,Samsung,SM-S928B/DS,Black,,Mobile phone,SM-S928BZKGEUB,REPAIRED,UB,sc+-  damaged screen,Replaced screen,GH82-33544A,1,GH82-33385A,1,GH82-33392A,1,0,0,0,0,0,0,0,0,0,0,0,0,0,0,0,0,0,0,0,0,0,0,0,0
1321018,3.52624E+14,R3CX20DB4VN,Samsung,SM-S928B/DS,Black,,Mobile phone,SM-S928BZKHEUB,REPAIRED,UB,.,"Replaced screen, frame, battery, cover, spen, tapes",GH82-33387A,1,GH82-33399B,1,GH82-33385A,1,GH82-33349B,1,GH82-33392A,1,GH82-33544A,1,GH96-16577B,1,0,0,0,0,0,0,0,0,0,0,0,0,0,0,0,0
1321020,3.57867E+14,RF8Y40N93DH,Samsung,SM-A165F/DSB,Light Green,,Mobile phone,SM-A165FLGBEUB,REPAIRED,SU,Device is FRP locked,FRP removal,0,0,0,0,0,0,0,0,0,0,0,0,0,0,0,0,0,0,0,0,0,0,0,0,0,0,0,0,0,0
1321021,3.53936E+14,R5CX830G59V,Samsung,SM-F741B,Absolute Black,256GB,Mobile phone,SM-F741BAKGEUB,REPAIRED,UB,IQC fail - lines on the screen,"screen, tapes",0201-003930,1,GH81-26108A,1,GH82-35145A,1,GH82-35143A,1,GH81-26035A,2,GH82-35022A,1,0,0,0,0,0,0,0,0,0,0,0,0,0,0,0,0,0,0
1321029,3.53936E+14,R5CX704NNNF,Samsung,SM-F741B,Light Blue,256GB,Mobile phone,SM-F741BLBGEUB,REPAIRED,L2,"[Defect HW, SW, App]","New main screen, batteries and tapes",GH82-35143A,1,GH82-35023A,1,GH82-35024A,1,GH82-35141A,1,GH82-35014C,1,0,0,0,0,0,0,0,0,0,0,0,0,0,0,0,0,0,0,0,0
1321031,3.55359E+14,R5CX154JPZN,Samsung,SM-S928B/DS,Light Blue,,Mobile phone,SM-S928BLBPEUB,REPAIRED,L2,IW - Charging port issuequery- Customer inquired about the c,replaced sub pba and tapes,GH82-33392A,1,GH96-16497A,1,0,0,0,0,0,0,0,0,0,0,0,0,0,0,0,0,0,0,0,0,0,0,0,0,0,0
1321033,3.53936E+14,R5CX72GCLBT,Samsung,SM-F741B,Light Blue,256GB,Mobile phone,SM-F741BLBGEUB,REPAIRED,UB,"New screen front deco, screen protector and tapes","New screen front deco, screen protector and tapes",GH82-35022A,1,GH82-35145A,1,GH81-26035A,1,GH82-35141A,1,GH82-35143A,1,0,0,0,0,0,0,0,0,0,0,0,0,0,0,0,0,0,0,0,0
1321034,3.53936E+14,R5CX71DD3VY,Samsung,SM-F741B,Light Blue,256GB,Mobile phone,SM-F741BLBGEUB,REPAIRED,L2,"[Defect HW, SW, App]",Replaced screen batteries and tapes,GH82-35143A,1,GH82-35024A,1,GH82-35141A,1,GH82-35023A,1,GH82-35014C,1,0,0,0,0,0,0,0,0,0,0,0,0,0,0,0,0,0,0,0,0
1321043,3.58224E+14,RZCY30RLWJR,Samsung,SM-F741B,Silver,256GB,Mobile phone,SM-F741BZSGEUB,REPAIRED,L2,IQC fail - lines on displaydevice has faulty hinge/ clicks w,"Screen, battery, tapes",GH82-35014A,1,GH82-35024A,1,GH82-35023A,1,GH82-35143A,1,GH82-35141A,1,GH82-35182A,1,0,0,0,0,0,0,0,0,0,0,0,0,0,0,0,0,0,0
1321497,3.58224E+14,RZCX90DHL1H,Samsung,SM-F741B,Light Blue,,Mobile phone,SM-F741BLBGEUB,REPAIRED,L1,sp replacement,New screen protector,GH81-26035A,1,0,0,0,0,0,0,0,0,0,0,0,0,0,0,0,0,0,0,0,0,0,0,0,0,0,0,0,0
1321515,3.55359E+14,R5CX228TRFV,Samsung,SM-S928B/DS,Black,,Mobile phone,SM-S928BZKPEUB,REPAIRED,UB,.,New screen charging port and tapes,GH82-33544A,1,GH82-33385A,1,GH81-24823A,1,GH96-16497A,1,0,0,0,0,0,0,0,0,0,0,0,0,0,0,0,0,0,0,0,0,0,0
1321518,3.58562E+14,RFCY2108FDX,Samsung,SM-S938B/DS,Black,,Mobile phone,SM-S938BZKHEUB,REPAIRED,L2,No power or charging,"Main†board, USB port, flex cables,†and†battery†replaced",GH96-18321A,1,GH82-37696A,1,GH82-36576A,1,GH59-15819A,1,GH82-36389A,1,0,0,0,0,0,0,0,0,0,0,0,0,0,0,0,0,0,0,0,0
1321522,3.51337E+14,R5CX71H5Q3Y,Samsung,SM-F741B,Silver,512GB,Mobile phone,SM-F741BZSHEUB,REPAIRED,L1,.],Replaced screen protector,GH81-26035A,2,0,0,0,0,0,0,0,0,0,0,0,0,0,0,0,0,0,0,0,0,0,0,0,0,0,0,0,0
1321524,3.53936E+14,R5CX63D2Q2R,Samsung,SM-F741B,Silver,256GB,Mobile phone,SM-F741BZSGEUB,REPAIRED,L2,bought last Aug and not working - main screen (blank) also h,screen and battery,GH82-35143A,1,GH82-35014A,1,GH82-35141A,1,GH82-35024A,1,GH82-35023A,1,0,0,0,0,0,0,0,0,0,0,0,0,0,0,0,0,0,0,0,0
1321527,3.53936E+14,R5CX71YTTGP,Samsung,SM-F741B,Yellow,256GB,Mobile phone,SM-F741BZYGEUB,REPAIRED,L2,Replaced screen batteries and tapes,Replaced screen batteries and tapes,GH82-35014B,1,GH82-35023A,1,GH82-35141A,1,GH82-35024A,1,GH82-35143A,1,0,0,0,0,0,0,0,0,0,0,0,0,0,0,0,0,0,0,0,0
1321529,3.53936E+14,R5CXA03E93K,Samsung,SM-F741B,Yellow,256GB,Mobile phone,SM-F741BZYGEUB,REPAIRED,L2,touch screen not working,Replaced screen batteries and tapes,GH82-35141A,1,GH82-35023A,1,GH82-35014B,1,GH82-35143A,1,GH82-35024A,1,0,0,0,0,0,0,0,0,0,0,0,0,0,0,0,0,0,0,0,0
1321530,3.50526E+14,R5CW2117DXR,Samsung,SM-F721B,Light Violet,256GB,Mobile phone,SM-F721BLVHEUB,REPAIRED,L1,"[Defect HW, SW, App]",New screen protector,GH81-22424A,2,0,0,0,0,0,0,0,0,0,0,0,0,0,0,0,0,0,0,0,0,0,0,0,0,0,0,0,0
1321534,3.53936E+14,R5CX91LGNWP,Samsung,SM-F741B,Silver,256GB,Mobile phone,SM-F741BZSGEUB,REPAIRED,L2,Unable to IQC - No display and device is making a clicking s,"New screen, batts, tapes",GH82-35014A,1,GH82-35024A,1,GH82-35023A,1,GH82-35143A,1,GH82-35141A,1,0,0,0,0,0,0,0,0,0,0,0,0,0,0,0,0,0,0,0,0
1321535,3.50798E+14,R5CY63QNRYY,Samsung,SM-F766B,Dark Blue,256GB,Mobile phone,SM-F766BDBGEUB,REPAIRED,UB,"[Defect HW, SW, App]","New screen, front deco, screen protector and tapes",GH82-37578A,1,GH82-37816A,1,GH81-27575A,1,GH82-37818A,1,GH82-37820A,1,0201-003930,1,GH81-26108A,1,0,0,0,0,0,0,0,0,0,0,0,0,0,0,0,0
1321537,3.55235E+14,RFCW915ZH0J,Samsung,SM-F946B/DS,Black,,Mobile phone,SM-F946BZKCEUB,REPAIRED,UB,SP replacementSmall dents on screen do not impact OLED but p,Main screen replaced,GH82-32950A,1,GH81-24926A,1,GH81-24613A,1,GH81-24686A,1,GH81-23916A,2,0,0,0,0,0,0,0,0,0,0,0,0,0,0,0,0,0,0,0,0
1321540,3.50118E+14,RFCY720L0RX,Samsung,SM-F966B/DS,Dark Blue,,Mobile phone,SM-F966BDBCEUB,REPAIRED,UB,ISSUE: damage across the folding lineOOW - Adjacent puncture,"Replaced screen, tapes, sp",GH81-27757A,1,GH82-37824A,1,GH82-38023A,1,GH82-37822A,1,GH82-37543A,1,0,0,0,0,0,0,0,0,0,0,0,0,0,0,0,0,0,0,0,0
1321542,3.51337E+14,R5CX63FG6JP,Samsung,SM-F741B,Yellow,512GB,Mobile phone,SM-F741BZYHEUB,REPAIRED,UB,Condition GoodMM OFF  Damaged screen + screen bleed + flicke,"Repaired screen, tapes",GH82-35143A,1,GH81-26035A,2,GH82-35022A,1,GH82-35145A,1,GH82-35141A,1,0,0,0,0,0,0,0,0,0,0,0,0,0,0,0,0,0,0,0,0
1321544,3.53936E+14,R5CX72LQ04B,Samsung,SM-F741B,Yellow,256GB,Mobile phone,SM-F741BZYGEUB,REPAIRED,,,,,,,,,,,,,,,,,,,,,,,,,,,,,,,,,
1321547,3.52319E+14,R7AY50T762Z,Samsung,SM-A057G/DSN,Black,,Mobile phone,SM-A057GZKUEUB,REPAIRED,L2,No power,"New screen, battery, usb port, cover",GH81-24363A,1,GH81-24390A,1,GH81-24364A,1,GH81-24366A,1,GH81-24649A,1,0,0,0,0,0,0,0,0,0,0,0,0,0,0,0,0,0,0,0,0
1321551,3.51729E+14,R5CY40H56AF,Samsung,SM-A266B/DS,Black,,Mobile phone,SM-A266BZKCEUB,REPAIRED,L2,.,Replaced usb ctc and cover,GH82-37020A,1,GH96-19386A,1,GH82-37052A,1,0,0,0,0,0,0,0,0,0,0,0,0,0,0,0,0,0,0,0,0,0,0,0,0
1321552,3.50118E+14,RFCY70RHJQY,Samsung,SM-F966B/DS,Black,,Mobile phone,SM-F966BZKCEUB,REPAIRED,UB,Condition GoodMM OFF  Damaged screen + left hand side of scr,"Repaired screen, tapes",GH81-27757A,2,GH82-37824A,1,GH82-38023A,1,GH82-37822A,1,GH82-37543A,1,0,0,0,0,0,0,0,0,0,0,0,0,0,0,0,0,0,0,0,0
1321563,3.51451E+14,RFCX70892HK,Samsung,SM-F956B/DS,Dark Blue,,Mobile phone,SM-F956BDBBEUB,REPAIRED,L1,OOW due to high impact damage on the hinge/ frame causing hi,New screen protector only - due to OOW dents in oled,GH81-26062A,2,0,0,0,0,0,0,0,0,0,0,0,0,0,0,0,0,0,0,0,0,0,0,0,0,0,0,0,0
1321571,3.50118E+14,RFCY71A1RJN,Samsung,SM-F966B/DS,Black,,Mobile phone,SM-F966BZKCEUB,REPAIRED,UB,Condition GoodMM OFF  Damaged screen + left hand side of scr,"Repaired screen, tapes",GH82-37543A,1,GH81-27757A,2,GH82-37822A,1,GH82-37824A,1,GH82-38023A,1,0,0,0,0,0,0,0,0,0,0,0,0,0,0,0,0,0,0,0,0
1321581,3.51337E+14,R5CX72DQ3ZN,Samsung,SM-F741B,Coral,512GB,Mobile phone,SM-F741BZOHEUB,REPAIRED,L2,.,New screen batteries,GH82-35141A,1,GH82-35014F,1,GH82-35024A,1,GH82-35143A,1,GH82-35023A,1,0,0,0,0,0,0,0,0,0,0,0,0,0,0,0,0,0,0,0,0
1321647,3.53936E+14,R5CXA1BK7WE,Samsung,SM-F741B,Absolute Black,256GB,Mobile phone,SM-F741BAKGEUB,REPAIRED,UB,Condition GoodMM OFF  UTG crack causing black screen,"Repaired screen, tapes",GH81-26035A,2,GH82-35145A,1,GH82-35141A,1,GH82-35022A,1,GH82-35143A,1,0,0,0,0,0,0,0,0,0,0,0,0,0,0,0,0,0,0,0,0
1322084,3.50966E+14,RFGYB3ATCFA,Samsung,SM-F966B/DS,Dark Blue,,Mobile phone,SM-F966BDBBEUB,REPAIRED,L2,"The phone was in my pocket, slipped out and fell on the floo","Replaced†-†octa, front screen, batteries, tapes",GH82-38664B,1,GH82-37544A,1,GH82-37550A,1,GH82-37549A,1,GH82-38023A,1,GH82-37824A,1,0,0,0,0,0,0,0,0,0,0,0,0,0,0,0,0,0,0
1322114,3.51451E+14,RFCX90XMM8B,Samsung,SM-F956B/DS,Light Pink,,Mobile phone,SM-F956BLIBEUB,REPAIRED,L2,"New charging port, and tapes","New charging port, and tapes",GH81-26091A,1,GH59-15765A,1,0,0,0,0,0,0,0,0,0,0,0,0,0,0,0,0,0,0,0,0,0,0,0,0,0,0
1322126,3.59413E+14,RZCX811E2BR,Samsung,SM-F741B,Silver,512GB,Mobile phone,SM-F741BZSHEUB,REPAIRED,UB,Cannot carry out SP replacement due to dents on the screende,Replaced screen and tapes,GH82-35145A,1,GH98-49714A,1,GH82-35022A,1,GH81-26035A,2,GH82-35143A,1,GH02-26398A,1,GH02-26374A,1,GH82-35141A,1,0,0,0,0,0,0,0,0,0,0,0,0,0,0
1322144,3.51451E+14,RFCX61N2ENW,Samsung,SM-F956B/DS,Silver,,Mobile phone,SM-F956BZSBEUB,REPAIRED,UB,TFE Crack down middle of display condition good query - dama,"Repaired screen, tapes",GH81-26062A,2,GH82-35138A,1,GH82-35139A,1,GH82-35046A,1,GH82-35137A,1,0,0,0,0,0,0,0,0,0,0,0,0,0,0,0,0,0,0,0,0
1322154,3.51451E+14,RFCX701Q3BZ,Samsung,SM-F956B/DS,Dark Blue,,Mobile phone,SM-F956BDBBEUB,REPAIRED,L1,SP only IQC pass condition - good query- screen protector bu,sp only,GH81-26062A,2,0,0,0,0,0,0,0,0,0,0,0,0,0,0,0,0,0,0,0,0,0,0,0,0,0,0,0,0
1322159,3.58224E+14,RZCXA15F2MF,Samsung,SM-F741B,Light Blue,256GB,Mobile phone,SM-F741BLBGEUB,REPAIRED,L2,Replaced screen batteries and tapes,Replaced screen batteries and tapes,GH82-35014C,1,GH82-35024A,1,GH82-35023A,1,GH82-35143A,1,GH82-35141A,1,0,0,0,0,0,0,0,0,0,0,0,0,0,0,0,0,0,0,0,0
1322162,3.59413E+14,RZCX80LYPEM,Samsung,SM-F741B,Yellow,512GB,Mobile phone,SM-F741BZYHEUB,REPAIRED,UB,[device screen have a black spot at the foldable area with n,"New screen front deco, screen protector",GH81-26035A,1,GH82-35022A,1,GH82-35145A,1,GH82-35143A,1,GH82-35141A,1,0,0,0,0,0,0,0,0,0,0,0,0,0,0,0,0,0,0,0,0
1322163,3.53936E+14,R5CX70S2R7A,Samsung,SM-F741B,Light Green,256GB,Mobile phone,SM-F741BLGGEUB,REPAIRED,L1,Condition GoodMM OFF  SP Replacement + Deco,New SP and deco kit only - CX does not want oled doing,GH81-26035A,2,GH82-35145A,1,0,0,0,0,0,0,0,0,0,0,0,0,0,0,0,0,0,0,0,0,0,0,0,0,0,0
1322168,3.50798E+14,R5CY826LECF,Samsung,SM-F766B,Dark Blue,256GB,Mobile phone,SM-F766BDBGEUB,REPAIRED,L2,.,"New screen, batteries, and tapes",GH82-38794A,1,GH82-37583A,1,GH82-37582A,1,GH82-37818A,1,GH82-37820A,1,0,0,0,0,0,0,0,0,0,0,0,0,0,0,0,0,0,0,0,0
1322169,3.53936E+14,R5CX72TVB2J,Samsung,SM-F741B,Yellow,256GB,Mobile phone,SM-F741BZYGEUB,REPAIRED,UB,Device screen have black spot at the foldable area with not,"New screen front deco, screen protector, tapes",GH82-35141A,1,GH82-35143A,1,GH81-26035A,1,GH82-35145A,1,GH82-35022A,1,0,0,0,0,0,0,0,0,0,0,0,0,0,0,0,0,0,0,0,0
1322180,3.50118E+14,RFCY70DEETW,Samsung,SM-F966B/DS,Black,,Mobile phone,SM-F966BZKCEUB,REPAIRED,UB,IQC - fail - main screen half workingQUERY - half of the scr,"New screen, tapes, deco and protector",GH82-37543A,1,GH82-38023A,1,GH82-37824A,1,GH82-37822A,1,GH81-27757A,2,0,0,0,0,0,0,0,0,0,0,0,0,0,0,0,0,0,0,0,0
1322188,3.50118E+14,RFCY71MW5CY,Samsung,SM-F966B/DS,Dark Blue,,Mobile phone,SM-F966BDBCEUB,REPAIRED,UB,Condition GoodMM ONDamaged screen + left hand side of screen,"Repaired screen, tapes",GH81-26108A,1,GH81-15872A,1,0201-004132,1,GH81-27757A,2,GH82-37543A,1,GH82-37822A,1,GH82-37824A,1,GH82-38023A,1,0,0,0,0,0,0,0,0,0,0,0,0,0,0
1322190,3.55322E+14,RZCX3235TXR,Samsung,SM-A556B/DS,Black,,Mobile phone,SM-A556BZKCEUB,REPAIRED,UB,Phone Dropped,New screen and tapes,GH82-34308A,1,GH82-34540A,1,0,0,0,0,0,0,0,0,0,0,0,0,0,0,0,0,0,0,0,0,0,0,0,0,0,0
1322191,3.53936E+14,R5CX92T8G3F,Samsung,SM-F741B,Light Green,256GB,Mobile phone,SM-F741BLGGEUB,REPAIRED,L2,IQC SKIP FRP LOCK,Replaced batteries tapes and screen,GH82-35024A,1,GH82-35014D,1,GH82-35141A,1,GH82-35143A,1,GH82-35023A,1,0,0,0,0,0,0,0,0,0,0,0,0,0,0,0,0,0,0,0,0
1322281,3.53936E+14,R5CX72GCNVP,Samsung,SM-F741B,Light Blue,256GB,Mobile phone,SM-F741BLBGEUB,REPAIRED,L2,Device main screen touch and charging will not work due to C,"New screen batteries, tapes",GH82-35014C,1,GH82-35024A,1,GH82-35143A,1,GH82-35141A,1,GH82-35023A,1,0,0,0,0,0,0,0,0,0,0,0,0,0,0,0,0,0,0,0,0
1322288,3.5093E+14,R3CWB0E10BD,Samsung,SM-F731B,Light Green,256GB,Mobile phone,SM-F731BLGGEUB,REPAIRED,L2,faulty USB port (not charging properly - intermittent issue),"replaced USB port, SP, tape",GH96-15970A,1,GH82-35929A,1,GH81-23854A,2,0,0,0,0,0,0,0,0,0,0,0,0,0,0,0,0,0,0,0,0,0,0,0,0
1322289,3.57067E+14,RZCX92G8KEA,Samsung,SM-S721B/DS,Black,,Mobile phone,SM-S721BZKDEUB,REPAIRED,L2,"Query: during call, other line cannot hear anything and they","Replaced - usb port, tapes",GH96-17724A,1,GH82-35930A,1,0,0,0,0,0,0,0,0,0,0,0,0,0,0,0,0,0,0,0,0,0,0,0,0,0,0
1322297,3.52648E+14,R5CY80CYGNT,Samsung,SM-F766B,Dark Blue,512GB,Mobile phone,SM-F766BDBHEUB,REPAIRED,UB,Unable to IQC - bottom half of the screen is black,"Replaced - screen, tapes, SP",GH82-37578A,1,GH81-27575A,2,GH82-37818A,1,GH82-37820A,1,GH81-15872A,1,GH82-37816A,1,0201-004132,1,GH81-26108A,1,0,0,0,0,0,0,0,0,0,0,0,0,0,0
1322313,3.53227E+14,RFCX412A30Z,Samsung,SM-F946B/DS,Light Blue,,Mobile phone,SM-F946BLBBEUB,REPAIRED,UB,Black dot on top of the foldable area followed by lines acro,"replaced screen, tapes",GH81-23916A,2,GH81-24613A,2,GH81-24686A,1,GH81-24926A,1,GH82-32950A,1,0,0,0,0,0,0,0,0,0,0,0,0,0,0,0,0,0,0,0,0
1322326,3.50118E+14,RFCY71BKQ6F,Samsung,SM-F966B/DS,Black,,Mobile phone,SM-F966BZKCEUB,REPAIRED,UB,When the screen is unfolded the inner screen flickers and th,"Replaced - screen, tapes, SP",GH82-37543A,1,GH82-37822A,1,GH82-37824A,1,GH82-38023A,1,GH81-27757A,2,0,0,0,0,0,0,0,0,0,0,0,0,0,0,0,0,0,0,0,0
1322347,3.5007E+14,RFCX21276VE,Samsung,SM-S921B/DS,Yellow,,Mobile phone,SM-S921BZYGEUB,REPAIRED,L2,Unable to IQC - moisture detection error / no signs of corro,"replaced USB port, cable, tapes",GH96-16507A,1,GH82-33292A,1,GH82-33293A,1,0,0,0,0,0,0,0,0,0,0,0,0,0,0,0,0,0,0,0,0,0,0,0,0
1322493,3.50043E+14,R5CY932R9GX,Samsung,SM-A176B/DS,Black,,Mobile phone,SM-A176BZKAEUB,REPAIRED,L2,.,Replaced usb and ctc,GH82-36147A,1,GH82-38039A,1,GH96-20346A,1,0,0,0,0,0,0,0,0,0,0,0,0,0,0,0,0,0,0,0,0,0,0,0,0
1305668,3.52433E+14,RZCX72041SE,Samsung,SM-S921B/DS,Black,,Mobile phone,SM-S921BZKDEUB,REPAIRED,UB,OLED+Frame+Battery+BG+Sim Tray+Repair Kits,OLED+Frame+Battery+BG+Sim Tray+Repair Kits,GH82-33418A,1,GH82-33101A,1,GH82-33286A,1,GH98-48906A,1,GH96-16507A,1,GH59-15732A,1,GH82-33295A,1,GH82-33290A,1,0,0,0,0,0,0,0,0,0,0,0,0,0,0
1305836,3.51729E+14,RZCY5175YCA,Samsung,SM-A266B/DS,Light Green,,Mobile phone,SM-A266BLGCEUB,REPAIRED,L2,OCTA+Sim TrayBG+,OCTA+Sim TrayBG+,GH82-37049C,1,GH82-37053A,1,GH82-37020C,1,GH98-50024C,1,GH96-19386A,1,GH96-19397C,1,0,0,0,0,0,0,0,0,0,0,0,0,0,0,0,0,0,0
1305849,3.54455E+14,R5CX11STQYR,Samsung,SM-A256B/DSN,Blue,,Mobile phone,SM-A256BZBDEUB,REPAIRED,L2,OCTA+BG+FINGER PRINT+Sim Tray,replaced†screen†battery†and†cover,GH82-33215A,1,GH82-33217A,1,GH82-33219A,1,GH96-16324D,1,GH82-33053A,1,GH98-48655D,1,GH82-33053D,1,GH98-48658A,1,GH82-33219D,1,0,0,0,0,0,0,0,0,0,0,0,0
1305898,3.50348E+14,RZCXB17P09N,Samsung,SM-A356B/DS,Dark Blue,,Mobile phone,SM-A356BZKBEUB,REPAIRED,UB,dark blue OCTA+Sim TrayBG+,dark blue OCTA+Sim TrayBG+,GH82-34228A,1,GH82-33986A,1,GH82-34225A,1,GH98-48993A,1,GH82-34224A,1,GH98-49018A,1,GH96-16719A,1,0,0,0,0,0,0,0,0,0,0,0,0,0,0,0,0
1305901,3.51166E+14,RFCX912VG5H,Samsung,SM-A356B/DS,Dark Blue,,Mobile phone,SM-A356BZKBEUB,REPAIRED,UB,dark blue OCTA+Sim TrayBG+,dark blue OCTA+Sim TrayBG+,GH82-34539A,1,GH82-34224A,1,GH96-16719A,1,GH98-49018A,1,GH96-16673A,1,GH82-34228A,1,GH82-33986A,1,GH82-34225A,1,GH98-48993A,1,0,0,0,0,0,0,0,0,0,0,0,0
1306438,3.51104E+14,R5CY52KZM3J,Samsung,SM-A166B/DS,Grey,,Mobile phone,SM-A166BZADEUB,REPAIRED,L2,OCTA+BG+Sim TrayFINGER PRINT+ CAMERA DECO,Refurb,GH82-36143A,1,GH82-36145A,1,GH98-49821B,1,GH82-36030B,1,GH98-49824A,1,GH98-49822B,1,GH96-18396B,1,GH96-18469A,1,0,0,0,0,0,0,0,0,0,0,0,0,0,0
1306444,3.5308E+14,R5CW72SLEXV,Samsung,SM-S918B/DS,Black,,Mobile phone,SM-S918BZKDEUB,REPAIRED,UB,OLED+Frame+BatteryBG+Sim TrayRepair Kits+Spen+,asurion refurb,GH98-48039A,1,GH82-30400A,1,GH96-15658A,1,GH82-33783A,1,GH96-15833A,1,GH82-30459A,1,GH81-24724A,1,0,0,0,0,0,0,0,0,0,0,0,0,0,0,0,0
1306447,3.52432E+14,R3CW500ZXJZ,Samsung,SM-S918B/DS,Black,,Mobile phone,SM-S918BZKDEUB,REPAIRED,UB,OLED+Frame+BatteryBG+Sim TrayRepair Kits+Spen+,"OOW-screen, frame, battery, back cover, S-pen",GH96-15658A,1,GH98-48039A,1,GH82-30459A,1,GH96-15833A,1,GH81-24724A,1,GH82-33783A,1,GH82-30400A,1,0,0,0,0,0,0,0,0,0,0,0,0,0,0,0,0
1306453,3.54484E+14,R5CW21K5VPN,Samsung,SM-S918B/DS,Green,,Mobile phone,SM-S918BZGHEUE,REPAIRED,UB,OLED+Frame+BatteryBG+Sim TrayRepair Kits+Spen+,OLED+Frame+BatteryBG+Sim TrayRepair Kits+Spen+,GH98-48039C,1,GH96-15658C,1,GH82-30400C,1,GH81-24724A,1,GH82-30459A,1,GH96-15833C,1,GH82-33783A,1,0,0,0,0,0,0,0,0,0,0,0,0,0,0,0,0
1306458,3.50197E+14,RFCWA0YP1DH,Samsung,SM-S918B/DS,Black,,Mobile phone,SM-S918BZKDEUB,REPAIRED,UB,OLED+Frame+BatteryBG+Sim TrayRepair Kits+Spen+,OLED+Frame+BatteryBG+Sim TrayRepair Kits+Spen+,GH82-30400A,1,GH81-24724A,1,GH96-15658A,1,GH98-48039A,1,GH82-33783A,1,GH96-15833A,1,GH82-30459A,1,0,0,0,0,0,0,0,0,0,0,0,0,0,0,0,0
1306459,3.55929E+14,RFCW903GH7R,Samsung,SM-S918B/DS,Black,,Mobile phone,SM-S918BZKDEUB,REPAIRED,UB,OLED+Frame+BatteryBG+Sim TrayRepair Kits+Spen+,OLED+Frame+BatteryBG+Sim TrayRepair Kits+Spen+,GH96-15833A,1,GH82-33783A,1,GH82-30459A,1,GH81-24724A,1,GH82-30400A,1,GH96-15658A,1,GH98-48039A,1,0,0,0,0,0,0,0,0,0,0,0,0,0,0,0,0
1306464,3.52623E+14,R5CXA1BEP4D,Samsung,SM-A166B/DS,Grey,,Mobile phone,SM-A166BZADEUB,REPAIRED,L2,OCTA+BG+Sim TrayFINGER PRINT+ CAMERA DECO,OCTA+BG+Sim TrayFINGER PRINT+ CAMERA DECO+PBA,GH96-18438A,1,GH96-18437A,1,GH96-18436A,1,GH82-36142A,1,GH96-18449A,1,GH96-18396B,1,GH98-49822B,1,GH98-49824A,1,GH98-49821B,1,GH82-36030B,1,GH82-36145A,1,GH82-36143A,1,0,0,0,0,0,0
1306471,3.51451E+14,RFCX70EJ30X,Samsung,SM-F956B/DS,Silver,,Mobile phone,SM-F956BZSBEUB,REPAIRED,L2,Full Refurb,Full Refurb,GH82-35047A,1,GH82-35138A,1,GH82-35139A,1,GH59-15765A,1,GH82-35042A,1,GH82-35048A,1,GH82-35049A,1,GH82-35086A,1,0,0,0,0,0,0,0,0,0,0,0,0,0,0
1306546,3.53428E+14,RFCRA19KL1E,Samsung,SM-A326B/DS,Black,,Mobile phone,SM-A326BZKUEUA,REPAIRED,L2,OCTA+Battery+Frame+BG+Sim TrayFINGER PRINT,asurion refurb,GH97-25939A,1,GH96-14158A,1,GH82-25123A,1,GH82-25080A,1,GH63-19393A,1,GH82-25122A,1,0,0,0,0,0,0,0,0,0,0,0,0,0,0,0,0,0,0
1306578,3.5674E+14,R5CTB14L71N,Samsung,SM-A236B/DSN,Light Blue,,Mobile phone,SM-A236BLBUEUB,REPAIRED,L2,OCTA+Battery+Frame+BG+FINGER PRINT+Sim Tray,asurion refurb,GH98-47823C,1,GH82-29735A,1,GH82-29731A,1,GH96-15504A,1,GH98-47794C,1,GH82-29489C,1,GH98-47824A,1,GH96-15397C,1,GH96-15059A,1,GH96-14017B,1,GH96-15416A,1,0,0,0,0,0,0,0,0
1306592,3.50371E+14,RZCW50LKHKX,Samsung,SM-G990B2/DS,Grey,,Mobile phone,SM-G990BZAFEUA,REPAIRED,L2,OCTA+BatteryBG+Sim Tray,asurion refurb,GH82-26414A,1,GH82-26409A,1,GH82-26156A,1,GH98-46790A,1,GH96-14548A,1,GH96-14491A,1,GH96-14492A,1,GH96-13895A,1,0,0,0,0,0,0,0,0,0,0,0,0,0,0
1307551,3.52555E+14,R8YW605FCQY,Samsung,SM-A145R/DSN,Black,,Mobile phone,SM-A145RZKUEUB,REPAIRED,L2,Full Refurb,Full Refurb,GH81-23521A,1,GH81-23515A,1,GH81-23531A,1,GH81-23536A,1,GH81-23541A,1,GH81-23539A,1,GH81-23510A,1,0,0,0,0,0,0,0,0,0,0,0,0,0,0,0,0
1307558,3.52776E+14,RZCY30THBAB,Samsung,SM-A566B/DS,Grey,,Mobile phone,SM-A566BZKCEUB,REPAIRED,UB,Full Refurb,Full Refurb,GH82-36832A,1,GH81-27023A,1,GH82-36828A,1,GH82-36827A,1,GH82-36831A,1,GH98-49938A,1,GH82-36807A,1,0,0,0,0,0,0,0,0,0,0,0,0,0,0,0,0
1307561,3.56681E+14,R83WA0GZPJJ,Samsung,SM-A145R/DSN,Black,,Mobile phone,SM-A145RZKUEUB,REPAIRED,L2,OCTA+BG+Sim TrayFINGER PRINT+ CAMERA DECO,OCTA+BG+Sim TrayFINGER PRINT+ CAMERA DECO,GH81-23541A,1,GH81-23539A,1,GH81-23510A,1,GH81-23536A,1,GH81-23531A,1,GH81-23521A,1,0,0,0,0,0,0,0,0,0,0,0,0,0,0,0,0,0,0
1307562,3.51836E+14,R9WT104KXSZ,Samsung,SM-A226B/DSN,Grey,,Mobile phone,SM-A226BZAUEUE,REPAIRED,L2,Full Refurb,Full Refurb,GH81-20713A,1,GH81-21069A,1,GH81-20708A,1,GH81-20704A,1,GH81-20741A,1,GH81-20736A,1,GH81-20694A,1,GH81-20699A,1,GH81-20718A,1,GH81-20698A,1,0,0,0,0,0,0,0,0,0,0
1307563,3.51104E+14,R5CY311JFRV,Samsung,SM-A166B/DS,Black,,Mobile phone,SM-A166BZKDEUB,REPAIRED,L2,OCTA+BG+Sim Tray+FINGER PRINT+ CAMERA DECO,OCTA+BG+Sim Tray+FINGER PRINT+ CAMERA DECO,GH82-36143A,1,GH82-36145A,1,GH82-36030A,1,GH98-49821A,1,GH98-49822A,1,GH96-18396A,1,GH98-49824A,1,0,0,0,0,0,0,0,0,0,0,0,0,0,0,0,0
1307564,3.54455E+14,RZCX309MBDZ,Samsung,SM-A256B/DSN,Black,,Mobile phone,SM-A256BZKDEUB,REPAIRED,L2,Octa+Frame+Cover+Camera Deco+Sim Tray,Full refurb,GH82-33217A,1,GH82-33053A,1,GH82-33219A,1,GH98-48658A,1,GH98-48655A,1,GH82-33215A,1,0,0,0,0,0,0,0,0,0,0,0,0,0,0,0,0,0,0
1307565,3.56924E+14,RZCX412XGWH,Samsung,SM-A156B/DSN,Blue,,Mobile phone,SM-A156BZBDEUB,REPAIRED,L2,Octa+Cover+Camera Deco+Sim Tray,Octa+Cover+Camera Deco+Sim Tray,GH82-33639A,1,GH82-33492D,1,GH82-33641D,1,GH96-16582D,1,GH98-48940D,1,GH98-48935A,1,GH82-33638A,1,0,0,0,0,0,0,0,0,0,0,0,0,0,0,0,0
1307567,3.51558E+14,RZCY40V3ZHT,Samsung,SM-A366B/DS,Light Violet,,Mobile phone,SM-A366BLVGEUB,REPAIRED,L2,OCTA+BG+Sim Tray+Repair Kits,full refurb,GH82-36843A,1,GH82-36841D,1,GH82-36804D,1,GH98-49933D,1,0,0,0,0,0,0,0,0,0,0,0,0,0,0,0,0,0,0,0,0,0,0
1307586,3.51166E+14,RFCX711Q64Z,Samsung,SM-A356B/DS,Dark Blue,,Mobile phone,SM-A356BZKBEUB,REPAIRED,UB,dark blue+OCTA+BG+Sim TrayFINGER PRINT+ CAMERA DECO,refurbed,GH82-34224A,1,GH82-33986A,1,GH96-16719A,1,GH82-34219A,1,GH82-34228A,1,GH82-34225A,1,GH98-48993A,1,GH82-34539A,1,0,0,0,0,0,0,0,0,0,0,0,0,0,0
1307591,3.52009E+14,RZCW91TPZWD,Samsung,SM-A546B/DS,Grey,,Mobile phone,SM-A546BZKCEUB,REPAIRED,UB,Octa+Cover+Sim Tray,replaced†screen†battery†and†cover,GH82-31236A,1,GH98-48068A,1,GH82-35877A,1,GH81-23548A,1,GH82-31516A,1,GH82-30703A,1,GH98-48072A,1,0,0,0,0,0,0,0,0,0,0,0,0,0,0,0,0
1307593,3.53521E+14,RZCY12M4RSX,Samsung,SM-A166B/DS,Grey,,Mobile phone,SM-A166BZADEUB,REPAIRED,L2,OCTA+Sim Tray+BG+FINGER PRINT+ CAMERA DECO,full refurb,GH96-18437A,1,GH96-18438A,1,GH96-18436A,1,GH96-18449A,1,GH82-36143A,1,GH82-36145A,1,GH82-36030B,1,GH98-49824A,1,GH98-49821B,1,0,0,0,0,0,0,0,0,0,0,0,0
1307601,3.51104E+14,R5CY50DMWPX,Samsung,SM-A166B/DS,Light Green,,Mobile phone,SM-A166BLGDEUB,REPAIRED,L2,OCTA+BG+Sim TrayFINGER PRINT+ CAMERA DECO,OCTA+BG+Sim TrayFINGER PRINT+ CAMERA DECO,GH82-36030D,1,GH82-36145A,1,GH82-36143A,1,GH98-49821D,1,GH98-49822D,1,GH96-18396C,1,GH98-49824A,1,0,0,0,0,0,0,0,0,0,0,0,0,0,0,0,0
1307603,3.51729E+14,R5CY70Y5HWX,Samsung,SM-A266B/DS,Black,,Mobile phone,SM-A266BZKCEUB,REPAIRED,L2,Full Refurb,Full Refurb,GH82-37049A,1,GH82-37053A,1,GH82-37020A,1,GH98-50024A,1,GH96-19397A,1,GH96-19386A,1,GH96-15957D,1,0,0,0,0,0,0,0,0,0,0,0,0,0,0,0,0
1307605,3.56924E+14,RZCX51VZHRY,Samsung,SM-A156B/DSN,Black,,Mobile phone,SM-A156BZKDEUB,REPAIRED,L2,Octa+Cover+Camera Deco+Sim Tray,Octa+Cover+Camera Deco+Sim Tray,GH82-33638A,1,GH82-33639A,1,GH82-33492A,1,GH82-33641A,1,GH98-48940A,1,GH96-16582A,1,GH96-16630A,1,GH98-48935A,1,0,0,0,0,0,0,0,0,0,0,0,0,0,0
1307611,3.52843E+14,R5CX62QRSGY,Samsung,SM-A356B/DS,Dark Blue,,Mobile phone,SM-A356BZKBEUB,REPAIRED,UB,Dark Blue+OCTA+BG+Sim Tray+FINGER PRINT+ CAMERA DECO,asurion refurb,GH98-48993A,1,GH98-49018A,1,GH82-34225A,1,GH82-34228A,1,GH82-33986A,1,GH82-34539A,1,GH96-16719A,1,GH82-34224A,1,0,0,0,0,0,0,0,0,0,0,0,0,0,0
1307630,3.52623E+14,R5CXA3CMW5L,Samsung,SM-A166B/DS,Grey,,Mobile phone,SM-A166BZADEUB,REPAIRED,L2,OCTA+BG+Sim TrayFINGER PRINT+ CAMERA DECO,OCTA+BG+Sim TrayFINGER PRINT+ CAMERA DECO,GH82-36143A,1,GH96-18449A,1,GH96-18396B,1,GH82-36145A,1,GH98-49821B,1,GH98-49824A,1,GH98-49822B,1,GH82-36030B,1,0,0,0,0,0,0,0,0,0,0,0,0,0,0
1307672,3.53792E+14,RZCX70A5Y9P,Samsung,SM-A156B/DSN,Blue,,Mobile phone,SM-A156BZBDEUB,REPAIRED,L2,Octa+Cover+Camera Deco+Sim Tray,Octa+Cover+Camera Deco+Sim Tray,GH82-33639A,1,GH82-33638A,1,GH96-16591A,1,GH82-33641D,1,GH82-33492D,1,GH98-48940D,1,GH98-48935A,1,GH96-16582D,1,0,0,0,0,0,0,0,0,0,0,0,0,0,0
1307675,3.55008E+14,RFCRC0PZ3NV,Samsung,SM-G781B/DS,Blue,,Mobile phone,SM-G781BZBDEUA,REPAIRED,L2,OCTA+BG+Sim Tray,full refurb,GH96-13848A,1,GH39-02094A,1,GH82-31320A,1,GH98-46007A,1,GH82-24223A,1,GH82-24205A,1,0,0,0,0,0,0,0,0,0,0,0,0,0,0,0,0,0,0
1307676,3.51394E+14,R3CT406Q8HD,Samsung,SM-S908B/DS,Black,128GB,Mobile phone,SM-S908BZKDEUE,REPAIRED,L2,Octa+Cover+Sim Tray+S-Pen,asurion refurb,GH82-27484A,1,GH82-27488A,1,GH96-15290A,1,GH98-47138A,1,GH82-27457A,1,0,0,0,0,0,0,0,0,0,0,0,0,0,0,0,0,0,0,0,0
1307695,3.53936E+14,R5CX91LG8NM,Samsung,SM-F741B,Silver,256GB,Mobile phone,SM-F741BZSGEUB,REPAIRED,L2,Full Refurb,Full Refurb,GH82-35141A,1,GH97-30012A,1,GH98-49236A,1,GH82-35182A,1,GH82-35024A,1,GH82-35023A,1,GH82-35014A,1,0,0,0,0,0,0,0,0,0,0,0,0,0,0,0,0
1307698,3.57067E+14,RZCXB1EPGZH,Samsung,SM-S721B/DS,Light Blue,,Mobile phone,SM-S721BLBDEUB,REPAIRED,UB,OLED+Frame+BG+Sim TrayRepair Kits,Full refurb,GH82-35850A,1,GH82-35930A,1,GH82-35851B,1,GH82-35832E,1,GH98-49571B,1,GH96-17724A,1,GH82-35853A,1,0,0,0,0,0,0,0,0,0,0,0,0,0,0,0,0
1307703,3.56681E+14,R8YWA1282KW,Samsung,SM-A145R/DSN,Black,,Mobile phone,SM-A145RZKUEUE,REPAIRED,L2,OCTA+BG++FINGER PRINT+ CAMERA DECO,full refurb,GH81-23541A,1,GH81-23539A,1,GH81-23510A,1,GH81-23536A,1,GH81-23531A,1,GH81-23521A,1,GH81-23515A,1,0,0,0,0,0,0,0,0,0,0,0,0,0,0,0,0
1307704,3.52009E+14,RZCW921KZGH,Samsung,SM-A546B/DS,Light Violet,,Mobile phone,SM-A546BLVCEUB,REPAIRED,UB,Full Refurb,Full Refurb,GH82-31236A,1,GH98-48068D,1,GH82-35877A,1,GH81-23548A,1,GH82-31516A,1,GH82-30703D,1,GH98-48072D,1,GH96-14304A,1,GH96-15774A,1,GH96-14154A,1,0,0,0,0,0,0,0,0,0,0
1307705,3.52555E+14,R8YW51BNVRW,Samsung,SM-A145R/DSN,Black,,Mobile phone,SM-A145RZKUEUB,REPAIRED,L2,OCTA+BG+FINGER PRINT+ CAMERA DECO,"OOW-screen, battery, back cover",GH81-23510A,1,GH81-23536A,1,GH81-23541A,1,GH81-23539A,1,GH81-23515A,1,GH81-23508A,1,0,0,0,0,0,0,0,0,0,0,0,0,0,0,0,0,0,0
1307709,3.53936E+14,R5CX704JWFY,Samsung,SM-F741B,Light Blue,256GB,Mobile phone,SM-F741BLBGEUB,REPAIRED,L2,Octa+SubLCD,"OOW-screens, batteries, back cover",GH82-35014C,1,GH97-30012C,1,GH96-16986A,1,GH82-35182C,1,GH82-35023A,1,GH82-35024A,1,0,0,0,0,0,0,0,0,0,0,0,0,0,0,0,0,0,0
1307719,3.58135E+14,R83W80BZDRD,Samsung,SM-A145R/DSN,Black,,Mobile phone,SM-A145RZKUEUB,REPAIRED,L2,OCTA+BG+Sim TrayFINGER PRINT+ CAMERA DECO,OCTA+BG+Sim TrayFINGER PRINT+ CAMERA DECO,GH81-23541A,1,GH81-23539A,1,GH81-23536A,1,GH81-23510A,1,GH81-23521A,1,GH81-23531A,1,0,0,0,0,0,0,0,0,0,0,0,0,0,0,0,0,0,0
1307723,3.51729E+14,R5CY3399ZYX,Samsung,SM-A266B/DS,Black,,Mobile phone,SM-A266BZKCEUB,REPAIRED,L2,Full Refurb,Full Refurb,GH98-50024A,1,GH96-19386A,1,GH82-37049A,1,GH82-37053A,1,GH82-37020A,1,0,0,0,0,0,0,0,0,0,0,0,0,0,0,0,0,0,0,0,0
1307726,3.54412E+14,R5CX32EH0FF,Samsung,SM-A156B/DSN,Black,,Mobile phone,SM-A156BZKDEUB,REPAIRED,L2,Octa+Cover+Camera Deco+Sim Tray,Octa+Cover+Camera Deco+Sim Tray,GH82-33639A,1,GH82-33638A,1,GH82-33492A,1,GH82-33641A,1,GH98-48935A,1,GH98-48940A,1,0,0,0,0,0,0,0,0,0,0,0,0,0,0,0,0,0,0
1307754,3.54741E+14,RZCX31GALKM,Samsung,SM-S928B/DS,Titanium,,Mobile phone,SM-S928BZTGEUB,REPAIRED,UB,Oled+Frame+Cover+Sim Tray+S-Pen,asurion refurb,GH82-33544A,1,GH82-33387A,1,GH82-33399A,1,GH82-33385A,1,GH82-33349A,1,GH98-48962A,1,GH96-16577A,1,0,0,0,0,0,0,0,0,0,0,0,0,0,0,0,0
1307758,3.51558E+14,RZCY405282L,Samsung,SM-A366B/DS,Black,,Mobile phone,SM-A366BZKGEUB,REPAIRED,L2,Full Refurb,Full Refurb,GH82-36804A,1,GH82-36843A,1,GH82-36841A,1,GH98-49933A,1,GH96-19348A,1,GH96-16673A,1,0,0,0,0,0,0,0,0,0,0,0,0,0,0,0,0,0,0
1307759,3.51558E+14,RFCYA0C4P3J,Samsung,SM-A366B/DS,Black,,Mobile phone,SM-A366BZKGEUB,REPAIRED,L2,Octa+Cover,"OOW-screen, battery, back cover",GH82-36804A,1,GH82-36843A,1,GH82-36841A,1,0,0,0,0,0,0,0,0,0,0,0,0,0,0,0,0,0,0,0,0,0,0,0,0
1307767,3.50043E+14,R5CY84DEGLV,Samsung,SM-A176B/DS,Black,,Mobile phone,SM-A176BZKAEUB,REPAIRED,L2,Frame+Cover+Sim TRay,"OOW-screen, battery, rear case, back cover",GH82-38039A,1,GH98-50411A,1,GH98-50510A,1,GH98-50471A,1,GH82-38076A,1,GH82-38045A,1,0,0,0,0,0,0,0,0,0,0,0,0,0,0,0,0,0,0
1307769,3.50197E+14,RFCWA1A2T1V,Samsung,SM-S918B/DS,Light Pink,,Mobile phone,SM-S918BLIDEUB,REPAIRED,UB,OLED+Frame+BG+Sim Tray+Repair Kits,OLED+Frame+BG+Sim Tray+Repair Kits,GH82-33783A,1,GH96-15658D,1,GH98-48039D,1,GH82-30400D,1,GH82-30459A,1,GH81-24724A,1,GH96-15833D,1,0,0,0,0,0,0,0,0,0,0,0,0,0,0,0,0
1307779,3.52353E+14,R3CW4033V4Z,Samsung,SM-S918B/DS,Light Pink,,Mobile phone,SM-S918BLIDEUB,REPAIRED,UB,Full Refurb,Full Refurb,GH96-15658D,1,GH98-48039D,1,GH82-30400D,1,GH82-30459A,1,GH96-15833D,1,GH82-33783A,1,GH81-24724A,1,0,0,0,0,0,0,0,0,0,0,0,0,0,0,0,0
1307781,3.55929E+14,RFCW3216MVZ,Samsung,SM-S918B/DS,Light Pink,,Mobile phone,SM-S918BLIDEUB,REPAIRED,UB,OLED+Frame+BG+Repair Kits+Sim Tray,full refurb,GH82-30459A,1,GH96-15833D,1,GH82-30400D,1,GH96-15658D,1,GH82-33783A,1,GH81-24724A,1,GH98-48039D,1,0,0,0,0,0,0,0,0,0,0,0,0,0,0,0,0
1307783,3.52757E+14,R5CR509QJZP,Samsung,SM-A526B/DS,Black,,Mobile phone,SM-A526BZKDEUA,REPAIRED,L2,Octa+Cover+Sim Tray,asurion refurb,GH96-14110A,1,GH82-25754A,1,GH96-14374A,1,GH98-46290A,1,GH82-25231A,1,GH82-25225A,1,0,0,0,0,0,0,0,0,0,0,0,0,0,0,0,0,0,0
1307785,3.51451E+14,RFCX81FMDDY,Samsung,SM-F956B/DS,Silver,,Mobile phone,SM-F956BZSBEUB,REPAIRED,L2,Full Refurb,Full Refurb,GH82-35048A,1,GH82-35042A,1,GH82-35086A,1,GH82-35049A,1,GH82-35047A,1,GH98-49261A,1,GH82-35138A,1,0,0,0,0,0,0,0,0,0,0,0,0,0,0,0,0
1307788,3.5093E+14,R5CW81C3QVK,Samsung,SM-F731B,Grey,256GB,Mobile phone,SM-F731BZAGEUB,REPAIRED,L2,.,asurion refurb,GH96-15970A,1,GH98-48299A,1,GH82-31929A,1,GH97-29135A,1,GH82-31828A,1,GH82-35928A,1,GH82-31700A,1,GH82-31699A,1,0,0,0,0,0,0,0,0,0,0,0,0,0,0
1307790,3.5093E+14,R5CW70JB66V,Samsung,SM-F731B,Grey,256GB,Mobile phone,SM-F731BZAGEUB,REPAIRED,L2,OCTA+BG+Sim Tray+FINGER PRINT+ CAMERA DECO,full refurb,GH82-31827A,1,GH82-31699A,1,GH82-31700A,1,GH97-29135A,1,GH82-31929A,1,GH82-34625A,1,GH98-48299A,1,0,0,0,0,0,0,0,0,0,0,0,0,0,0,0,0
1307794,3.5093E+14,R5CW82K5C7Y,Samsung,SM-F731B,Grey,256GB,Mobile phone,SM-F731BZAGEUB,REPAIRED,L2,SubLCD+Cover+Octa,asurion refurb,GH82-31827A,1,GH97-29135A,1,GH82-31699A,1,GH82-31700A,1,GH82-31929A,1,GH98-48299A,1,GH81-26545A,1,GH81-26529A,1,0,0,0,0,0,0,0,0,0,0,0,0,0,0
1307803,3.5093E+14,R5CW70JAQFB,Samsung,SM-F731B,Grey,256GB,Mobile phone,SM-F731BZAGEUB,REPAIRED,L2,Octa+SubLCD+Cover+Sim Tray,Full refurb,GH82-31827A,1,GH82-31699A,1,GH82-31700A,1,GH97-29135A,1,GH82-34625A,1,GH98-48299A,1,GH82-31929A,1,0,0,0,0,0,0,0,0,0,0,0,0,0,0,0,0
1307805,3.50197E+14,RFCWA17J9VE,Samsung,SM-S918B/DS,Green,,Mobile phone,SM-S918BZGDEUB,REPAIRED,UB,OLED+OLED+BG+Sim TrayRepair Kits+spen,full refurb,GH98-48039C,1,GH96-15658C,1,GH82-30400C,1,GH82-30459A,1,GH82-33783A,1,GH81-24724A,1,GH96-15833C,1,0,0,0,0,0,0,0,0,0,0,0,0,0,0,0,0
1307806,3.50197E+14,RFCWA1348SY,Samsung,SM-S918B/DS,Green,,Mobile phone,SM-S918BZGDEUB,REPAIRED,UB,OLED+Frame+BG+Sim TrayRepair Kits,"OOW-screen, frame, battery, back cover, S-pen",GH96-15658C,1,GH82-30459A,1,GH96-15833C,1,GH98-48039C,1,GH82-30400C,1,GH82-33783A,1,GH81-24724A,1,0,0,0,0,0,0,0,0,0,0,0,0,0,0,0,0
1307808,3.52405E+14,RFCW81CZC9E,Samsung,SM-S911B/DS,Light Pink,,Mobile phone,SM-S911BLIDEUB,REPAIRED,UB,OLED++Frame+BG+Sim TrayRepair Kits,full refurb,GH98-47996D,1,GH98-47979D,1,GH98-47980D,1,GH82-30551A,1,GH82-30393D,1,GH96-15629A,1,GH82-30483A,1,GH96-15624D,1,GH82-31245A,1,0,0,0,0,0,0,0,0,0,0,0,0
1307809,3.52405E+14,RFCW219F0QX,Samsung,SM-S911B/DS,Light Pink,,Mobile phone,SM-S911BLIDEUB,REPAIRED,UB,OLED+Frame+BG+Sim Tray+Repair Kits,full refurb,GH98-47996D,1,GH96-15624D,1,GH82-31245A,1,GH82-30551A,1,GH82-30393D,1,GH82-30483A,1,0,0,0,0,0,0,0,0,0,0,0,0,0,0,0,0,0,0
1307810,3.51064E+14,RFCWA1MZXKV,Samsung,SM-S911B/DS,Light Pink,,Mobile phone,SM-S911BLIDEUB,REPAIRED,UB,OLED+BG+Sim Tray+Repair Kits,full refurb,GH82-31245A,1,GH82-30551A,1,GH96-15624D,1,GH82-30483A,1,GH82-30393D,1,GH97-28438A,1,GH98-47996D,1,0,0,0,0,0,0,0,0,0,0,0,0,0,0,0,0
1307811,3.55929E+14,R5CTC1HW92R,Samsung,SM-S918B/DS,Green,,Mobile phone,SM-S918BZGDEUB,REPAIRED,UB,OLED+Frame+BG+Sim TrayRepair Kits+spen,"OOW-screen, frame, battery, S-pen, back cover",GH81-24724A,1,GH82-30459A,1,GH82-30400C,1,GH96-15833C,1,GH98-48039C,1,GH82-33783A,1,GH96-15658C,1,0,0,0,0,0,0,0,0,0,0,0,0,0,0,0,0
1307812,3.55929E+14,R5CTC14RRPF,Samsung,SM-S918B/DS,Green,,Mobile phone,SM-S918BZGDEUB,REPAIRED,UB,Frame+Frame+BG+Sim Tray+Repair Kits,full refurb,GH82-30400C,1,GH81-24724A,1,GH82-33783A,1,GH98-48039C,1,GH96-15658C,1,GH96-15833C,1,GH82-30459A,1,0,0,0,0,0,0,0,0,0,0,0,0,0,0,0,0
1307815,3.5093E+14,R5CW80DMGRJ,Samsung,SM-F731B,Grey,256GB,Mobile phone,SM-F731BZAGEUB,REPAIRED,L2,OCTA+BG+Sub screenSim TrayRepair Kits,asurion refurb,GH97-29135A,1,GH82-31827A,1,GH82-31699A,1,GH82-31700A,1,GH82-35928A,1,GH98-48299A,1,GH82-31929A,1,0,0,0,0,0,0,0,0,0,0,0,0,0,0,0,0
1307894,3.51064E+14,RFCW81GQ96T,Samsung,SM-S911B/DS,Black,,Mobile phone,SM-S911BZKDEUB,REPAIRED,SU,Device lock,FRP,0,0,0,0,0,0,0,0,0,0,0,0,0,0,0,0,0,0,0,0,0,0,0,0,0,0,0,0,0,0
1307898,3.53521E+14,RZCY1176WGM,Samsung,SM-A166B/DS,Grey,,Mobile phone,SM-A166BZADEUB,REPAIRED,,Device lock,FRP,0,0,0,0,0,0,0,0,0,0,0,0,0,0,0,0,0,0,0,0,0,0,0,0,0,0,0,0,0,0
1307900,3.52405E+14,RFCW406SSVW,Samsung,SM-S911B/DS,Black,,Mobile phone,SM-S911BZKDEUE,REPAIRED,SU,Device lock,FRP,0,0,0,0,0,0,0,0,0,0,0,0,0,0,0,0,0,0,0,0,0,0,0,0,0,0,0,0,0,0
1307903,3.53249E+14,RFCT424FGSW,Samsung,SM-F926B/DS,Black,,Mobile phone,SM-F926BZKDEUA,REPAIRED,L1,Screen protector replacement,replaced screen protector,GH81-22921A,2,0,0,0,0,0,0,0,0,0,0,0,0,0,0,0,0,0,0,0,0,0,0,0,0,0,0,0,0
1307908,3.55002E+14,R5CRC2XR5BN,Samsung,SM-F711B,Black,,Mobile phone,SM-F711BZKBEUA,REPAIRED,UB,Screen protector replacement,Replaced screen and tapes,GH81-22922A,2,GH96-14408A,1,GH81-24939A,1,GH81-24721A,1,GH82-35108A,1,GH82-35107A,1,0,0,0,0,0,0,0,0,0,0,0,0,0,0,0,0,0,0
1307910,3.52335E+14,RFCT714X2SB,Samsung,SM-F936B/DS,Grey,,Mobile phone,SM-F936BZABEUB,REPAIRED,IP,Screen protector replacement,replaced screen protector,GH81-22423A,2,0,0,0,0,0,0,0,0,0,0,0,0,0,0,0,0,0,0,0,0,0,0,0,0,0,0,0,0
1307912,3.55002E+14,R5CR71RW2MB,Samsung,SM-F711B,Black,128GB,Mobile phone,SM-F711BZKAEUA,REPAIRED,L1,Screen protector replacement,replaced the screen protector,GH81-22922A,2,0,0,0,0,0,0,0,0,0,0,0,0,0,0,0,0,0,0,0,0,0,0,0,0,0,0,0,0
1309003,3.50046E+14,R5CY52XGD0F,Samsung,SM-S937B/DS,Black,,Mobile phone,SM-S937BZKGEUB,REPAIRED,L2,PH picked up the phone and found that there was a crack on t,"replaced screen, batt and tape",GH81-27504A,1,GH82-37224C,1,GH82-37227A,1,GH82-37312A,1,0,0,0,0,0,0,0,0,0,0,0,0,0,0,0,0,0,0,0,0,0,0
1309345,3.55016E+14,R58RA4M96ED,Samsung,SM-A127F/DSN,Black,,Mobile phone,SM-A127FZKVEUA,REPAIRED,L2,OCTA+BG+Sim Tray,full refurb,GH82-26486A,1,GH96-14636A,1,GH98-46124A,1,GH82-26514A,1,GH82-22989A,1,0,0,0,0,0,0,0,0,0,0,0,0,0,0,0,0,0,0,0,0
1309346,3.52623E+14,R5CXA2M21QX,Samsung,SM-A166B/DS,Black,,Mobile phone,SM-A166BZKDEUB,REPAIRED,L2,OCTA+BG+Sim TrayFINGER PRINT+ CAMERA DECO,asurion refurb,GH98-49822A,1,GH98-49821A,1,GH96-18396A,1,GH82-36030A,1,GH98-49824A,1,GH82-36145A,1,GH82-36143A,1,0,0,0,0,0,0,0,0,0,0,0,0,0,0,0,0
1309348,3.57957E+14,R9WT80NAQ4Z,Samsung,SM-A226B/DSN,Grey,,Mobile phone,SM-A226BZAUEUE,REPAIRED,L2,OCTA+BG+Sim TrayFINGER PRINT+ CAMERA DECO,"OOW-screen, battery, rear case, back cover",GH81-20708A,1,GH81-21069A,1,GH81-20699A,1,GH81-20704A,1,GH81-20718A,1,GH81-20698A,1,GH81-20694A,1,GH81-20728A,1,GH81-20712A,1,GH81-20740A,1,0,0,0,0,0,0,0,0,0,0
1309349,3.5299E+14,RFCWA11RQRN,Samsung,SM-A346B/DSN,Grey,,Mobile phone,SM-A346BZKAEUB,REPAIRED,L2,Gray+OCTA+BG+Sim Tray,Full refurb,GH82-31201A,1,GH82-30709A,1,GH98-48063A,1,GH96-15772A,1,GH82-35877A,1,0,0,0,0,0,0,0,0,0,0,0,0,0,0,0,0,0,0,0,0
1309350,3.56924E+14,RZCX414Z08R,Samsung,SM-A156B/DSN,Blue,,Mobile phone,SM-A156BZBDEUB,REPAIRED,L2,Full Refurb,Full Refurb,GH98-48940D,1,GH96-16630A,1,GH96-16582D,1,GH98-48935A,1,GH82-33641D,1,GH82-33492D,1,GH82-33639A,1,GH82-33638A,1,0,0,0,0,0,0,0,0,0,0,0,0,0,0
1309351,3.56924E+14,RZCX52CYXMK,Samsung,SM-A156B/DSN,Blue,,Mobile phone,SM-A156BZBDEUB,REPAIRED,L2,OCTA+BG+Sim TrayFINGER PRINT+ CAMERA DECO,full refurb,GH82-33638A,1,GH82-33639A,1,GH82-33492D,1,GH82-33641D,1,GH98-48940D,1,GH98-48935A,1,0,0,0,0,0,0,0,0,0,0,0,0,0,0,0,0,0,0
1309352,3.53792E+14,RZCX809E2EZ,Samsung,SM-A156B/DSN,Black,,Mobile phone,SM-A156BZKDEUB,REPAIRED,L2,OCTA+BG+Sim TrayFINGER PRINT+ CAMERA DECO,"replaced the screen,frame,battery,cover,sim tray and usb port",GH82-33637A,1,GH82-33639A,1,GH82-33641A,1,GH82-33492A,1,GH98-48935A,1,GH98-48940A,1,GH96-16582A,1,GH96-16630A,1,0,0,0,0,0,0,0,0,0,0,0,0,0,0
1309353,3.50348E+14,RZCXB1N6A7Z,Samsung,SM-A356B/DS,Dark Blue,,Mobile phone,SM-A356BZKBEUB,REPAIRED,UB,OCTA+BG+Sim Tray,OCTA+BG+Sim Tray,GH82-34228A,1,GH82-34225A,1,GH82-33986A,1,GH98-49018A,1,GH98-48993A,1,GH96-16719A,1,GH82-34224A,1,GH82-34539A,1,GH81-25066A,1,0,0,0,0,0,0,0,0,0,0,0,0
1309354,3.56924E+14,RZCX32B6SRZ,Samsung,SM-A156B/DSN,Blue,,Mobile phone,SM-A156BZBDEUB,REPAIRED,L2,OCTA+BG+Sim TrayFINGER PRINT+ CAMERA DECO,refurbed,GH98-48935A,1,GH96-16630A,1,GH96-16582D,1,GH98-48940D,1,GH82-33492D,1,GH82-33638A,1,GH82-33641D,1,GH82-33639A,1,0,0,0,0,0,0,0,0,0,0,0,0,0,0
1309355,3.54412E+14,R5CX14YNKYE,Samsung,SM-A156B/DSN,Black,,Mobile phone,SM-A156BZKDEUB,REPAIRED,L2,Full Refurb,Full Refurb,GH82-33641A,1,GH98-48935A,1,GH82-33492A,1,GH82-33639A,1,GH98-48940A,1,GH96-16630A,1,GH96-16582A,1,GH82-33638A,1,0,0,0,0,0,0,0,0,0,0,0,0,0,0
1309356,3.5436E+14,RF8TA1280CK,Samsung,SM-A137F/DSN,Light Blue,,Mobile phone,SM-A137FLBVEUE,REPAIRED,L2,OCTA+BG+BG+FINGER PRINT+ CAMERA DECO,OCTA+BG+BG+FINGER PRINT+ CAMERA DECO,GH96-15035B,1,GH98-47319A,1,GH98-47323B,1,GH96-15366A,1,GH82-28387B,1,GH82-28509A,1,GH82-29228A,1,0,0,0,0,0,0,0,0,0,0,0,0,0,0,0,0
1309358,3.56662E+14,R58R77S0N3P,Samsung,SM-A127F/DSN,Black,,Mobile phone,SM-A127FZKVEUA,REPAIRED,L2,OCTA+BG+Sim Tray,OCTA+BG+Sim Tray,GH82-22989A,1,GH82-26485A,1,GH82-26514A,1,GH98-46124A,1,GH96-14636A,1,0,0,0,0,0,0,0,0,0,0,0,0,0,0,0,0,0,0,0,0
1309362,3.56924E+14,RZCX400BCQV,Samsung,SM-A156B/DSN,Black,,Mobile phone,SM-A156BZKDEUB,REPAIRED,L2,OCTA+BG+Sim TrayFINGER PRINT+ CAMERA DECO,"OOW-screen, battery, rear case, back cover",GH82-33639A,1,GH82-33638A,1,GH82-33641A,1,GH96-16630A,1,GH98-48935A,1,GH82-33492A,1,0,0,0,0,0,0,0,0,0,0,0,0,0,0,0,0,0,0
1309364,3.56924E+14,RZCX5136YJX,Samsung,SM-A156B/DSN,Black,,Mobile phone,SM-A156BZKDEUB,REPAIRED,L2,OCTA+BG+Sim TrayFINGER PRINT+ CAMERA DECO,replaced†screen†battery†and†cover,GH98-48940A,1,GH96-16582A,1,GH82-33641A,1,GH82-33492A,1,GH96-16630A,1,GH98-48935A,1,GH82-33639A,1,GH82-33638A,1,0,0,0,0,0,0,0,0,0,0,0,0,0,0
1309365,3.52776E+14,RZCY31CXD6X,Samsung,SM-A566B/DS,Grey,,Mobile phone,SM-A566BZKCEUB,REPAIRED,UB,gray+OLED+Frame+BG+Sim TrayRepair Kits,gray+OLED+Frame+BG+Sim TrayRepair Kits,GH82-36807A,1,GH82-36832A,1,GH82-36831A,1,GH98-49938A,1,GH82-36827A,1,GH82-36828A,1,GH96-19249A,1,0,0,0,0,0,0,0,0,0,0,0,0,0,0,0,0
1309367,3.53792E+14,RZCX90B9DGA,Samsung,SM-A156B/DSN,Blue,,Mobile phone,SM-A156BZBDEUB,REPAIRED,L2,OCTA+BG+Sim TrayFINGER PRINT+ CAMERA DECO,OCTA+BG+Sim TrayFINGER PRINT+ CAMERA DECO,GH82-33638A,1,GH82-33639A,1,GH98-49091A,1,GH82-33492D,1,GH98-48935A,1,GH96-16582D,1,GH98-48940D,1,GH82-33641D,1,0,0,0,0,0,0,0,0,0,0,0,0,0,0
1309368,3.52001E+14,RF8T70721JY,Samsung,SM-A137F/DSN,Light Blue,,Mobile phone,SM-A137FLBVEUB,REPAIRED,L2,OCTA+Frame+BG+Sim TrayFINGER PRINT+ CAMERA DECO,"Replaced the screen,frame,battery,cover,sim tray and usb port",GH98-47319A,1,GH96-15035B,1,GH96-15366A,1,GH98-47323B,1,GH82-28387B,1,GH82-28509A,1,GH82-29228A,1,0,0,0,0,0,0,0,0,0,0,0,0,0,0,0,0
1309369,3.54412E+14,R5CX215Y0BJ,Samsung,SM-A156B/DSN,Black,,Mobile phone,SM-A156BZKDEUB,REPAIRED,L2,OCTA+BG+Sim Tray+FINGER PRINT+ CAMERA DECO,full refurb,GH82-33492A,1,GH82-33638A,1,GH82-33641A,1,GH98-48935A,1,GH98-48940A,1,GH96-16582A,1,GH82-33639A,1,0,0,0,0,0,0,0,0,0,0,0,0,0,0,0,0
1309370,3.56924E+14,RZCX50VTWCA,Samsung,SM-A156B/DSN,Black,,Mobile phone,SM-A156BZKDEUB,REPAIRED,L2,OCTA+BG+Sim Tray+FINGER PRINT+ CAMERA DECO,full refurb,GH82-33637A,1,GH82-33639A,1,GH82-33641A,1,GH82-33492A,1,GH96-16582A,1,GH98-48935A,1,GH96-16630A,1,GH98-48940A,1,0,0,0,0,0,0,0,0,0,0,0,0,0,0
1309372,3.54412E+14,R5CX215QEHA,Samsung,SM-A156B/DSN,Black,,Mobile phone,SM-A156BZKDEUB,REPAIRED,L2,LDI TRIGGERED+OCTA+BG+FINGER PRINT+ CAMERA DECO,asurion refurb,GH98-48935A,1,GH82-33638A,1,GH82-33639A,1,GH82-33492A,1,GH82-33641A,1,GH98-48940A,1,GH96-16582A,1,0,0,0,0,0,0,0,0,0,0,0,0,0,0,0,0
1309373,3.52222E+14,RZCW10D8WZZ,Samsung,SM-A336B/DSN,Black,,Mobile phone,SM-A336BZKGEUB,REPAIRED,L2,OCTA+BG+Sim TrayRepair Kits,asurion refurb,GH98-47313A,1,GH96-15022A,1,GH82-28042A,1,GH82-28146A,1,GH82-28144A,1,0,0,0,0,0,0,0,0,0,0,0,0,0,0,0,0,0,0,0,0
1309374,3.52009E+14,RZCW920NAEE,Samsung,SM-A546B/DS,Light Violet,,Mobile phone,SM-A546BLVCEUB,REPAIRED,L2,OCTA+BG+Sim Tray,"OOW-screen, battery, charging port, back cover",GH98-48072D,1,GH82-30703D,1,GH96-15666A,1,GH82-31232D,1,GH82-35877A,1,0,0,0,0,0,0,0,0,0,0,0,0,0,0,0,0,0,0,0,0
1309376,3.52001E+14,RF8T7063KHR,Samsung,SM-A137F/DSN,Light Blue,,Mobile phone,SM-A137FLBVEUB,REPAIRED,L2,OCTA+BG+Sim TrayFINGER PRINT+ CAMERA DECO,refurbed,GH98-47323B,1,GH82-29228A,1,GH98-47319A,1,GH82-28387B,1,GH96-15035B,1,GH96-15366A,1,GH82-28509A,1,0,0,0,0,0,0,0,0,0,0,0,0,0,0,0,0
1309378,3.51729E+14,R5CY640FKER,Samsung,SM-A266B/DS,Black,,Mobile phone,SM-A266BZKCEUB,REPAIRED,L2,Full Refurb,Full Refurb,GH96-19386A,1,GH98-50024A,1,GH96-19395A,1,GH82-37020A,1,GH82-37053A,1,GH82-37049A,1,0,0,0,0,0,0,0,0,0,0,0,0,0,0,0,0,0,0
1309379,3.52009E+14,RZCW926QBRB,Samsung,SM-A546B/DS,Grey,,Mobile phone,SM-A546BZKCEUB,REPAIRED,L1,Broken screen,Replaced tape,GH82-31516A,1,0,0,0,0,0,0,0,0,0,0,0,0,0,0,0,0,0,0,0,0,0,0,0,0,0,0,0,0
1309380,3.59052E+14,R8YW300ZEYW,Samsung,SM-A145R/DSN,Black,,Mobile phone,SM-A145RZKUEUB,REPAIRED,L2,No power,Replaced sub pba,GH81-23515A,1,0,0,0,0,0,0,0,0,0,0,0,0,0,0,0,0,0,0,0,0,0,0,0,0,0,0,0,0
1309382,3.526E+14,R5CRC2Z2LQL,Samsung,SM-A528B/DS,White,,Mobile phone,SM-A528BZWCEUB,REPAIRED,L1,Broken screen,Replaced tape,GH02-22419A,1,0,0,0,0,0,0,0,0,0,0,0,0,0,0,0,0,0,0,0,0,0,0,0,0,0,0,0,0
1309384,3.50348E+14,RZCXB1JSHWV,Samsung,SM-A356B/DS,Black,,Mobile phone,SM-A356BZKBEUB,REPAIRED,L2,No power,Replaced sub pba,GH02-25711A,1,GH96-16719A,1,0,0,0,0,0,0,0,0,0,0,0,0,0,0,0,0,0,0,0,0,0,0,0,0,0,0
1309643,3.53204E+14,RZCW50GXSJB,Samsung,SM-A546B/DS,Light Violet,,Mobile phone,SM-A546BLVCEUB,REPAIRED,L2,"DAMAGE, , Cracked front screen Quote if PBA or Cameras are r","DAMAGE, , Cracked front screen Quote if PBA or Cameras are required",GH82-31232D,1,GH82-35877A,1,GH98-48274D,1,GH97-28752A,1,GH98-48072D,1,GH96-15011A,1,GH96-15666A,1,0,0,0,0,0,0,0,0,0,0,0,0,0,0,0,0
1309656,3.50804E+14,RZ8T809VLTH,Samsung,SM-A137F/DSN,Black,,Mobile phone,SM-A137FZKVEUE,REPAIRED,L2,crack on the top left of the screen. device only works on sp,2day asurion refurb,GH82-29228A,1,GH82-28509A,1,0,0,0,0,0,0,0,0,0,0,0,0,0,0,0,0,0,0,0,0,0,0,0,0,0,0
1310163,3.51798E+14,R5CW62G27ZY,Samsung,SM-F731B,Light Green,512GB,Mobile phone,SM-F731BLGHEUB,REPAIRED,UB,d it fell off the desk Left a dent in the top half of screen,replaced screen/tapes/screen protector/sub screen,GH82-34625A,1,GH82-35929A,1,GH82-32951A,1,GH82-35928A,1,GH81-23854A,2,GH97-29135A,1,0,0,0,0,0,0,0,0,0,0,0,0,0,0,0,0,0,0
1310177,3.54589E+14,R5CY943TQ7W,Samsung,SM-S731B/DS,Dark Blue,,Mobile phone,SM-S731BDBGEUB,REPAIRED,UB,phone fell out of pocket and smashed the screen all over,replaced screen and tapes,GH82-38423A,1,GH82-38398A,1,0,0,0,0,0,0,0,0,0,0,0,0,0,0,0,0,0,0,0,0,0,0,0,0,0,0
1310191,3.54484E+14,R5CW105ZL1E,Samsung,SM-S918B/DS,Beige,,Mobile phone,SM-S918BZEHEUB,REPAIRED,UB,", came out of pocket and hit ground",2day asurion refurb,GH81-23177A,1,GH82-33783A,1,GH81-24724A,1,0,0,0,0,0,0,0,0,0,0,0,0,0,0,0,0,0,0,0,0,0,0,0,0
1310197,3.52134E+14,RZCTA18DSNP,Samsung,SM-A536B/DS,Black,,Mobile phone,SM-A536BZKNEUB,REPAIRED,L2,son dropped phn LCD has blue speckles can&apos;t use phn as,"replaced the screen,frame,batter and cover",GH82-28025A,1,GH82-28027A,1,GH82-28017A,1,0,0,0,0,0,0,0,0,0,0,0,0,0,0,0,0,0,0,0,0,0,0,0,0
1310217,3.51104E+14,R5CY51DWTFR,Samsung,SM-A166B/DS,Black,,Mobile phone,SM-A166BZKDEUB,REPAIRED,L2,", i dropped and smashed my front screen and i can hear it wh","OOW-screen, rear, case, battery, back cover",GH82-36143A,1,GH82-36145A,1,GH98-49821A,1,GH98-49822A,1,GH82-36030A,1,0,0,0,0,0,0,0,0,0,0,0,0,0,0,0,0,0,0,0,0
1310943,3.51729E+14,RZCY41KV7FM,Samsung,SM-A266B/DS,Black,,Mobile phone,SM-A266BZKCEUB,REPAIRED,L2,The screen flashes to suggest that the phone is on but only,"Replaced screen, battery, cover",GH82-37020A,1,GH82-37053A,1,GH82-37049A,1,0,0,0,0,0,0,0,0,0,0,0,0,0,0,0,0,0,0,0,0,0,0,0,0
1310964,3.56924E+14,RZCX31G7FZW,Samsung,SM-A156B/DSN,Black,,Mobile phone,SM-A156BZKDEUB,REPAIRED,L2,Octa+Camera Deco,full refurb,GH82-33638A,1,GH98-48935A,1,GH82-33492A,1,GH82-33639A,1,GH82-33641A,1,0,0,0,0,0,0,0,0,0,0,0,0,0,0,0,0,0,0,0,0
1310967,3.50222E+14,R83W70XV5TJ,Samsung,SM-A145R/DSN,Silver,,Mobile phone,SM-A145RZSUEUB,REPAIRED,L2,Octa+Cover+Camera Deco+Sim Tray+Fingerprint,Octa+Cover+Camera Deco+Sim Tray+Fingerprint,GH81-23510A,1,GH81-23541A,1,GH81-23515A,1,GH81-23539A,1,GH81-23537A,1,GH81-23522A,1,GH81-23530A,1,GH81-23508A,1,0,0,0,0,0,0,0,0,0,0,0,0,0,0
1310969,3.58135E+14,R83W809HLRZ,Samsung,SM-A145R/DSN,Black,,Mobile phone,SM-A145RZKUEUB,REPAIRED,L2,Full Refurb,Full Refurb,GH81-23510A,1,GH81-23536A,1,GH81-23521A,1,GH81-23531A,1,GH81-23515A,1,GH81-23539A,1,GH81-23541A,1,0,0,0,0,0,0,0,0,0,0,0,0,0,0,0,0
1310971,3.56681E+14,R83WB07VX0A,Samsung,SM-A145R/DSN,Black,,Mobile phone,SM-A145RZKUEUB,REPAIRED,L2,Octa+Cover+Camera Deco+Sim Tray,refurbed,GH81-23510A,1,GH81-23539A,1,GH81-23541A,1,GH81-23521A,1,GH81-23536A,1,GH81-23531A,1,GH81-23515A,1,0,0,0,0,0,0,0,0,0,0,0,0,0,0,0,0
1310974,3.53195E+14,R8YWA0Q7P8H,Samsung,SM-A145R/DSN,Silver,,Mobile phone,SM-A145RZSUEUB,REPAIRED,L2,Octa+Cover+Camera Deco+Sim Tray+Fingerprint,Octa+Cover+Camera Deco+Sim Tray+Fingerprint,GH81-23522A,1,GH81-23510A,1,GH81-23541A,1,GH81-23530A,1,GH81-23539A,1,GH81-23537A,1,0,0,0,0,0,0,0,0,0,0,0,0,0,0,0,0,0,0
1310975,3.58671E+14,R8YWB1FWGVH,Samsung,SM-A145R/DSN,Black,,Mobile phone,SM-A145RZKUEUB,REPAIRED,L2,Octa+Cover+Camera Deco+Sim Tray,replaced†screen†battery†and†cover,GH81-23541A,1,GH81-23521A,1,GH81-23531A,1,GH81-23536A,1,GH81-23510A,1,GH81-23539A,1,0,0,0,0,0,0,0,0,0,0,0,0,0,0,0,0,0,0
1310977,3.56681E+14,R83WA0GZDCE,Samsung,SM-A145R/DSN,Black,,Mobile phone,SM-A145RZKUEUB,REPAIRED,L2,Octa+Cover+Camera Deco+Sim Tray,Octa+Cover+Camera Deco+Sim Tray,GH81-23541A,1,GH81-23508A,1,GH81-23510A,1,GH81-23536A,1,GH81-23515A,1,GH81-23521A,1,GH81-23539A,1,GH81-23531A,1,0,0,0,0,0,0,0,0,0,0,0,0,0,0
1310979,3.54412E+14,R5CX12W55AB,Samsung,SM-A156B/DSN,Black,,Mobile phone,SM-A156BZKDEUB,REPAIRED,L2,Octa+Cover+Camera Deco+Sim Tray+LDI Triggered,Refurb,GH82-33639A,1,GH82-33638A,1,GH82-33641A,1,GH82-33492A,1,GH98-48935A,1,GH98-48940A,1,GH96-16582A,1,GH96-16630A,1,0,0,0,0,0,0,0,0,0,0,0,0,0,0
1310981,3.51104E+14,R5CY22S1JHK,Samsung,SM-A166B/DS,Grey,,Mobile phone,SM-A166BZADEUB,REPAIRED,L2,Full Refurb,Full Refurb,GH98-49822B,1,GH96-18449A,1,GH82-36143A,1,GH82-36145A,1,GH82-36030B,1,GH98-49821B,1,GH96-18396B,1,GH98-49824A,1,0,0,0,0,0,0,0,0,0,0,0,0,0,0
1310983,3.56681E+14,R8YWB14R9HJ,Samsung,SM-A145R/DSN,Black,,Mobile phone,SM-A145RZKUEUB,REPAIRED,L2,Octa+Cover+Camera Deco+Sim Tray,"replaced the screen,frame,battery,cover,sim tray and usb port",GH81-23531A,1,GH81-23515A,1,GH81-23521A,1,GH81-23536A,1,GH81-23541A,1,GH81-23539A,1,GH81-23510A,1,0,0,0,0,0,0,0,0,0,0,0,0,0,0,0,0
1310986,3.59052E+14,R9PW30DDE8Y,Samsung,SM-A145R/DSN,Black,,Mobile phone,SM-A145RZKUEUB,REPAIRED,L2,Octa+Cover+Camera Deco+Sim Tray,"replaced the screen,frame,battery,cover,sim tray and usb port",GH81-23515A,1,GH81-23531A,1,GH81-23521A,1,GH81-23510A,1,GH81-23536A,1,GH81-23539A,1,GH81-23541A,1,0,0,0,0,0,0,0,0,0,0,0,0,0,0,0,0
1310987,3.56924E+14,RZCX50VS0EE,Samsung,SM-A156B/DSN,Blue,,Mobile phone,SM-A156BZBDEUB,REPAIRED,L2,Octa+Cover+Camera Deco+Sim Tray,Full refurb,GH96-16630A,1,GH96-16582D,1,GH98-48935A,1,GH98-48940D,1,GH82-33638A,1,GH82-33639A,1,GH82-33492D,1,GH82-33641D,1,0,0,0,0,0,0,0,0,0,0,0,0,0,0
1310990,3.51729E+14,R5CY81ZPBTT,Samsung,SM-A266B/DS,Black,,Mobile phone,SM-A266BZKCEUB,REPAIRED,L2,OCTA+Sim TrayBG+,OCTA+Sim TrayBG+,GH96-19386A,1,GH98-50024A,1,GH82-37020A,1,GH82-37053A,1,GH82-37049A,1,0,0,0,0,0,0,0,0,0,0,0,0,0,0,0,0,0,0,0,0
1310995,3.53195E+14,R8YW912MXMA,Samsung,SM-A145R/DSN,Black,,Mobile phone,SM-A145RZKUEUB,REPAIRED,L2,Octa+Cover+Camera Deco+Sim Tray+Fingerprint,Octa+Cover+Camera Deco+Sim Tray+Fingerprint,GH81-23541A,1,GH81-23539A,1,GH81-23536A,1,GH81-23510A,1,GH81-23531A,1,GH81-23521A,1,GH81-23517A,1,GH81-23515A,1,GH81-23528A,1,0,0,0,0,0,0,0,0,0,0,0,0
1310998,3.59052E+14,R8YW20WP5XV,Samsung,SM-A145R/DSN,Silver,,Mobile phone,SM-A145RZSUEUB,REPAIRED,L2,Octa+Cover+Camera Deco+Sim Tray+Fingerprint,Refurb,GH81-23539A,1,GH81-23510A,1,GH81-23537A,1,GH81-23517A,1,GH81-23541A,1,GH81-23515A,1,GH81-23530A,1,GH81-23522A,1,0,0,0,0,0,0,0,0,0,0,0,0,0,0
1311000,3.53195E+14,R83W90RLQ3J,Samsung,SM-A145R/DSN,Black,,Mobile phone,SM-A145RZKUEUB,REPAIRED,L2,Cover+Camera Deco,Cover+Camera Deco,GH81-23515A,1,GH81-23531A,1,GH81-23521A,1,GH81-23510A,1,GH81-23536A,1,GH81-23539A,1,GH81-23541A,1,0,0,0,0,0,0,0,0,0,0,0,0,0,0,0,0
1311003,3.53629E+14,R83W401HPLT,Samsung,SM-A145R/DSN,Silver,,Mobile phone,SM-A145RZSUEUB,REPAIRED,L2,Octa+Cover+Camera Deco+Sim Tray+Fingerprint,"asurion refurb,",GH81-23510A,1,GH81-23537A,1,GH81-23541A,1,GH81-23530A,1,GH81-23522A,1,GH81-23539A,1,0,0,0,0,0,0,0,0,0,0,0,0,0,0,0,0,0,0
1311004,3.53195E+14,R83WA05Q2PN,Samsung,SM-A145R/DSN,Silver,,Mobile phone,SM-A145RZSUEUB,REPAIRED,L2,Octa+Cover+Camera Deco+Sim Tray,full refurb,GH81-23541A,1,GH81-23539A,1,GH81-23510A,1,GH81-23537A,1,GH81-23522A,1,GH81-23530A,1,0,0,0,0,0,0,0,0,0,0,0,0,0,0,0,0,0,0
1311010,3.54412E+14,R5CX14YMEBV,Samsung,SM-A156B/DSN,Black,,Mobile phone,SM-A156BZKDEUB,REPAIRED,L2,Octa+Cover+Camera Deco,"OOW-screen, rear case, battery, back cover",GH82-33639A,1,GH82-33641A,1,GH82-33492A,1,GH98-48935A,1,GH82-33638A,1,0,0,0,0,0,0,0,0,0,0,0,0,0,0,0,0,0,0,0,0
1311012,3.53341E+14,R58T32CVQWA,Samsung,SM-A135F/DSN,Light Blue,,Mobile phone,SM-A135FLBVEUB,REPAIRED,L2,Octa+Cover+Camera Deco+Sim Tray,Replaced Octa+Cover+Camera Deco+Sim Tray,GH98-47323B,1,GH82-28653A,1,GH82-28387B,1,GH96-15035B,1,GH82-28509A,1,GH98-47319A,1,0,0,0,0,0,0,0,0,0,0,0,0,0,0,0,0,0,0
1311013,3.50731E+14,RFCTA0GR0RZ,Samsung,SM-A336B/DSN,Black,,Mobile phone,SM-A336BZKGEUB,REPAIRED,L2,OCTA+Sim TrayBG+,Full refurb,GH82-28146A,1,GH98-47313A,1,GH96-15022A,1,GH82-28144A,1,GH98-47326A,1,GH59-15558A,1,0,0,0,0,0,0,0,0,0,0,0,0,0,0,0,0,0,0
1311015,3.51394E+14,R3CT406NG7T,Samsung,SM-S908B/DS,Black,128GB,Mobile phone,SM-S908BZKDEUE,REPAIRED,L2,OCTA+Sim TrayBG+Spen+,full refurb,GH82-27457A,1,GH98-47138A,1,GH96-15290A,1,GH96-14772A,1,GH82-27484A,1,GH82-27489A,1,0,0,0,0,0,0,0,0,0,0,0,0,0,0,0,0,0,0
1311016,3.51104E+14,R5CY307QRKE,Samsung,SM-A166B/DS,Grey,,Mobile phone,SM-A166BZADEUB,REPAIRED,L2,Octa+Frame+Cover+Camera Deco,Full refurb,GH98-49821B,1,GH82-36030B,1,GH98-49824A,1,GH82-36145A,1,GH82-36143A,1,0,0,0,0,0,0,0,0,0,0,0,0,0,0,0,0,0,0,0,0
1311018,3.56924E+14,RZCX125S5WK,Samsung,SM-A156B/DSN,Blue,,Mobile phone,SM-A156BZBDEUB,REPAIRED,L2,Octa+Cover+Camera Deco+Sim Tray,Octa+Cover+Camera Deco+Sim Tray,GH98-48940D,1,GH82-33641D,1,GH82-33492D,1,GH98-48935A,1,GH82-33639A,1,GH82-33638A,1,0,0,0,0,0,0,0,0,0,0,0,0,0,0,0,0,0,0
1311019,3.52623E+14,R5CXA1HLMSK,Samsung,SM-A166B/DS,Black,,Mobile phone,SM-A166BZKDEUB,REPAIRED,L2,Octa+Frame+Cover+Camera Deco+Sim Tray,replaced  Octa+Frame+Cover+Camera Deco+Sim Tray,GH98-49824A,1,GH82-36143A,1,GH96-18449A,1,GH82-36030A,1,GH96-18396A,1,GH82-36145A,1,GH98-49821A,1,GH98-49822A,1,0,0,0,0,0,0,0,0,0,0,0,0,0,0
1311020,3.53521E+14,RZCXB1P6X4V,Samsung,SM-A166B/DS,Black,,Mobile phone,SM-A166BZKDEUE,REPAIRED,L2,Octa+Frame+Cover+Camera Deco+Sim Tray,Replaced  Octa+Frame+Cover+Camera Deco+Sim Tray,GH82-36030A,1,GH96-18396A,1,GH98-49821A,1,GH98-49822A,1,GH82-36145A,1,GH96-18449A,1,GH82-36143A,1,GH98-49824A,1,0,0,0,0,0,0,0,0,0,0,0,0,0,0
1311023,3.53792E+14,RZCX618XS7F,Samsung,SM-A156B/DSN,Black,,Mobile phone,SM-A156BZKDEUB,REPAIRED,L2,Full Refurb,Full Refurb,GH82-33492A,1,GH82-33639A,1,GH82-33638A,1,GH98-48940A,1,GH96-16630A,1,GH96-16582A,1,GH98-48935A,1,GH82-33641A,1,0,0,0,0,0,0,0,0,0,0,0,0,0,0
1311028,3.54412E+14,R5CX33REV1Z,Samsung,SM-A156B/DSN,Blue,,Mobile phone,SM-A156BZBDEUB,REPAIRED,L2,Octa+Cover+Camera Deco+Sim Tray,asurion refurb,GH82-33492D,1,GH82-33639A,1,GH82-33638A,1,GH82-33641D,1,GH98-48935A,1,GH98-48940D,1,0,0,0,0,0,0,0,0,0,0,0,0,0,0,0,0,0,0
1311029,3.52776E+14,RZCY31AFVBW,Samsung,SM-A566B/DS,Grey,,Mobile phone,SM-A566BZKCEUB,REPAIRED,UB,Full Refurb,Full Refurb,GH82-36827A,1,GH82-36828A,1,GH82-36831A,1,GH82-36832A,1,GH96-19091A,1,GH98-49938A,1,GH82-36807A,1,0,0,0,0,0,0,0,0,0,0,0,0,0,0,0,0
1311031,3.54819E+14,R5CYA1P3RXF,Samsung,SM-A176B/DS,Blue,,Mobile phone,SM-A176BZBAEUB,REPAIRED,L2,OCTA+Frame+BG+Sim Tray,"replaced the screen,frame,batttery,cover,sim tray and usb port",GH96-20346A,1,GH96-18438A,1,GH96-20406C,1,GH98-50471C,1,GH98-50411C,1,GH82-38039C,1,GH98-50510C,1,GH82-38076A,1,GH82-38045A,1,0,0,0,0,0,0,0,0,0,0,0,0
1311034,3.53204E+14,RZCW50P68SN,Samsung,SM-A546B/DS,Black,,Mobile phone,SM-A546BZKCEUB,REPAIRED,UB,Octa+Cover+Sim Tray,Octa+Cover+Sim Tray,GH98-48072A,1,GH82-30703A,1,GH02-24726A,1,GH81-23548A,1,GH82-35877A,1,GH98-48068A,1,GH82-31236A,1,0,0,0,0,0,0,0,0,0,0,0,0,0,0,0,0
1311035,3.50876E+14,R5CX32E9L0A,Samsung,SM-A556B/DS,Light Blue,,Mobile phone,SM-A556BLBAEUB,REPAIRED,UB,OCTA+Sim TrayBG+,refurbed,GH82-34308A,1,GH98-49097B,1,GH82-34540A,1,GH82-34284B,1,GH82-34309B,1,GH82-34311A,1,0,0,0,0,0,0,0,0,0,0,0,0,0,0,0,0,0,0
1311037,3.53204E+14,RZCW50GW5YM,Samsung,SM-A546B/DS,Light Violet,,Mobile phone,SM-A546BLVCEUB,REPAIRED,L2,OCTA+Sim TrayBG+,"OOW-screen, battery, back cover",GH82-31232D,1,GH82-35877A,1,GH82-30703D,1,GH98-48072D,1,0,0,0,0,0,0,0,0,0,0,0,0,0,0,0,0,0,0,0,0,0,0
1311040,3.51104E+14,R5CY50DMDKV,Samsung,SM-A166B/DS,Light Green,,Mobile phone,SM-A166BLGDEUB,REPAIRED,L2,Full Refurb,Full Refurb,GH82-36143A,1,GH82-36145A,1,GH82-36030D,1,GH98-49821D,1,GH98-49824A,1,GH96-18396C,1,GH96-18449A,1,GH98-49822D,1,0,0,0,0,0,0,0,0,0,0,0,0,0,0
1311043,3.52623E+14,R5CXB17P98T,Samsung,SM-A166B/DS,Black,,Mobile phone,SM-A166BZKDEUB,REPAIRED,L2,Octa+Frame+Cover+Camera Deco+Sim Tray+Fingerprint,Full refurb,GH82-36142A,1,GH98-49822A,1,GH96-18396A,1,GH98-49821A,1,GH98-49824A,1,GH82-36030A,1,GH82-36147A,1,GH82-36145A,1,GH82-36143A,1,0,0,0,0,0,0,0,0,0,0,0,0
1311044,3.57456E+14,R5CR82N6RWW,Samsung,SM-A528B/DS,Black,,Mobile phone,SM-A528BZKDEUA,REPAIRED,L2,OCTA+Sim TrayBG+,replaced†screen†battery†and†cover,GH98-46290A,1,GH82-26858A,1,GH82-25231A,1,GH82-26863A,1,0,0,0,0,0,0,0,0,0,0,0,0,0,0,0,0,0,0,0,0,0,0
1311052,3.53521E+14,RZCXB1R05LH,Samsung,SM-A166B/DS,Grey,,Mobile phone,SM-A166BZADEUB,REPAIRED,L2,Frame+Cover+Camera Deco+Sim Tray+LDI Triggered,Refurb,GH82-36143A,1,GH96-18449A,1,GH98-49824A,1,GH96-18396B,1,GH98-49822B,1,GH82-36030B,1,GH98-49821B,1,GH82-36145A,1,0,0,0,0,0,0,0,0,0,0,0,0,0,0
1311054,3.53792E+14,RZCX70ZVQBJ,Samsung,SM-A156B/DSN,Blue,,Mobile phone,SM-A156BZBDEUB,REPAIRED,L2,Octa+Cover+Camera Deco+Sim Tray+Fingerprint,asurion refurb,GH96-16630A,1,GH98-48935A,1,GH82-33638A,1,GH82-33639A,1,GH82-33641D,1,GH82-33492D,1,GH98-48940D,1,GH96-16582D,1,0,0,0,0,0,0,0,0,0,0,0,0,0,0
1311055,3.51104E+14,R5CY33BT5RR,Samsung,SM-A166B/DS,Black,,Mobile phone,SM-A166BZKDEUB,REPAIRED,L2,Octa+Frame+Cover+Camera Deco+Sim Tray+Fingerprint,asurion refurb,GH96-18449A,1,GH82-36143A,1,GH98-49824A,1,GH82-36030A,1,GH96-18396A,1,GH98-49821A,1,GH98-49822A,1,GH82-36145A,1,0,0,0,0,0,0,0,0,0,0,0,0,0,0
1311056,3.58135E+14,R83W80RJ24H,Samsung,SM-A145R/DSN,Black,,Mobile phone,SM-A145RZKUEUB,REPAIRED,L2,Octa+Cover+Camera Deco+Sim Tray+LDI Triggered,Refurb,GH81-23515A,1,GH81-23531A,1,GH81-23521A,1,GH81-23536A,1,GH81-23510A,1,GH81-23539A,1,GH81-23541A,1,0,0,0,0,0,0,0,0,0,0,0,0,0,0,0,0
1311059,3.56924E+14,RZCX52CY2MJ,Samsung,SM-A156B/DSN,Blue,,Mobile phone,SM-A156BZBDEUB,REPAIRED,L2,Octa+Cover+Camera Deco,replaced†screen†battery†and†cover,GH82-33638A,1,GH98-48935A,1,GH96-16630A,1,GH82-33639A,1,GH82-33641D,1,GH82-33492D,1,GH96-16582D,1,GH98-48940D,1,0,0,0,0,0,0,0,0,0,0,0,0,0,0
1311061,3.56924E+14,RZCX60DVFET,Samsung,SM-A156B/DSN,Blue,,Mobile phone,SM-A156BZBDEUB,REPAIRED,L2,Octa+Sim Tray,asurion refurb,GH82-33640A,1,GH96-16630A,1,GH82-33492D,1,GH82-33639A,1,GH98-48935A,1,GH82-33638A,1,GH98-48940D,1,0,0,0,0,0,0,0,0,0,0,0,0,0,0,0,0
1311062,3.52009E+14,RZCW81MKJ7A,Samsung,SM-A546B/DS,Black,,Mobile phone,SM-A546BZKCEUB,REPAIRED,L2,Octa+Cover+Sim Tray,Refurb,GH96-15666A,1,GH98-48072A,1,GH82-30703A,1,GH82-35877A,1,GH82-31232A,1,0,0,0,0,0,0,0,0,0,0,0,0,0,0,0,0,0,0,0,0
1311063,3.59052E+14,R8YW300YSNB,Samsung,SM-A145R/DSN,Black,,Mobile phone,SM-A145RZKUEUB,REPAIRED,L2,Octa+Cover+Camera Deco+Sim Tray+Fingerprint,"OOW-screen, battery, back cover",GH81-23541A,1,GH81-23521A,1,GH81-23510A,1,GH81-23531A,1,GH81-23539A,1,GH81-23536A,1,0,0,0,0,0,0,0,0,0,0,0,0,0,0,0,0,0,0
1311065,3.53629E+14,R83W501JE2X,Samsung,SM-A145R/DSN,Silver,,Mobile phone,SM-A145RZSUEUB,REPAIRED,L2,Octa+Cover+Camera Deco+Sim Tray+Fingerprint,"OOW-screen, battery, back cover",GH81-23522A,1,GH81-23537A,1,GH81-23510A,1,GH81-23539A,1,GH81-23530A,1,GH81-23541A,1,0,0,0,0,0,0,0,0,0,0,0,0,0,0,0,0,0,0
1311367,3.58224E+14,RZCX81H5KSR,Samsung,SM-F741B,Silver,256GB,Mobile phone,SM-F741BZSGEUB,REPAIRED,L2,"DAMAGE, , Damage - Quote if PBA or Cameras are required - Un","OOW-screens, batteries, tape",GH82-35014A,1,GH82-35024A,1,GH82-35023A,1,GH97-30012A,1,GH82-35141A,1,0,0,0,0,0,0,0,0,0,0,0,0,0,0,0,0,0,0,0,0
1311381,3.53792E+14,RZCX80K0Q4N,Samsung,SM-A156B/DSN,Black,,Mobile phone,SM-A156BZKDEUB,REPAIRED,L2,The phone fell out of a bag and the screen is damaged -,"Replaced screen, battery, cover",GH82-33638A,1,GH82-33639A,1,GH82-33492A,1,0,0,0,0,0,0,0,0,0,0,0,0,0,0,0,0,0,0,0,0,0,0,0,0
1311426,3.54819E+14,R5CYA1HJN8A,Samsung,SM-A176B/DS,Blue,,Mobile phone,SM-A176BZBAEUB,REPAIRED,L2,dropped device cracked the screen,2day asurion refurb,GH82-38076A,1,GH82-38045A,1,GH81-27932A,1,0,0,0,0,0,0,0,0,0,0,0,0,0,0,0,0,0,0,0,0,0,0,0,0
1311461,3.51104E+14,R5CY50N6KSL,Samsung,SM-A166B/DS,Black,,Mobile phone,SM-A166BZKDEUB,REPAIRED,L2,OCTA+Sim TrayBG+,OCTA+Sim TrayBG+,GH82-36143A,1,GH82-36145A,1,GH98-49821A,1,GH82-36030A,1,GH96-18396A,1,GH98-49822A,1,GH98-49824A,1,0,0,0,0,0,0,0,0,0,0,0,0,0,0,0,0
1311466,3.51104E+14,R5CY41RY5VN,Samsung,SM-A166B/DS,Black,,Mobile phone,SM-A166BZKDEUB,REPAIRED,L2,OCTA+Sim TrayBG+,Refurb,GH96-18449A,1,GH96-18396A,1,GH98-49822A,1,GH98-49824A,1,GH82-36030A,1,GH98-49821A,1,GH82-36145A,1,GH82-36143A,1,0,0,0,0,0,0,0,0,0,0,0,0,0,0
1311467,3.53792E+14,RZCX70A78SZ,Samsung,SM-A156B/DSN,Blue,,Mobile phone,SM-A156BZBDEUB,REPAIRED,L2,OCTA+Sim TrayBG+,OCTA+Sim TrayBG+,GH96-16582D,1,GH98-48940D,1,GH82-33492D,1,GH82-33639A,1,GH82-33638A,1,GH98-48935A,1,GH96-16630A,1,GH82-33641D,1,0,0,0,0,0,0,0,0,0,0,0,0,0,0
1311470,3.53428E+14,RFCRB1844MN,Samsung,SM-A326B/DS,Black,,Mobile phone,SM-A326BZKUEEA,REPAIRED,L2,OCTA+Frame+Sim TrayBG+,replaced†screen†battery†and†cover,GH97-25939A,1,GH63-19393A,1,GH82-25080A,1,GH82-25123A,1,GH82-25122A,1,0,0,0,0,0,0,0,0,0,0,0,0,0,0,0,0,0,0,0,0
1311473,3.56924E+14,RZCX60DVKVM,Samsung,SM-A156B/DSN,Blue,,Mobile phone,SM-A156BZBDEUB,REPAIRED,L2,LDI TRIGGEREDOCTA+Sim TrayBG+,replaced†screen†battery†and†cover,GH98-48940D,1,GH82-33639A,1,GH96-16582D,1,GH82-33492D,1,GH82-33638A,1,GH98-48935A,1,GH96-16630A,1,GH82-33641D,1,0,0,0,0,0,0,0,0,0,0,0,0,0,0
1311474,3.53792E+14,RZCX80K1S4J,Samsung,SM-A156B/DSN,Black,,Mobile phone,SM-A156BZKDEUB,REPAIRED,L2,OCTA+Sim TrayBG++ CAMERA DECO,Replaced  OCTA+Sim TrayBG++ CAMERA DECO,GH82-33639A,1,GH82-33492A,1,GH96-16630A,1,GH82-33641A,1,GH96-16582A,1,GH98-48935A,1,GH98-48940A,1,GH82-33638A,1,0,0,0,0,0,0,0,0,0,0,0,0,0,0
1311476,3.51104E+14,R5CY31Y3YVR,Samsung,SM-A166B/DS,Grey,,Mobile phone,SM-A166BZADEUB,REPAIRED,L2,OCTA+Sim TrayBG++ CAMERA DECO,Refurb,GH96-18449A,1,GH96-18396B,1,GH98-49822B,1,GH98-49824A,1,GH82-36030B,1,GH98-49821B,1,GH82-36145A,1,GH82-36143A,1,0,0,0,0,0,0,0,0,0,0,0,0,0,0
1311478,3.54412E+14,R5CX14EFY6T,Samsung,SM-A156B/DSN,Black,,Mobile phone,SM-A156BZKDEUB,REPAIRED,L2,OCTA+Sim TrayBG++ CAMERA DECO+,refurbed,GH82-33641A,1,GH82-33492A,1,GH96-16582A,1,GH82-33639A,1,GH82-33638A,1,GH98-48935A,1,GH96-16630A,1,0,0,0,0,0,0,0,0,0,0,0,0,0,0,0,0
1311479,3.53792E+14,RZCX8165QMN,Samsung,SM-A156B/DSN,Black,,Mobile phone,SM-A156BZKDEUB,REPAIRED,L2,LDI TRIGGEREDOCTA+Sim TrayBG++ CAMERA DECO,"OOW-screen, rear case, battery, back cover",GH96-16630A,1,GH96-16582A,1,GH82-33641A,1,GH82-33639A,1,GH82-33492A,1,GH98-48935A,1,GH98-48940A,1,GH82-33638A,1,0,0,0,0,0,0,0,0,0,0,0,0,0,0
1311481,3.53792E+14,RZCX70SDBMP,Samsung,SM-A156B/DSN,Black,,Mobile phone,SM-A156BZKDEUB,REPAIRED,L2,OCTA+Sim TrayBG++ CAMERA DECO,"replaced the screen,frame,battery,cover,sim tray and usb port",GH96-16630A,1,GH96-16582A,1,GH98-48940A,1,GH98-48935A,1,GH82-33492A,1,GH82-33638A,1,GH82-33641A,1,GH82-33639A,1,0,0,0,0,0,0,0,0,0,0,0,0,0,0
1311483,3.53341E+14,R58T42SS2EY,Samsung,SM-A135F/DSN,Black,,Mobile phone,SM-A135FZKVEUB,REPAIRED,L2,OCTA+Sim TrayBG++ CAMERA DECO,Full refurb,GH82-28509A,1,GH98-47323A,1,GH98-47319A,1,GH82-28387A,1,GH82-28653A,1,GH96-15035A,1,0,0,0,0,0,0,0,0,0,0,0,0,0,0,0,0,0,0
1311485,3.53521E+14,RZCXC19VNSV,Samsung,SM-A166B/DS,Black,,Mobile phone,SM-A166BZKDEUB,REPAIRED,L2,Full Refurb,Full Refurb,GH82-36143A,1,GH82-36030A,1,GH82-36145A,1,GH98-49822A,1,GH98-49824A,1,GH98-49821A,1,0,0,0,0,0,0,0,0,0,0,0,0,0,0,0,0,0,0
1311487,3.53521E+14,RZCXB1DSN3F,Samsung,SM-A166B/DS,Black,,Mobile phone,SM-A166BZKDEUB,REPAIRED,L2,OCTA+Sim TrayBG++ CAMERA DECO,full refurb,GH98-49822A,1,GH98-49824A,1,GH98-49821A,1,GH82-36030A,1,GH82-36145A,1,GH82-36143A,1,0,0,0,0,0,0,0,0,0,0,0,0,0,0,0,0,0,0
1311488,3.53521E+14,RZCXB1P7XKF,Samsung,SM-A166B/DS,Black,,Mobile phone,SM-A166BZKDEUE,REPAIRED,L2,OCTA+Sim TrayBG++ CAMERA DECO,replaced  OCTA+Sim TrayBG++ CAMERA DECO,GH82-36145A,1,GH98-49822A,1,GH98-49821A,1,GH96-18396A,1,GH82-36147A,1,GH98-49824A,1,GH82-36030A,1,GH82-36143A,1,GH96-18449A,1,0,0,0,0,0,0,0,0,0,0,0,0
1311489,3.54455E+14,RZCX118VK5N,Samsung,SM-A256B/DSN,Blue,,Mobile phone,SM-A256BZBDEUB,REPAIRED,L2,OCTA+Frame+Sim TrayBG+,"OOW-screen,†rear†case,†battery,†back†cover",GH82-33215A,1,GH82-33217A,1,GH81-24067A,1,GH98-48658A,1,GH82-33053D,1,GH82-33219D,1,0,0,0,0,0,0,0,0,0,0,0,0,0,0,0,0,0,0
1311492,3.53118E+14,RFCW80TWADX,Samsung,SM-A346B/DSN,Light Violet,,Mobile phone,SM-A346BLVAEUB,REPAIRED,L2,OCTA+Sim TrayBG+,"OOW-screen, battery, back cover",GH82-31201D,1,GH82-31469A,1,GH96-15817A,1,GH82-30709D,1,1003-002415,1,GH31-00734A,1,0,0,0,0,0,0,0,0,0,0,0,0,0,0,0,0,0,0
1311493,3.50043E+14,R5CY80VDLZK,Samsung,SM-A176B/DS,Blue,,Mobile phone,SM-A176BZBAEUB,REPAIRED,L2,Full Refurb,Full Refurb,GH98-50510C,1,GH82-38076A,1,GH82-38039C,1,GH82-38045A,1,GH98-50411C,1,GH98-50471C,1,GH96-20346A,1,0,0,0,0,0,0,0,0,0,0,0,0,0,0,0,0
1311494,3.53521E+14,RZCXB1R0W3E,Samsung,SM-A166B/DS,Grey,,Mobile phone,SM-A166BZADEUB,REPAIRED,L2,OCTA+Sim TrayBG++ CAMERA DECO,replaced††OCTA+Sim†TrayBG++†CAMERA†DECO,GH82-36030B,1,GH82-36143A,1,GH98-49824A,1,GH96-18449A,1,GH98-49821B,1,GH98-49822B,1,GH82-36145A,1,GH96-18396B,1,0,0,0,0,0,0,0,0,0,0,0,0,0,0
1311495,3.51729E+14,R5CY644A3KJ,Samsung,SM-A266B/DS,Black,,Mobile phone,SM-A266BZKCEUB,REPAIRED,L2,OCTA+Sim TrayBG+,Full refurb,GH98-50024A,1,GH82-37053A,1,GH82-37049A,1,GH82-37020A,1,0,0,0,0,0,0,0,0,0,0,0,0,0,0,0,0,0,0,0,0,0,0
1311497,3.53792E+14,RZCX708N3SK,Samsung,SM-A156B/DSN,Blue,,Mobile phone,SM-A156BZBDEUB,REPAIRED,L2,OCTA+Sim TrayBG+,asurion refurb,GH82-33638A,1,GH82-33639A,1,GH82-33641D,1,GH98-48940D,1,GH98-48935A,1,GH82-33492D,1,0,0,0,0,0,0,0,0,0,0,0,0,0,0,0,0,0,0
1311499,3.52353E+14,R3CW80EXE3N,Samsung,SM-S918B/DS,Beige,,Mobile phone,SM-S918BZEDEUB,REPAIRED,UB,OLED+Spen+BG+Sim TrayFrame+,QC PASS,GH82-30459A,1,GH96-15833B,1,GH82-33783A,1,GH96-15658B,1,GH98-48039B,1,GH82-30400B,1,GH81-24724A,1,GH81-24723A,1,0,0,0,0,0,0,0,0,0,0,0,0,0,0
1311500,3.50756E+14,R5CWB0CPJCV,Samsung,SM-A546B/DS,Grey,,Mobile phone,SM-A546BZKCEUB,REPAIRED,UB,Full Refurb,Full Refurb,GH98-48072A,1,GH82-31205A,1,GH82-30703A,1,GH96-15666A,1,GH82-31516A,1,GH02-24726A,1,GH81-23548A,1,GH82-35877A,1,GH98-48068A,1,GH82-31236A,1,0,0,0,0,0,0,0,0,0,0
1311501,3.54412E+14,R5CX14DYBTD,Samsung,SM-A156B/DSN,Blue,,Mobile phone,SM-A156BZBDEUB,REPAIRED,L2,LDI TRIGGEREDOCTA+Sim TrayBG+,replaced†screen†battery rear cameras†and†cover,GH96-16582D,1,GH82-33492D,1,GH82-33639A,1,GH98-48940D,1,GH96-15963A,1,GH96-16591A,1,GH96-16605A,1,GH82-33641D,1,GH96-16630A,1,GH98-48935A,1,GH82-33638A,1,0,0,0,0,0,0,0,0
1311503,3.5436E+14,RF8TA0JGAHA,Samsung,SM-A137F/DSN,Light Blue,,Mobile phone,SM-A137FLBVEUB,REPAIRED,L2,OCTA+Sim TrayBG+,refurbed,GH96-15366A,1,GH98-47319A,1,GH96-15035B,1,GH98-47323B,1,GH82-28387B,1,GH82-28509A,1,GH82-29228A,1,0,0,0,0,0,0,0,0,0,0,0,0,0,0,0,0
1311505,3.53792E+14,RZCX70FKHQP,Samsung,SM-A156B/DSN,Black,,Mobile phone,SM-A156BZKDEUB,REPAIRED,L2,OCTA+Sim TrayBG+,"replaced the screen,frame,battery,cover,sim tray and usb port",GH82-33639A,1,GH82-33638A,1,GH96-16582A,1,GH96-16630A,1,GH98-48940A,1,GH98-48935A,1,GH82-33641A,1,GH82-33492A,1,0,0,0,0,0,0,0,0,0,0,0,0,0,0
1311506,3.53936E+14,R5CX71K91TT,Samsung,SM-F741B,Light Blue,256GB,Mobile phone,SM-F741BLBGEUB,REPAIRED,L2,OCTA+Sim TrayBG+Sub screen+,OCTA+Sim TrayBG+Sub screen+,GH82-35014C,1,GH82-35023A,1,GH82-35024A,1,GH82-35182C,1,GH82-35141A,1,GH97-30012C,1,GH98-49236C,1,0,0,0,0,0,0,0,0,0,0,0,0,0,0,0,0
1311522,3.53792E+14,RZCX82CWMBT,Samsung,SM-A156B/DSN,Blue,,Mobile phone,SM-A156BZBDEUE,REPAIRED,L2,OCTA+Sim TrayBG++ CAMERA DECO,Full refurb,GH96-16582D,1,GH98-48940D,1,GH82-33641D,1,GH82-33639A,1,GH82-33638A,1,GH98-48935A,1,GH82-33492D,1,0,0,0,0,0,0,0,0,0,0,0,0,0,0,0,0
1311524,3.52623E+14,R5CXA21BZLP,Samsung,SM-A166B/DS,Grey,,Mobile phone,SM-A166BZADEUB,REPAIRED,L2,OCTA+Sim TrayBG++ CAMERA DECO,"OOW-screen,†rear†case,†battery,†back†cover",GH82-36030B,1,GH98-49824A,1,GH98-49821B,1,GH96-18396B,1,GH82-36145A,1,GH82-36143A,1,0,0,0,0,0,0,0,0,0,0,0,0,0,0,0,0,0,0
1311526,3.56924E+14,RZCX50VS94K,Samsung,SM-A156B/DSN,Blue,,Mobile phone,SM-A156BZBDEUB,REPAIRED,L2,OCTA+Sim TrayBG+,asurion refurb,GH82-33638A,1,GH98-48940D,1,GH82-33639A,1,GH82-33641D,1,GH98-48935A,1,GH96-16582D,1,GH82-33492D,1,GH96-16630A,1,0,0,0,0,0,0,0,0,0,0,0,0,0,0
1311531,3.53521E+14,RZCXC17C2PE,Samsung,SM-A166B/DS,Black,,Mobile phone,SM-A166BZKDEUB,REPAIRED,L2,OCTA+Sim TrayBG+,replaced†screen†battery†and†cover,GH82-36145A,1,GH98-49821A,1,GH98-49824A,1,GH82-36143A,1,GH82-36030A,1,GH98-49822A,1,GH96-18449A,1,GH96-18396A,1,0,0,0,0,0,0,0,0,0,0,0,0,0,0
1311535,3.51394E+14,R3CT50CDJMW,Samsung,SM-S908B/DS,Green,128GB,Mobile phone,SM-S908BZGDEUB,REPAIRED,L2,Full Refurb,Full Refurb,GH82-27457D,1,GH98-47138D,1,GH82-27559A,1,GH96-15290D,1,GH82-27484A,1,GH96-14802A,1,GH82-27489D,1,0,0,0,0,0,0,0,0,0,0,0,0,0,0,0,0
1311543,3.52555E+14,R8YW60H1R1K,Samsung,SM-A145R/DSN,Silver,,Mobile phone,SM-A145RZSUEUB,REPAIRED,L2,Octa+Cover+Camera Deco+Sim Tray+Fingerprint,refurbed,GH81-23539A,1,GH81-23541A,1,GH81-23515A,1,GH81-23530A,1,GH81-23522A,1,GH81-23537A,1,GH81-23510A,1,0,0,0,0,0,0,0,0,0,0,0,0,0,0,0,0
1311546,3.51729E+14,RZCY70CFH6N,Samsung,SM-A266B/DS,Black,,Mobile phone,SM-A266BZKCEUB,REPAIRED,L2,Octa+Cover+Sim Tray,Full refurb,GH98-50024A,1,GH96-19386A,1,GH82-37049A,1,GH82-37053A,1,GH82-37020A,1,0,0,0,0,0,0,0,0,0,0,0,0,0,0,0,0,0,0,0,0
1311547,3.52844E+14,RF8T606R6QY,Samsung,SM-A135F/DSN,Black,,Mobile phone,SM-A135FZKVEUB,REPAIRED,L2,Octa+Cover+Camera Deco+Sim Tray+Fingerprint,asurion refurb,GH96-15035A,1,GH98-47323A,1,GH98-47319A,1,GH82-28509A,1,GH82-28387A,1,GH82-28653A,1,GH96-15062A,1,0,0,0,0,0,0,0,0,0,0,0,0,0,0,0,0
1311549,3.56924E+14,RZCX31FM7SL,Samsung,SM-A156B/DSN,Black,,Mobile phone,SM-A156BZKDEUB,REPAIRED,L2,Octa+Cover+Camera Deco+Fingerprint,Refurb,GH96-16582A,1,GH82-33638A,1,GH82-33641A,1,GH82-33639A,1,GH96-16630A,1,GH98-48935A,1,GH98-48940A,1,GH82-33492A,1,0,0,0,0,0,0,0,0,0,0,0,0,0,0
1311551,3.54223E+14,R5CY11M9RER,Samsung,SM-S938B/DS,Blue,,Mobile phone,SM-S938BZBDEUB,REPAIRED,UB,Oled+Cover,asurion refurb,GH96-18791C,1,GH98-49811C,1,GH82-36353B,1,GH82-36520A,1,GH82-36588A,1,GH82-36522A,1,GH82-36389A,1,GH82-36386C,1,0,0,0,0,0,0,0,0,0,0,0,0,0,0
1311554,3.51729E+14,R5CY62P82QR,Samsung,SM-A266B/DS,Black,,Mobile phone,SM-A266BZKCEUB,REPAIRED,L2,Octa+Cover+Sim Tray,Full refurb,GH82-37049A,1,GH82-37053A,1,GH82-37020A,1,GH96-19386A,1,0,0,0,0,0,0,0,0,0,0,0,0,0,0,0,0,0,0,0,0,0,0
1311559,3.52623E+14,R5CXA2M1X1E,Samsung,SM-A166B/DS,Black,,Mobile phone,SM-A166BZKDEUB,REPAIRED,L2,Octa+Frame+Cover+Camera Deco+Sim Tray,Refurb,GH82-36143A,1,GH82-36145A,1,GH96-18449A,1,GH96-18396A,1,GH98-49822A,1,GH98-49824A,1,GH82-36030A,1,GH98-49821A,1,0,0,0,0,0,0,0,0,0,0,0,0,0,0
1311561,3.52009E+14,RZCW91RZ71A,Samsung,SM-A546B/DS,Grey,,Mobile phone,SM-A546BZKCEUB,REPAIRED,L2,Octa+Cover+Sim Tray,Replaced  Octa+Cover+Sim Tray,GH96-15666A,1,GH98-48072A,1,GH82-31232A,1,GH82-35877A,1,GH82-30703A,1,0,0,0,0,0,0,0,0,0,0,0,0,0,0,0,0,0,0,0,0
1311568,3.51104E+14,R5CY404H64M,Samsung,SM-A166B/DS,Grey,,Mobile phone,SM-A166BZADEUB,REPAIRED,L2,Octa+Frame+Cover+Camera Deco+Sim Tray,Full refurb,GH82-36143A,1,GH98-49822B,1,GH98-49824A,1,GH82-36030B,1,GH98-49821B,1,GH82-36145A,1,0,0,0,0,0,0,0,0,0,0,0,0,0,0,0,0,0,0
1311571,3.53521E+14,RZCXC14TETW,Samsung,SM-A166B/DS,Grey,,Mobile phone,SM-A166BZADEUB,REPAIRED,L2,Frame+Cover+Camera Deco,Frame+Cover+Camera Deco,GH98-49822B,1,GH96-18396B,1,GH96-18449A,1,GH98-49824A,1,GH98-49821B,1,GH82-36030B,1,GH82-36145A,1,GH82-36143A,1,0,0,0,0,0,0,0,0,0,0,0,0,0,0
1311573,3.50804E+14,RZ8TB02V87M,Samsung,SM-A137F/DSN,Light Blue,,Mobile phone,SM-A137FLBVEUB,REPAIRED,L2,Octa+Cover+Camera Deco+Fingerprint,"replaced the screen,frame,battery,cover,sim tray and usb port",GH96-15035B,1,GH98-47323B,1,GH98-47319A,1,GH82-28387B,1,GH82-28509A,1,GH82-29228A,1,GH96-15366A,1,0,0,0,0,0,0,0,0,0,0,0,0,0,0,0,0
1311575,3.53936E+14,R5CX91EWKPZ,Samsung,SM-F741B,Silver,256GB,Mobile phone,SM-F741BZSGEUB,REPAIRED,L2,Octa+Cover+SubLCD+Sim Tray,Full refurb,GH82-35014A,1,GH82-35023A,1,GH82-35024A,1,GH97-30012A,1,GH98-49236A,1,GH82-35182A,1,GH82-35141A,1,GH82-35143A,1,GH96-16981A,1,0,0,0,0,0,0,0,0,0,0,0,0
1311576,3.54412E+14,R5CX21N7R0H,Samsung,SM-A156B/DSN,Blue,,Mobile phone,SM-A156BZBDEUB,REPAIRED,L2,Octa+Cover+Camera Deco+Sim Tray,Octa+Cover+Camera Deco+Sim Tray,GH82-33641D,1,GH98-48940D,1,GH98-48935A,1,GH82-33492D,1,GH82-33639A,1,GH82-33638A,1,0,0,0,0,0,0,0,0,0,0,0,0,0,0,0,0,0,0
1311580,3.56924E+14,RZCX515YGZH,Samsung,SM-A156B/DSN,Blue,,Mobile phone,SM-A156BZBDEUB,REPAIRED,L2,Octa+Cover+Camera Deco,refurbed,GH96-16630A,1,GH98-48935A,1,GH96-16582D,1,GH98-48940D,1,GH82-33641D,1,GH82-33492D,1,GH82-33639A,1,GH82-33638A,1,0,0,0,0,0,0,0,0,0,0,0,0,0,0
1311581,3.53195E+14,R8YWA0AXFKL,Samsung,SM-A145R/DSN,Black,,Mobile phone,SM-A145RZKUEUE,REPAIRED,L2,Octa+Sim Tray,full refurb,GH81-23539A,1,GH81-23521A,1,GH81-23536A,1,GH81-23510A,1,GH81-23541A,1,0,0,0,0,0,0,0,0,0,0,0,0,0,0,0,0,0,0,0,0
1311582,3.52774E+14,RZCY416MH4M,Samsung,SM-A556B/DS,Dark Blue,,Mobile phone,SM-A556BZKAEEE,REPAIRED,UB,Octa+Cover+Sim Tray,asurion refurb,GH82-34309A,1,GH82-34311A,1,GH82-34284A,1,GH98-49097A,1,GH96-16718A,1,GH82-34540A,1,GH82-34308A,1,0,0,0,0,0,0,0,0,0,0,0,0,0,0,0,0
1311591,3.52555E+14,R83W60G7QEE,Samsung,SM-A145R/DSN,Black,,Mobile phone,SM-A145RZKUEUB,REPAIRED,L2,Octa+Cover+Camera Deco+Sim Tray+Unable to check LDI,Full refurb,GH81-23521A,1,GH81-23515A,1,GH81-23529A,1,GH81-23531A,1,GH81-23536A,1,GH81-23510A,1,GH81-23539A,1,GH81-23541A,1,0,0,0,0,0,0,0,0,0,0,0,0,0,0
1311592,3.52555E+14,R83W60CZD8P,Samsung,SM-A145R/DSN,Black,,Mobile phone,SM-A145RZKUEUB,REPAIRED,L2,Full Refurb,Full Refurb,GH81-23510A,1,GH81-23539A,1,GH81-23541A,1,GH81-23536A,1,GH81-23531A,1,GH81-23515A,1,GH81-23521A,1,0,0,0,0,0,0,0,0,0,0,0,0,0,0,0,0
1311595,3.50043E+14,R5CY92YQEKK,Samsung,SM-A176B/DS,Blue,,Mobile phone,SM-A176BZBAEUB,REPAIRED,L2,Octa+Frame+Cover+Sim Tray,"OOW-screen, rear case, battery, back cover",GH98-50471C,1,GH96-20406C,1,GH82-38045A,1,GH82-38076A,1,GH98-50510C,1,GH98-50411C,1,GH96-20346A,1,GH82-38039C,1,0,0,0,0,0,0,0,0,0,0,0,0,0,0
1311598,3.53521E+14,RZCXC18N29X,Samsung,SM-A166B/DS,Black,,Mobile phone,SM-A166BZKDEUB,REPAIRED,L2,Octa+Frame+Cover+Camera Deco,",",GH96-18396A,1,GH98-49822A,1,GH82-36143A,1,GH98-49821A,1,GH82-36145A,1,GH96-18449A,1,GH98-49824A,1,GH82-36030A,1,0,0,0,0,0,0,0,0,0,0,0,0,0,0
1311600,3.53521E+14,RZCXB1DSN7N,Samsung,SM-A166B/DS,Black,,Mobile phone,SM-A166BZKDEUB,REPAIRED,L2,Octa+Frame+Cover+Camera Deco+LDI Triggered,Full refurb,GH98-49824A,1,GH96-18396A,1,GH82-36030A,1,GH98-49821A,1,GH98-49822A,1,GH96-18449A,1,GH82-36143A,1,GH82-36145A,1,0,0,0,0,0,0,0,0,0,0,0,0,0,0
1311601,3.51104E+14,R5CY633C0WJ,Samsung,SM-A166B/DS,Black,,Mobile phone,SM-A166BZKDEUB,REPAIRED,L2,Octa+Frame+Cover+Camera Deco+Sim Tray,"OOW-screen, rear case, battery, back cover",GH98-49821A,1,GH82-36145A,1,GH82-36143A,1,GH98-49824A,1,GH82-36030A,1,0,0,0,0,0,0,0,0,0,0,0,0,0,0,0,0,0,0,0,0
1311605,3.53521E+14,RZCXC1CRVHF,Samsung,SM-A166B/DS,Black,,Mobile phone,SM-A166BZKDEUB,REPAIRED,L2,Octa+Frame+Cover+Camera Deco,refurbed,GH98-49822A,1,GH96-18449A,1,GH96-18396A,1,GH98-49824A,1,GH82-36030A,1,GH98-49821A,1,GH82-36145A,1,GH82-36143A,1,0,0,0,0,0,0,0,0,0,0,0,0,0,0
1311607,3.51104E+14,R5CY60YD82P,Samsung,SM-A166B/DS,Black,,Mobile phone,SM-A166BZKDEUB,REPAIRED,L2,Octa+Frame+Cover+Camera Deco+Sim Tray,replaced  Octa+Frame+Cover+Camera Deco+Sim Tray,GH82-36030A,1,GH96-18449A,1,GH98-49824A,1,GH82-36145A,1,GH98-49822A,1,GH98-49821A,1,GH82-36143A,1,GH96-18396A,1,0,0,0,0,0,0,0,0,0,0,0,0,0,0
1311609,3.53195E+14,R8YWA0AXZ5H,Samsung,SM-A145R/DSN,Black,,Mobile phone,SM-A145RZKUEUE,REPAIRED,L2,Octa+Cover+Camera Deco+Sim Tray+Fingerprint,refurbed,GH81-23539A,1,GH81-23510A,1,GH81-23541A,1,GH81-23536A,1,GH81-23521A,1,GH81-23531A,1,GH81-23515A,1,GH81-23517A,1,0,0,0,0,0,0,0,0,0,0,0,0,0,0
1311610,3.58135E+14,R8YW80WQERN,Samsung,SM-A145R/DSN,Silver,,Mobile phone,SM-A145RZSUEUB,REPAIRED,L2,Octa+Cover+Camera Deco+Sim Tray+Fingerprint,Octa+Cover+Camera Deco+Sim Tray+Fingerprint,GH81-23541A,1,GH81-23539A,1,GH81-23510A,1,GH81-23537A,1,GH81-23522A,1,GH81-23530A,1,0,0,0,0,0,0,0,0,0,0,0,0,0,0,0,0,0,0
1311618,3.51104E+14,R5CY33F40FD,Samsung,SM-A166B/DS,Black,,Mobile phone,SM-A166BZKDEUB,REPAIRED,L2,Octa+Frame+Cover+Camera Deco+Sim Tray,replaced Octa+Frame+Cover+Camera Deco+Sim Tray+pba,GH98-49824A,1,GH82-36030A,1,GH82-36143A,1,GH96-18449A,1,GH96-18396A,1,GH98-49821A,1,GH98-49822A,1,GH82-36145A,1,GH82-36142A,1,0,0,0,0,0,0,0,0,0,0,0,0
1311620,3.51104E+14,R5CY60YBCDM,Samsung,SM-A166B/DS,Black,,Mobile phone,SM-A166BZKDEUB,REPAIRED,L2,Octa+Frame+Cover+Camera Deco+Sim Tray,Full refurb,GH82-36143A,1,GH82-36145A,1,GH98-49821A,1,GH98-49824A,1,GH82-36030A,1,GH98-49822A,1,0,0,0,0,0,0,0,0,0,0,0,0,0,0,0,0,0,0
1311621,3.53195E+14,R83W90MFYTT,Samsung,SM-A145R/DSN,Black,,Mobile phone,SM-A145RZKUEUB,REPAIRED,L2,Octa+Cover+Camera Deco+Sim Tray,asurion refurb,GH81-23541A,1,GH81-23539A,1,GH81-23510A,1,GH81-23536A,1,GH81-23521A,1,0,0,0,0,0,0,0,0,0,0,0,0,0,0,0,0,0,0,0,0
1311622,3.56681E+14,R83WA0JD3XZ,Samsung,SM-A145R/DSN,Black,,Mobile phone,SM-A145RZKUEUB,REPAIRED,L2,Octa+Cover+Camera Deco+Sim Tray,asurion refurb,GH81-23515A,1,GH81-23531A,1,GH81-23541A,1,GH81-23521A,1,GH81-23536A,1,GH81-23510A,1,GH81-23539A,1,0,0,0,0,0,0,0,0,0,0,0,0,0,0,0,0
1311624,3.50222E+14,R8YW70B92ZZ,Samsung,SM-A145R/DSN,Silver,,Mobile phone,SM-A145RZSUEUB,REPAIRED,L2,Full Refurb,Full Refurb,GH81-23537A,1,GH81-23510A,1,GH81-23530A,1,GH81-23522A,1,GH81-23515A,1,GH81-23539A,1,GH81-23541A,1,0,0,0,0,0,0,0,0,0,0,0,0,0,0,0,0
1311626,3.59052E+14,R9PW30LXDWJ,Samsung,SM-A145R/DSN,Black,,Mobile phone,SM-A145RZKUEUB,REPAIRED,L2,Full Refurb,Full Refurb,GH81-23521A,1,GH81-23515A,1,GH81-23541A,1,GH81-23531A,1,GH81-23536A,1,GH81-23510A,1,GH81-23539A,1,0,0,0,0,0,0,0,0,0,0,0,0,0,0,0,0
1311627,3.50222E+14,R8YW70H0HHX,Samsung,SM-A145R/DSN,Black,,Mobile phone,SM-A145RZKUEUB,REPAIRED,L2,Octa+Cover+Camera Deco+Sim Tray+Fingerprint,Octa+Cover+Camera Deco+Sim Tray+Fingerprint,GH81-23531A,1,GH81-23515A,1,GH81-23521A,1,GH81-23536A,1,GH81-23510A,1,GH81-23539A,1,GH81-23541A,1,0,0,0,0,0,0,0,0,0,0,0,0,0,0,0,0
1312068,3.5308E+14,R5CW72E6F3T,Samsung,SM-S918B/DS,Black,,Mobile phone,SM-S918BZKDEUE,REPAIRED,UB,dropped device and cracked the screen green flickering,"Replaced screen, front, battery, cover",GH82-30459A,1,GH96-15833A,1,GH81-24724A,1,GH82-30400A,1,GH98-48039A,1,GH82-33783A,1,GH96-15621A,1,GH96-15658A,1,0,0,0,0,0,0,0,0,0,0,0,0,0,0
1312095,3.53792E+14,RZCX70VSK4Y,Samsung,SM-A156B/DSN,Black,,Mobile phone,SM-A156BZKDEUB,REPAIRED,L2,dropped and screen damage,"replaced screen, frame, batt, cover, sim, deco",GH98-48940A,1,GH98-48935A,1,GH82-33641A,1,GH82-33492A,1,GH82-33639A,1,GH82-33638A,1,0,0,0,0,0,0,0,0,0,0,0,0,0,0,0,0,0,0
1312096,3.53195E+14,R8YW912PK5E,Samsung,SM-A145R/DSN,Black,,Mobile phone,SM-A145RZKUEUB,REPAIRED,L2,"cracked screen, can&apos;t see nothing on the screen","Replaced screen, battery, usb-port",GH81-23515A,1,GH81-23539A,1,GH81-23541A,1,0,0,0,0,0,0,0,0,0,0,0,0,0,0,0,0,0,0,0,0,0,0,0,0
1312098,3.50361E+14,R3CW304W98M,Samsung,SM-S901B/DS,Black,,Mobile phone,SM-S901BZKDEUB,REPAIRED,UB,Cracked screen and chunk coming out and cracked on back,2day asurion refurb,GH82-27494A,1,GH96-14755A,1,GH82-27434A,1,GH82-30244A,1,GH82-37368A,1,GH02-23267A,1,GH02-23265A,1,0,0,0,0,0,0,0,0,0,0,0,0,0,0,0,0
1312474,3.55929E+14,RFCW420H0LE,Samsung,SM-S918B/DS,Green,,Mobile phone,SM-S918BZGDEUB,REPAIRED,UB,OLED+Frame+Battery+BG+Sim Tray+Spen,asurion refurb,GH81-24724A,1,GH82-30459A,1,GH96-15833C,1,GH82-30400C,1,GH98-48039C,1,GH96-15658C,1,GH82-33783A,1,0,0,0,0,0,0,0,0,0,0,0,0,0,0,0,0
1312477,3.55929E+14,R5CW602QRTP,Samsung,SM-S918B/DS,Green,,Mobile phone,SM-S918BZGDEUB,REPAIRED,UB,Full Refurb,Full Refurb,GH98-48039C,1,GH96-15833C,1,GH82-33783A,1,GH81-24724A,1,GH96-15658C,1,GH82-30459A,1,GH82-30400C,1,0,0,0,0,0,0,0,0,0,0,0,0,0,0,0,0
1312478,3.5308E+14,R5CW8071M7X,Samsung,SM-S918B/DS,Green,,Mobile phone,SM-S918BZGDEUE,REPAIRED,UB,OLED+Frame+Battery+BG+Sim Tray+Spen,asurion refurb,GH82-30459A,1,GH96-15658C,1,GH82-30400C,1,GH96-15833C,1,GH82-33783A,1,GH81-24724A,1,GH98-48039C,1,0,0,0,0,0,0,0,0,0,0,0,0,0,0,0,0
1312479,3.50197E+14,RFCWA0RTQRR,Samsung,SM-S918B/DS,Green,,Mobile phone,SM-S918BZGDEUB,REPAIRED,UB,OLED+Frame+Battery+BG+Sim Tray+Spen,Refurb,GH96-15621A,1,GH96-15658C,1,GH98-48039C,1,GH82-30400C,1,GH82-30459A,1,GH96-15833C,1,GH81-24724A,1,GH82-33783A,1,0,0,0,0,0,0,0,0,0,0,0,0,0,0
1312483,3.55929E+14,R5CW12DNGYM,Samsung,SM-S918B/DS,Green,,Mobile phone,SM-S918BZGDEUB,REPAIRED,UB,OLED+Frame+Battery+BG+Sim Tray+Spen,Refurb,GH82-33783A,1,GH81-24724A,1,GH96-15833C,1,GH82-30459A,1,GH82-30400C,1,GH98-48039C,1,GH96-15658C,1,GH96-15621A,1,0,0,0,0,0,0,0,0,0,0,0,0,0,0
1312484,3.50197E+14,RFCWA1DHG8H,Samsung,SM-S918B/DS,Green,,Mobile phone,SM-S918BZGDEUB,REPAIRED,UB,OLED+Frame+Battery+BG+Sim Tray+Spen,asurion refurb,GH82-33783A,1,GH96-15833C,1,GH82-30400C,1,GH96-15658C,1,GH82-30459A,1,GH96-15621A,1,GH98-48039C,1,GH81-24724A,1,0,0,0,0,0,0,0,0,0,0,0,0,0,0
1312486,3.55929E+14,RFCW819EYNE,Samsung,SM-S918B/DS,Green,,Mobile phone,SM-S918BZGDEUB,REPAIRED,UB,OLED+Frame+Battery+BG+Sim Tray+Spen,asurion refurb,GH81-24724A,1,GH98-48039C,1,GH96-15621A,1,GH82-30400C,1,GH96-15833C,1,GH82-33783A,1,GH82-30459A,1,GH96-15658C,1,0,0,0,0,0,0,0,0,0,0,0,0,0,0
1312488,3.50197E+14,RFCW91MASEL,Samsung,SM-S918B/DS,Green,,Mobile phone,SM-S918BZGDEUB,REPAIRED,UB,OLED+Frame+Battery+BG+Sim Tray+Spen,asurion refurb,GH82-30459A,1,GH81-24724A,1,GH98-48039C,1,GH82-33783A,1,GH96-15833C,1,GH82-30400C,1,GH96-15658C,1,0,0,0,0,0,0,0,0,0,0,0,0,0,0,0,0
1312490,3.51451E+14,RFCX7016CJP,Samsung,SM-F956B/DS,Dark Blue,,Mobile phone,SM-F956BDBBEUB,REPAIRED,L2,OCTA+Battery+Sub screen+BG+Sim Tray+Repair Kits,"OOW-screens, batteries, back cover",GH82-35049A,1,GH82-35048A,1,GH82-35086C,1,GH82-35138A,1,GH82-35047A,1,GH82-35042C,1,0,0,0,0,0,0,0,0,0,0,0,0,0,0,0,0,0,0
1312492,3.51451E+14,RFCX70175TT,Samsung,SM-F956B/DS,Dark Blue,,Mobile phone,SM-F956BDBBEUB,REPAIRED,L2,OCTA+Battery+Sub screen+BG+Sim Tray+Repair Kits,"OOW-screens, batteries, back cover",GH82-35042C,1,GH82-35047A,1,GH82-35049A,1,GH82-35048A,1,GH82-35138A,1,GH82-35086C,1,0,0,0,0,0,0,0,0,0,0,0,0,0,0,0,0,0,0
1312493,3.52353E+14,R3CW80JV38P,Samsung,SM-S918B/DS,Green,,Mobile phone,SM-S918BZGDEUB,REPAIRED,UB,OLED+Frame+Battery+BG+Sim Tray+Spen,asurion refurb,GH82-33783A,1,GH96-15833C,1,GH82-30400C,1,GH96-15658C,1,GH82-30459A,1,GH81-24724A,1,GH98-48039C,1,0,0,0,0,0,0,0,0,0,0,0,0,0,0,0,0
1312495,3.55929E+14,R5CW12GCTMW,Samsung,SM-S918B/DS,Green,,Mobile phone,SM-S918BZGDEUB,REPAIRED,UB,OLED+Frame+Battery+BG+Sim Tray+Spen,refurbed,GH96-15658C,1,GH98-48039C,1,GH82-30400C,1,GH82-30459A,1,GH96-15833C,1,GH81-24724A,1,GH82-33783A,1,0,0,0,0,0,0,0,0,0,0,0,0,0,0,0,0
1312498,3.50197E+14,RFCW918546A,Samsung,SM-S918B/DS,Green,,Mobile phone,SM-S918BZGDEUB,REPAIRED,UB,OLED+Frame+Battery+BG+Sim Tray+Spen,refurbed,GH96-15658C,1,GH98-48039C,1,GH82-30400C,1,GH82-30459A,1,GH96-15833C,1,GH81-24724A,1,GH82-33783A,1,0,0,0,0,0,0,0,0,0,0,0,0,0,0,0,0
1312504,3.50197E+14,RFCWA17J1ST,Samsung,SM-S918B/DS,Green,,Mobile phone,SM-S918BZGDEUB,REPAIRED,UB,OLED+Frame+Battery+BG+Sim Tray+Spen,"Replaced the screen,frame,battery,cover,sim tray and usb port",GH82-33783A,1,GH81-24724A,1,GH96-15833C,1,GH82-30459A,1,GH82-30400C,1,GH98-48039C,1,GH96-15658C,1,0,0,0,0,0,0,0,0,0,0,0,0,0,0,0,0
1312506,3.52353E+14,R3CW50C3QWN,Samsung,SM-S918B/DS,Green,,Mobile phone,SM-S918BZGDEUB,REPAIRED,UB,OLED+Frame+Battery+BG+Sim Tray+Spen,.,GH82-33783A,1,GH81-24724A,1,GH98-48039C,1,GH82-30400C,1,GH82-30459A,1,GH96-15833C,1,GH96-15658C,1,GH96-15527A,1,0,0,0,0,0,0,0,0,0,0,0,0,0,0
1312507,3.55929E+14,R5CW602QRLB,Samsung,SM-S918B/DS,Green,,Mobile phone,SM-S918BZGDEUB,REPAIRED,UB,OLED+Frame+Battery+BG+Sim Tray+Spen,asurion refurb,GH82-30400C,1,GH96-15658C,1,GH82-30459A,1,GH81-24724A,1,GH98-48039C,1,GH82-33783A,1,GH96-15833C,1,0,0,0,0,0,0,0,0,0,0,0,0,0,0,0,0
1312509,3.51496E+14,R5CY63RDJGB,Samsung,SM-F761B,Black,128GB,Mobile phone,SM-F761BZKGEUB,REPAIRED,L2,OCTA+Battery+BG+Sim Tray+Repair Kits+Sub screen,"OOW-screens, batteries, back cover",GH98-50251A,1,GH82-37737A,1,GH82-37736A,1,GH82-37734A,1,GH82-35141A,1,GH82-37608A,1,GH97-30985A,1,0,0,0,0,0,0,0,0,0,0,0,0,0,0,0,0
1312511,3.55235E+14,RFCW90B6HJL,Samsung,SM-F946B/DS,Black,,Mobile phone,SM-F946BZKCEUB,REPAIRED,L2,OCTA+Battery+BG+Sim Tray+Repair Kits+Sub screen,Full refurb,GH82-31843A,1,GH82-31847A,1,GH82-31846A,1,GH82-31862A,1,GH81-24613A,1,GH81-24686A,1,GH98-48409A,1,GH82-31849A,1,0,0,0,0,0,0,0,0,0,0,0,0,0,0
1312512,3.51729E+14,R5CY62P902R,Samsung,SM-A266B/DS,Light Green,,Mobile phone,SM-A266BLGCEUB,REPAIRED,L2,OCTA+Battery+BG+Sim Tray+Repair Kits,asurion refurb,GH82-37049C,1,GH82-37053A,1,GH98-50024C,1,GH82-37020C,1,0,0,0,0,0,0,0,0,0,0,0,0,0,0,0,0,0,0,0,0,0,0
1312514,3.51729E+14,R5CY80KFD1V,Samsung,SM-A266B/DS,Light Green,,Mobile phone,SM-A266BLGCEUB,REPAIRED,L2,OCTA+Battery+BG+Sim Tray+Repair Kits,full refurb,GH82-37049C,1,GH82-37053A,1,GH96-19397C,1,GH82-37062A,1,GH98-50024C,1,GH82-37020C,1,0,0,0,0,0,0,0,0,0,0,0,0,0,0,0,0,0,0
1312515,3.50683E+14,R5CXB269GSN,Samsung,SM-S928B/DS,Black,,Mobile phone,SM-S928BZKGEUB,REPAIRED,UB,Full Refurb,Full Refurb,GH82-33385A,1,GH82-33399B,1,GH82-33387A,1,GH82-33349B,1,GH96-16497A,1,GH98-48962B,1,GH96-16577B,1,GH82-33544A,1,0,0,0,0,0,0,0,0,0,0,0,0,0,0
1312518,3.52322E+14,R9WT314VW9V,Samsung,SM-A226B/DSN,Light Violet,,Mobile phone,SM-A226BLVUEUE,REPAIRED,L2,.,Replaced OCTA+Battery+BG+Sim Tray+Repair Kits,GH81-20713A,1,GH81-20699A,1,GH81-20738A,1,GH81-20743A,1,GH81-21071A,1,GH81-20698A,1,GH81-20710A,1,GH81-20706A,1,GH81-20720A,1,GH81-20694A,1,0,0,0,0,0,0,0,0,0,0
1312519,3.52236E+14,RZCY21D4ANN,Samsung,SM-F956B/DS,Dark Blue,,Mobile phone,SM-F956BDBBEUB,REPAIRED,L2,OCTA+Battery+Sub screen+BG+Sim Tray+Repair Kits,OCTA+Battery+Sub screen+BG+Sim Tray+Repair Kits,GH82-35049A,1,GH82-35048A,1,GH82-35086C,1,GH82-35138A,1,GH82-35047A,1,GH98-49261C,1,GH82-35042C,1,0,0,0,0,0,0,0,0,0,0,0,0,0,0,0,0
1312526,3.52433E+14,RZCX410K4JE,Samsung,SM-S921B/DS,Violet,,Mobile phone,SM-S921BZVDEUB,REPAIRED,UB,OLED+Frame+BatteryBG+Sim Tray+Repair Kits,Full refurb,GH82-33286A,1,GH82-33418C,1,GH96-16507A,1,GH98-48906C,1,GH82-33295A,1,GH82-33101C,1,GH82-33290A,1,0,0,0,0,0,0,0,0,0,0,0,0,0,0,0,0
1312536,3.52555E+14,R8YW601JDAH,Samsung,SM-A145R/DSN,Silver,,Mobile phone,SM-A145RZSUEUB,REPAIRED,L2,OCTA+Battery+BG+FINGER PRINT+Sim Tray+ CAMERA DECO,asurion refurb,GH81-23539A,1,GH81-23537A,1,GH81-23510A,1,GH81-23522A,1,GH81-23541A,1,GH81-23515A,1,GH81-23530A,1,0,0,0,0,0,0,0,0,0,0,0,0,0,0,0,0
1312538,3.52555E+14,R83W60G74FK,Samsung,SM-A145R/DSN,Black,,Mobile phone,SM-A145RZKUEUB,REPAIRED,L2,OCTA+Battery+BG+FINGER PRINT+Sim Tray+ CAMERA DECO,"replaced the screen,frame,battery,cover,sim tray and usb port",GH81-23521A,1,GH81-23515A,1,GH81-23531A,1,GH81-23510A,1,GH81-23536A,1,GH81-23539A,1,GH81-23541A,1,0,0,0,0,0,0,0,0,0,0,0,0,0,0,0,0
1312539,3.52555E+14,R8YW51BGZ1X,Samsung,SM-A145R/DSN,Black,,Mobile phone,SM-A145RZKUEUB,REPAIRED,L2,OCTA+Battery+BG+FINGER PRINT+Sim Tray+ CAMERA DECO,refurbed,GH81-23515A,1,GH81-23531A,1,GH81-23521A,1,GH81-23536A,1,GH81-23510A,1,GH81-23539A,1,GH81-23541A,1,0,0,0,0,0,0,0,0,0,0,0,0,0,0,0,0
1312540,3.52555E+14,R83W60ANB9M,Samsung,SM-A145R/DSN,Black,,Mobile phone,SM-A145RZKUEUB,REPAIRED,L2,OCTA+Battery+BG+FINGER PRINT+Sim Tray+ CAMERA DECO,refurbed,GH81-23515A,1,GH81-23531A,1,GH81-23521A,1,GH81-23536A,1,GH81-23510A,1,GH81-23539A,1,GH81-23541A,1,0,0,0,0,0,0,0,0,0,0,0,0,0,0,0,0
1312542,3.50222E+14,R83W707J9TB,Samsung,SM-A145R/DSN,Black,,Mobile phone,SM-A145RZKUEUB,REPAIRED,L2,OCTA+Battery+BG+FINGER PRINT+Sim Tray+ CAMERA DECO,Refurb,GH81-23536A,1,GH81-23521A,1,GH81-23531A,1,GH81-23515A,1,GH81-23517A,1,GH81-23510A,1,GH81-23539A,1,GH81-23541A,1,0,0,0,0,0,0,0,0,0,0,0,0,0,0
1312543,3.52555E+14,R83W60D3G4W,Samsung,SM-A145R/DSN,Black,,Mobile phone,SM-A145RZKUEUB,REPAIRED,L2,OCTA+Battery+BG+FINGER PRINT+Sim Tray+ CAMERA DECO,asurion refurb,GH81-23541A,1,GH81-23510A,1,GH81-23531A,1,GH81-23536A,1,GH81-23521A,1,GH81-23515A,1,GH81-23539A,1,0,0,0,0,0,0,0,0,0,0,0,0,0,0,0,0
1312545,3.55681E+14,R3CX20LDXZH,Samsung,SM-S921B/DS,Black,,Mobile phone,SM-S921BZKDEUB,REPAIRED,UB,OLED+Frame+BatteryBG+Sim TrayFINGER PRINT,Refurb,GH82-33286A,1,GH82-33295A,1,GH82-33418A,1,GH82-33290A,1,GH82-33101A,1,0,0,0,0,0,0,0,0,0,0,0,0,0,0,0,0,0,0,0,0
1312546,3.5299E+14,RFCWA13B1PJ,Samsung,SM-A346B/DSN,Grey,,Mobile phone,SM-A346BZKAEUB,REPAIRED,UB,OCTA+Battery+BG+Sim Tray+gray,full refurb,GH82-31312A,1,GH82-31469A,1,GH82-30709A,1,GH98-48063A,1,GH96-15817A,1,GH96-15772A,1,GH82-31515A,1,GH82-31235A,1,0,0,0,0,0,0,0,0,0,0,0,0,0,0
1312548,3.50756E+14,R5CWA0V16ZV,Samsung,SM-A546B/DS,Grey,,Mobile phone,SM-A546BZKCEUB,REPAIRED,L2,OCTA+Battery+BG+Sim Tray+gray,full refurb,GH96-15666A,1,GH98-48072A,1,GH82-30703A,1,GH82-35877A,1,GH82-31231A,1,0,0,0,0,0,0,0,0,0,0,0,0,0,0,0,0,0,0,0,0
1312549,3.53792E+14,RZCX617GCXT,Samsung,SM-A156B/DSN,Black,,Mobile phone,SM-A156BZKDEUB,REPAIRED,L2,Full Refurb,Full Refurb,GH82-33638A,1,GH82-33639A,1,GH82-33492A,1,GH82-33641A,1,GH98-48935A,1,GH96-16582A,1,GH96-16630A,1,GH98-48940A,1,GH82-33790A,1,0,0,0,0,0,0,0,0,0,0,0,0
1312550,3.53204E+14,RZCW30FWMWF,Samsung,SM-A546B/DS,Grey,,Mobile phone,SM-A546BZKCEUB,REPAIRED,L2,OCTA+Battery+BG+Sim Tray+gray,asurion refurb,GH82-31231A,1,GH82-35877A,1,GH98-48072A,1,GH82-30703A,1,0,0,0,0,0,0,0,0,0,0,0,0,0,0,0,0,0,0,0,0,0,0
1312551,3.53792E+14,RZCX81N2XRF,Samsung,SM-A156B/DSN,Black,,Mobile phone,SM-A156BZKDEUB,REPAIRED,L2,OCTA+Battery+BG+FINGER PRINT+Sim Tray+ CAMERA DECO,"OOW-Main board, screen,†rear†case,†battery,†back†cover",GH82-33791A,1,GH82-33492A,1,GH98-48935A,1,GH82-33641A,1,GH82-33639A,1,GH82-33638A,1,0,0,0,0,0,0,0,0,0,0,0,0,0,0,0,0,0,0
1312559,3.53792E+14,RZCX70F6S8N,Samsung,SM-A156B/DSN,Black,,Mobile phone,SM-A156BZKDEUB,REPAIRED,L2,Full Refurb,Full Refurb,GH96-16582A,1,GH96-16630A,1,GH82-33492A,1,GH82-33641A,1,GH98-48935A,1,GH98-48940A,1,GH82-33638A,1,GH82-33639A,1,0,0,0,0,0,0,0,0,0,0,0,0,0,0
1312561,3.53792E+14,RZCX80DE7CV,Samsung,SM-A156B/DSN,Blue,,Mobile phone,SM-A156BZBDEUB,REPAIRED,L2,Full Refurb,Full Refurb,GH96-16582D,1,GH98-48940D,1,GH82-33492D,1,GH98-48935A,1,GH82-33641D,1,GH82-33639A,1,GH96-16630A,1,GH82-33638A,1,0,0,0,0,0,0,0,0,0,0,0,0,0,0
1312564,3.56924E+14,RZCX518X5YJ,Samsung,SM-A156B/DSN,Black,,Mobile phone,SM-A156BZKDEUB,REPAIRED,L2,Full Refurb,Full Refurb,GH82-33638A,1,GH82-33639A,1,GH82-33492A,1,GH98-48940A,1,GH96-16630A,1,GH96-16582A,1,GH98-48935A,1,GH82-33641A,1,0,0,0,0,0,0,0,0,0,0,0,0,0,0
1312565,3.57456E+14,R5CR815WW8F,Samsung,SM-A528B/DS,Black,,Mobile phone,SM-A528BZKDEUE,REPAIRED,L2,OCTA+Battery+BG+Sim Tray,"OOW-screen, battery, back cover",GH82-25231A,1,GH98-46290A,1,GH82-26858A,1,GH82-26863A,1,GH96-14724A,1,0,0,0,0,0,0,0,0,0,0,0,0,0,0,0,0,0,0,0,0
1312577,3.53204E+14,RZCW50ML61R,Samsung,SM-A546B/DS,Light Violet,,Mobile phone,SM-A546BLVCEUB,REPAIRED,L2,OCTA+Battery+BG+Sim Tray,asurion refurb,GH82-31469A,1,GH98-48072D,1,GH82-30703D,1,GH82-31232D,1,0,0,0,0,0,0,0,0,0,0,0,0,0,0,0,0,0,0,0,0,0,0
1312578,3.53792E+14,RZCX723ZYAR,Samsung,SM-A156B/DSN,Black,,Mobile phone,SM-A156BZKDEUB,REPAIRED,L2,OCTA+Battery+BG+FINGER PRINT+Sim Tray+ CAMERA DECO,asurion refurb,GH82-33637A,1,GH96-16582A,1,GH82-33492A,1,GH82-33639A,1,GH98-48940A,1,GH82-33641A,1,GH96-16630A,1,GH98-48935A,1,0,0,0,0,0,0,0,0,0,0,0,0,0,0
1312587,3.56924E+14,RZCX50VZVTT,Samsung,SM-A156B/DSN,Black,,Mobile phone,SM-A156BZKDEUB,REPAIRED,L2,OCTA+Battery+BG+FINGER PRINT+Sim Tray+ CAMERA DECO,asurion refurb,GH82-33637A,1,GH82-33639A,1,GH82-33641A,1,GH82-33492A,1,GH98-48940A,1,GH96-16582A,1,GH98-48935A,1,0,0,0,0,0,0,0,0,0,0,0,0,0,0,0,0
1312588,3.53936E+14,R5CX72QVWVJ,Samsung,SM-F741B,Light Blue,256GB,Mobile phone,SM-F741BLBGEUB,REPAIRED,L2,OCTA+BatterySub screenSim TrayRepair Kits,Full refurb,GH82-35014C,1,GH82-35024A,1,GH82-35023A,1,GH97-30012C,1,GH82-35182C,1,GH98-49236C,1,GH82-35141A,1,0,0,0,0,0,0,0,0,0,0,0,0,0,0,0,0
1312589,3.52009E+14,RZCW81MHX2W,Samsung,SM-A546B/DS,Grey,,Mobile phone,SM-A546BZKCEUB,REPAIRED,L2,OCTA+Battery+BG+Sim Tray+gray,asurion refurb,GH82-35877A,1,GH82-31231A,1,GH82-30703A,1,GH98-48072A,1,0,0,0,0,0,0,0,0,0,0,0,0,0,0,0,0,0,0,0,0,0,0
1312591,3.51104E+14,R5CY33K7YJY,Samsung,SM-A166B/DS,Black,,Mobile phone,SM-A166BZKDEUB,REPAIRED,L2,OCTA+Battery+Frame+BG+FINGER PRINT+Sim Tray+ CAMERA DECO,Full refurb,GH82-36143A,1,GH82-36145A,1,GH82-36030A,1,GH98-49821A,1,GH98-49824A,1,GH96-18396A,1,GH98-49822A,1,GH96-18449A,1,0,0,0,0,0,0,0,0,0,0,0,0,0,0
1312595,3.52107E+14,R5CRA0JNCZJ,Samsung,SM-A528B/DS,Black,,Mobile phone,SM-A528BZKDEUA,REPAIRED,L2,OCTA+Battery+BG+Sim Tray,"OOW-screen, battery, back cover",GH82-26863A,1,GH82-26858A,1,GH82-25231A,1,GH98-46290A,1,0,0,0,0,0,0,0,0,0,0,0,0,0,0,0,0,0,0,0,0,0,0
1312596,3.52623E+14,R5CXB17XNJP,Samsung,SM-A166B/DS,Grey,,Mobile phone,SM-A166BZADEUB,REPAIRED,L2,OCTA+Battery+Frame+BG+FINGER PRINT+Sim Tray+ CAMERA DECO,asurion refurb,GH98-49821B,1,GH82-36145A,1,GH96-18396B,1,GH98-49822B,1,GH98-49824A,1,GH82-36030B,1,GH82-36143A,1,0,0,0,0,0,0,0,0,0,0,0,0,0,0,0,0
1312598,3.52623E+14,R5CXA4GZYVB,Samsung,SM-A166B/DS,Grey,,Mobile phone,SM-A166BZADEUB,REPAIRED,L2,OCTA+Battery+Frame+BG+FINGER PRINT+Sim Tray+ CAMERA DECO,asurion refurb,GH96-18396B,1,GH98-49822B,1,GH98-49824A,1,GH82-36030B,1,GH98-49821B,1,GH82-36145A,1,GH82-36143A,1,0,0,0,0,0,0,0,0,0,0,0,0,0,0,0,0
1312600,3.56924E+14,RZCX50YEFFH,Samsung,SM-A156B/DSN,Blue,,Mobile phone,SM-A156BZBDEUB,REPAIRED,L2,OCTA+Battery+BG+FINGER PRINT+Sim Tray+ CAMERA DECO,refurbed,GH96-16582D,1,GH98-48940D,1,GH82-33492D,1,GH82-33641D,1,GH82-33639A,1,GH82-33638A,1,GH98-48935A,1,0,0,0,0,0,0,0,0,0,0,0,0,0,0,0,0
1312602,3.53792E+14,RZCX70FSK0F,Samsung,SM-A156B/DSN,Black,,Mobile phone,SM-A156BZKDEUB,REPAIRED,L2,Full Refurb,Full Refurb,GH82-33638A,1,GH82-33639A,1,GH82-33641A,1,GH82-33492A,1,GH98-48940A,1,GH96-16630A,1,GH96-16582A,1,GH98-48935A,1,0,0,0,0,0,0,0,0,0,0,0,0,0,0
1312603,3.56924E+14,RZCX514E7GP,Samsung,SM-A156B/DSN,Blue,,Mobile phone,SM-A156BZBDEUB,REPAIRED,L2,Full Refurb,Full Refurb,GH98-48935A,1,GH82-33638A,1,GH82-33639A,1,GH82-33641D,1,GH82-33492D,1,GH98-48940D,1,GH96-16630A,1,GH96-16582D,1,0,0,0,0,0,0,0,0,0,0,0,0,0,0
1312604,3.56924E+14,RZCX5135ZWM,Samsung,SM-A156B/DSN,Black,,Mobile phone,SM-A156BZKDEUB,REPAIRED,L2,OCTA+Battery+BG+FINGER PRINT+Sim Tray+ CAMERA DECO,refurbed,GH82-33492A,1,GH82-33639A,1,GH82-33638A,1,GH82-33641A,1,GH98-48940A,1,GH98-48935A,1,GH96-16630A,1,GH82-33640A,1,GH96-16582A,1,0,0,0,0,0,0,0,0,0,0,0,0
1312606,3.50043E+14,RZCW82MDF6D,Samsung,SM-A346B/DSN,Light Violet,,Mobile phone,SM-A346BLVAEUB,REPAIRED,L2,OCTA+Battery+BG+Sim Tray,full refurb,GH82-31201D,1,GH82-31469A,1,GH82-30709D,1,GH98-48063D,1,GH96-15817A,1,0,0,0,0,0,0,0,0,0,0,0,0,0,0,0,0,0,0,0,0
1312608,3.54517E+14,RFCX50N46FD,Samsung,SM-S921B/DS,Black,,Mobile phone,SM-S921BZKDEUB,REPAIRED,UB,OLED+Frame+BG+BatterySim TrayRepair Kits,Full refurb,GH82-33101A,1,GH82-33290A,1,GH98-48906A,1,GH82-33286A,1,GH82-33295A,1,GH82-33418A,1,GH96-15557A,1,0,0,0,0,0,0,0,0,0,0,0,0,0,0,0,0
1312609,3.50043E+14,RZCW82PMAYR,Samsung,SM-A346B/DSN,Grey,,Mobile phone,SM-A346BZKAEUB,REPAIRED,L2,OCTA+Battery+BG+Sim Tray+gray,OCTA+Battery+BG+Sim Tray+gray,GH82-31201A,1,GH82-31469A,1,GH82-30709A,1,GH98-48063A,1,GH96-15817A,1,0,0,0,0,0,0,0,0,0,0,0,0,0,0,0,0,0,0,0,0
1312610,3.51234E+14,RZCX20WFN2P,Samsung,SM-A556B/DS,Dark Blue,,Mobile phone,SM-A556BZKAEUB,REPAIRED,UB,Full Refurb,Full Refurb,GH96-16718A,1,GH82-34540A,1,GH98-49097A,1,GH82-34284A,1,GH82-34311A,1,GH82-34309A,1,GH82-34308A,1,0,0,0,0,0,0,0,0,0,0,0,0,0,0,0,0
1312621,3.51104E+14,R5CY60Y591Y,Samsung,SM-A166B/DS,Grey,,Mobile phone,SM-A166BZADEUB,REPAIRED,L2,screen frozen not able to use it at all,2day asurion refurb,GH82-36143A,1,GH82-36145A,1,GH81-26599A,1,0,0,0,0,0,0,0,0,0,0,0,0,0,0,0,0,0,0,0,0,0,0,0,0
1312716,3.52776E+14,RZCY50AF6JP,Samsung,SM-A566B/DS,Grey,,Mobile phone,SM-A566BZKCEUB,REPAIRED,L2,No power,Replaced sub pba,GH96-19091A,1,0,0,0,0,0,0,0,0,0,0,0,0,0,0,0,0,0,0,0,0,0,0,0,0,0,0,0,0
1312717,3.54412E+14,R5CX705MQ4E,Samsung,SM-A156B/DSN,Black,,Mobile phone,SM-A156BZKDEUE,REPAIRED,L2,No power,Replaced mainboard,GH82-33790A,1,GH81-24888A,1,0,0,0,0,0,0,0,0,0,0,0,0,0,0,0,0,0,0,0,0,0,0,0,0,0,0
1312718,3.55002E+14,R5CR81JHZRY,Samsung,SM-F711B,Black,128GB,Mobile phone,SM-F711BZKAEUA,REPAIRED,L1,Cover lifting,Replaced tapes,GH82-35108A,1,GH82-35107A,1,0,0,0,0,0,0,0,0,0,0,0,0,0,0,0,0,0,0,0,0,0,0,0,0,0,0
1312805,3.52623E+14,R5CXA1TF2GZ,Samsung,SM-A166B/DS,Black,,Mobile phone,SM-A166BZKDEUB,REPAIRED,L2,"DAMAGE, , Drooped and screen shatterred - Quote if PBA or Ca",2day asurion refurb,GH81-26599A,1,GH82-36145A,1,GH82-36143A,1,0,0,0,0,0,0,0,0,0,0,0,0,0,0,0,0,0,0,0,0,0,0,0,0
1312839,3.50966E+14,RFCY700M19B,Samsung,SM-F966B/DS,Black,,Mobile phone,SM-F966BZKBEUB,REPAIRED,UB,Inside hinge is cracked internal screen damaged - Quote if P,"Replaced OLED, Sub Ub and tapes",GH82-37824A,1,GH82-37822A,1,GH82-38023A,1,GH82-37544A,1,GH81-27757A,2,GH82-37543A,1,0,0,0,0,0,0,0,0,0,0,0,0,0,0,0,0,0,0
1312841,3.52623E+14,R5CXA3MDJKV,Samsung,SM-A166B/DS,Black,,Mobile phone,SM-A166BZKDEUE,REPAIRED,L2,screen is smashed - Quote if PBA or Cameras are required,2day asurion refurb,GH82-36145A,1,GH82-36143A,1,GH81-26599A,1,0,0,0,0,0,0,0,0,0,0,0,0,0,0,0,0,0,0,0,0,0,0,0,0
1312844,3.51104E+14,R5CY33K8MRX,Samsung,SM-A166B/DS,Black,,Mobile phone,SM-A166BZKDEUB,REPAIRED,L2,The phone fell out my hand - Quote if PBA or Cameras are req,"replaced screen, batt, tape and sub pba",GH82-36143A,1,GH82-36145A,1,GH81-26599A,1,GH96-18449A,1,0,0,0,0,0,0,0,0,0,0,0,0,0,0,0,0,0,0,0,0,0,0
1312847,3.50364E+14,R3CX9033QMM,Samsung,SM-S928B/DS,Black,,Mobile phone,SM-S928BZKGEUB,REPAIRED,UB,fell of bed now screen is flickering - Quote if PBA or Camer,2day asurion refurb,GH82-33544A,1,GH82-33385A,1,GH81-24823A,1,0,0,0,0,0,0,0,0,0,0,0,0,0,0,0,0,0,0,0,0,0,0,0,0
1313168,3.51273E+14,R5CXA182CCL,Samsung,SM-S721B/DS,Light Blue,,Mobile phone,SM-S721BLBDEUB,REPAIRED,UB,OLED+Frame+BG+Sim Tray+Repair Kits,asurion refurb,GH82-35850A,1,GH82-35930A,1,GH82-35853A,1,GH82-35832E,1,GH82-35851B,1,GH98-49571B,1,0,0,0,0,0,0,0,0,0,0,0,0,0,0,0,0,0,0
1313178,3.52648E+14,R5CY70QPR4Z,Samsung,SM-F766B,Black,512GB,Mobile phone,SM-F766BZKHEUB,REPAIRED,L2,OCTA+Battery+Sub screen+BG+Sim Tray+Repair Kits,REPLACED  OCTA+Battery+Sub screen+BG+Sim Tray+Repair Kits,GH82-37594C,1,GH82-37818A,1,GH82-37820A,1,GH82-37583A,1,GH82-37579A,1,GH82-38794C,1,GH82-37582A,1,0,0,0,0,0,0,0,0,0,0,0,0,0,0,0,0
1313181,3.51798E+14,R5CW80B68KB,Samsung,SM-F731B,Grey,512GB,Mobile phone,SM-F731BZAHEUB,REPAIRED,L2,Broken screen,REPLACED OCTA+Battery+Sub screen+BG+Sim Tray+Repair Kits,GH82-31929A,1,GH97-29135A,1,GH98-48299A,1,GH82-31699A,1,GH82-31700A,1,GH82-31828A,1,GH82-35928A,1,0,0,0,0,0,0,0,0,0,0,0,0,0,0,0,0
1313189,3.52648E+14,R5CY70DGFAK,Samsung,SM-F766B,Black,512GB,Mobile phone,SM-F766BZKHEUB,REPAIRED,L2,OCTA+Battery+Sub screen+BG+Sim Tray+Repair Kits,replaced OCTA+Battery+Sub screen+BG+Sim Tray+Repair Kits,GH82-37818A,1,GH82-37594C,1,GH82-37579A,1,GH82-38794C,1,GH82-37582A,1,GH82-37820A,1,GH82-37583A,1,0,0,0,0,0,0,0,0,0,0,0,0,0,0,0,0
1313204,3.54412E+14,R5CX1374D3K,Samsung,SM-A156B/DSN,Black,,Mobile phone,SM-A156BZKDEUB,REPAIRED,L2,Full Refurb,Full Refurb,GH82-33638A,1,GH82-33639A,1,GH82-33492A,1,GH82-33641A,1,GH98-48935A,1,GH96-16582A,1,GH96-16630A,1,GH98-48940A,1,0,0,0,0,0,0,0,0,0,0,0,0,0,0
1313206,3.53629E+14,R8YW501VATL,Samsung,SM-A145R/DSN,Black,,Mobile phone,SM-A145RZKUEUB,REPAIRED,L2,Full Refurb,Full Refurb,GH81-23521A,1,GH81-23515A,1,GH81-23541A,1,GH81-23510A,1,GH81-23536A,1,GH81-23531A,1,GH81-23539A,1,0,0,0,0,0,0,0,0,0,0,0,0,0,0,0,0
1313213,3.56681E+14,R83WB07VMDY,Samsung,SM-A145R/DSN,Black,,Mobile phone,SM-A145RZKUEUB,REPAIRED,L2,OCTA+Battery+BG+FINGER PRINT+Sim Tray+ CAMERA DECO,Full refurb,GH81-23515A,1,GH81-23521A,1,GH81-23536A,1,GH81-23510A,1,GH81-23539A,1,GH81-23541A,1,0,0,0,0,0,0,0,0,0,0,0,0,0,0,0,0,0,0
1313214,3.53195E+14,R83W90RK85D,Samsung,SM-A145R/DSN,Black,,Mobile phone,SM-A145RZKUEUB,REPAIRED,L2,Full Refurb,Full Refurb,GH81-23521A,1,GH81-23515A,1,GH81-23531A,1,GH81-23536A,1,GH81-23510A,1,GH81-23539A,1,GH81-23541A,1,0,0,0,0,0,0,0,0,0,0,0,0,0,0,0,0
1313218,3.50756E+14,R5CWA0TYKPF,Samsung,SM-A546B/DS,Grey,,Mobile phone,SM-A546BZKCEUB,REPAIRED,L2,Gray+OCTA+BG+Sim Tray,Full refurb,GH82-30703A,1,GH82-31231A,1,GH96-15666A,1,GH98-48072A,1,GH82-35877A,1,0,0,0,0,0,0,0,0,0,0,0,0,0,0,0,0,0,0,0,0
1313220,3.56664E+14,R5CWB1YCX2P,Samsung,SM-A546B/DS,Grey,,Mobile phone,SM-A546BZKCEUB,REPAIRED,L2,grey+OCTA+BG+Sim Tray,Full refurb,GH98-48072A,1,GH82-30703A,1,GH82-35877A,1,GH82-31231A,1,GH96-15666A,1,0,0,0,0,0,0,0,0,0,0,0,0,0,0,0,0,0,0,0,0
1313222,3.54868E+14,R9AT207F4KB,Samsung,SM-A226B/DSN,Grey,,Mobile phone,SM-A226BZAUEUA,REPAIRED,L2,OCTA+Battery+Frame+BG+FINGER PRINT+Sim Tray+ CAMERA DECO,asurion refurb,GH81-20694A,1,GH81-20698A,1,GH81-21069A,1,GH81-20699A,1,GH81-20718A,1,GH81-20741A,1,GH81-20708A,1,GH81-20704A,1,GH81-20736A,1,0,0,0,0,0,0,0,0,0,0,0,0
1313223,3.53521E+14,RZCY11FP0MZ,Samsung,SM-A166B/DS,Grey,,Mobile phone,SM-A166BZADEUB,REPAIRED,L2,OCTA+Battery+Frame+BG+FINGER PRINT+Sim Tray+ CAMERA DECO,asurion refurb,GH82-36143A,1,GH96-18396B,1,GH98-49822B,1,GH98-49821B,1,GH82-36030B,1,GH98-49824A,1,GH82-36145A,1,0,0,0,0,0,0,0,0,0,0,0,0,0,0,0,0
1313225,3.53195E+14,R8YWA0AVRKZ,Samsung,SM-A145R/DSN,Black,,Mobile phone,SM-A145RZKUEUE,REPAIRED,L2,OCTA+Battery+BG+FINGER PRINT+Sim Tray+ CAMERA DECO,asurion refurb,GH81-23539A,1,GH81-23541A,1,GH81-23531A,1,GH81-23510A,1,GH81-23536A,1,GH81-23521A,1,GH81-23515A,1,0,0,0,0,0,0,0,0,0,0,0,0,0,0,0,0
1313228,3.50043E+14,RZCW82M7HZD,Samsung,SM-A346B/DSN,Grey,,Mobile phone,SM-A346BZKAEUB,REPAIRED,L2,OCTA+Battery+BG+Sim Tray,asurion refurb,GH82-30709A,1,GH82-31201A,1,GH98-48063A,1,GH82-31469A,1,GH96-15817A,1,GH96-14304A,1,GH96-15772A,1,GH96-14454A,1,0,0,0,0,0,0,0,0,0,0,0,0,0,0
1313233,3.51104E+14,R5CY33BREXN,Samsung,SM-A166B/DS,Black,,Mobile phone,SM-A166BZKDEUB,REPAIRED,L2,OCTA+Battery+Frame+BG+FINGER PRINT+Sim Tray+ CAMERA DECO,full refurb,GH98-49821A,1,GH98-49822A,1,GH82-36030A,1,GH82-36143A,1,GH82-36145A,1,GH98-49824A,1,0,0,0,0,0,0,0,0,0,0,0,0,0,0,0,0,0,0
1313234,3.54882E+14,RF8T315Z9DD,Samsung,SM-A135F/DSN,Light Blue,,Mobile phone,SM-A135FLBVEUB,REPAIRED,L2,OCTA+Battery+BG+FINGER PRINT+Sim Tray+ CAMERA DECO,asurion refurb,GH82-28509A,1,GH98-47319A,1,GH82-28387B,1,GH82-28653A,1,GH98-47323B,1,0,0,0,0,0,0,0,0,0,0,0,0,0,0,0,0,0,0,0,0
1313239,3.53195E+14,R8YWA0FH2FA,Samsung,SM-A145R/DSN,Black,,Mobile phone,SM-A145RZKUEUE,REPAIRED,L2,OCTA+Battery+BG+FINGER PRINT+Sim Tray+ CAMERA DECO,refurbed,GH81-23521A,1,GH81-23531A,1,GH81-23510A,1,GH81-23536A,1,GH81-23541A,1,GH81-23539A,1,0,0,0,0,0,0,0,0,0,0,0,0,0,0,0,0,0,0
1313241,3.58135E+14,R8YW90F53PA,Samsung,SM-A145R/DSN,Black,,Mobile phone,SM-A145RZKUEUB,REPAIRED,L2,Full Refurb,Full Refurb,GH81-23521A,1,GH81-23541A,1,GH81-23515A,1,GH81-23531A,1,GH81-23539A,1,GH81-23510A,1,GH81-23536A,1,0,0,0,0,0,0,0,0,0,0,0,0,0,0,0,0
1313243,3.52623E+14,R5CXA3F67XT,Samsung,SM-A166B/DS,Black,,Mobile phone,SM-A166BZKDEUB,REPAIRED,L2,OCTA+Battery+Frame+BG+FINGER PRINT+Sim Tray+ CAMERA DECO,full refurb,GH98-49821A,1,GH82-36030A,1,GH82-36143A,1,GH98-49824A,1,GH96-18449A,1,GH82-36145A,1,GH98-49822A,1,0,0,0,0,0,0,0,0,0,0,0,0,0,0,0,0
1313244,3.51104E+14,R5CY3264VCD,Samsung,SM-A166B/DS,Grey,,Mobile phone,SM-A166BZADEUB,REPAIRED,L2,OCTA+Battery+Frame+BG+FINGER PRINT+Sim Tray+ CAMERA DECO,fulll refurb,GH82-36143A,1,GH82-36145A,1,GH82-36030B,1,GH98-49824A,1,GH98-49822B,1,GH98-49821B,1,0,0,0,0,0,0,0,0,0,0,0,0,0,0,0,0,0,0
1313249,3.56924E+14,RZCX412W7WF,Samsung,SM-A156B/DSN,Blue,,Mobile phone,SM-A156BZBDEUB,REPAIRED,L2,OCTA+BG+Sim TrayFINGER PRINT+ CAMERA DECORepair Kits,OCTA+BG+Sim TrayFINGER PRINT+ CAMERA DECORepair Kits,GH96-16630A,1,GH98-48935A,1,GH96-16582D,1,GH98-48940D,1,GH82-33492D,1,GH82-33641D,1,GH82-33639A,1,GH82-33638A,1,0,0,0,0,0,0,0,0,0,0,0,0,0,0
1313250,3.54412E+14,R5CX14YQKWT,Samsung,SM-A156B/DSN,Black,,Mobile phone,SM-A156BZKDEUB,REPAIRED,L2,OCTA+BG+Sim TrayFINGER PRINT+ CAMERA DECORepair Kits,"replaced the screen,frame,battery,cover,sim tray and usb port",GH96-15963A,1,GH82-33639A,1,GH82-33641A,1,GH82-33492A,1,GH98-48940A,1,GH98-48935A,1,GH96-16630A,1,GH82-33638A,1,GH96-16582A,1,0,0,0,0,0,0,0,0,0,0,0,0
1313251,3.56924E+14,RZCX52EP9RP,Samsung,SM-A156B/DSN,Black,,Mobile phone,SM-A156BZKDEUB,REPAIRED,L2,OCTA+BG+Sim TrayOCTA++ CAMERA DECORepair Kits,full refurb,GH82-33492A,1,GH82-33639A,1,GH82-33641A,1,GH82-33638A,1,GH98-48940A,1,GH98-48935A,1,0,0,0,0,0,0,0,0,0,0,0,0,0,0,0,0,0,0
1313252,3.53936E+14,R5CX92MGSGY,Samsung,SM-F741B,Light Blue,256GB,Mobile phone,SM-F741BLBGEUB,REPAIRED,L2,Full Refurb,Full Refurb,GH82-35141A,1,GH97-30012C,1,GH96-16986A,1,GH82-35014C,1,GH82-35023A,1,GH82-35024A,1,GH82-35182C,1,GH98-49236C,1,0,0,0,0,0,0,0,0,0,0,0,0,0,0
1313253,3.52001E+14,RF8T90QJTFJ,Samsung,SM-A137F/DSN,Light Blue,,Mobile phone,SM-A137FLBVEUB,REPAIRED,L2,OCTA+BG+FINGER PRINT+Sim Tray++ CAMERA DECO,refurbed,GH96-15035B,1,GH98-47323B,1,GH96-15366A,1,GH98-47319A,1,GH82-28387B,1,GH82-28509A,1,GH82-29228A,1,0,0,0,0,0,0,0,0,0,0,0,0,0,0,0,0
1313255,3.51104E+14,R5CY62HXB1L,Samsung,SM-A166B/DS,Black,,Mobile phone,SM-A166BZKDEUB,REPAIRED,L2,OCTA+Battery+Frame+BG+FINGER PRINT+Sim Tray+ CAMERA DECO,full refurb,GH96-18449A,1,GH98-49822A,1,GH98-49824A,1,GH82-36030A,1,GH98-49821A,1,GH82-36145A,1,GH82-36143A,1,0,0,0,0,0,0,0,0,0,0,0,0,0,0,0,0
1313263,3.53204E+14,RZCW30DH25R,Samsung,SM-A546B/DS,Grey,,Mobile phone,SM-A546BZKCEUB,REPAIRED,L2,grey+OCTA+BG+Sim Tray,Full refurb,GH96-15803A,1,GH96-15666A,1,GH98-48072A,1,GH82-30703A,1,GH82-35877A,1,GH82-31231A,1,0,0,0,0,0,0,0,0,0,0,0,0,0,0,0,0,0,0
1313265,3.5436E+14,RF8TA0XXRJT,Samsung,SM-A137F/DSN,Light Blue,,Mobile phone,SM-A137FLBVEUB,REPAIRED,L2,OCTA+BG+Sim TrayFINGER PRINT++ CAMERA DECO,"replaced the screen,frame,battery,cover,sim tray and usb port",GH82-28509A,1,GH82-29228A,1,GH82-28387B,1,GH98-47323B,1,GH96-15035B,1,GH98-47319A,1,GH96-15366A,1,0,0,0,0,0,0,0,0,0,0,0,0,0,0,0,0
1313268,3.54412E+14,R5CX145LAMX,Samsung,SM-A156B/DSN,Blue,,Mobile phone,SM-A156BZBDEUB,REPAIRED,L2,OCTA+BG+Sim TrayFINGER PRINT+ CAMERA DECORepair Kits,refurbed,GH82-33492D,1,GH82-33639A,1,GH96-16630A,1,GH96-16582D,1,GH98-48935A,1,GH82-33641D,1,GH82-33638A,1,GH98-48940D,1,0,0,0,0,0,0,0,0,0,0,0,0,0,0
1313269,3.54412E+14,R5CX146BKSB,Samsung,SM-A156B/DSN,Blue,,Mobile phone,SM-A156BZBDEUB,REPAIRED,L2,OCTA+BG+Sim Tray+FINGER PRINT+ CAMERA DECO,refurbed,GH96-16582D,1,GH96-16630A,1,GH82-33641D,1,GH82-33492D,1,GH98-48940D,1,GH82-33639A,1,GH82-33638A,1,GH98-48935A,1,0,0,0,0,0,0,0,0,0,0,0,0,0,0
1313271,3.53936E+14,R5CX92RSTPY,Samsung,SM-F741B,Light Blue,256GB,Mobile phone,SM-F741BLBGEUB,REPAIRED,L2,Full Refurb,Full Refurb,GH96-16986A,1,GH98-49236C,1,GH82-35014C,1,GH82-35023A,1,GH82-35024A,1,GH97-30012C,1,GH82-35182C,1,0,0,0,0,0,0,0,0,0,0,0,0,0,0,0,0
1313273,3.51104E+14,R5CY42VBEGW,Samsung,SM-A166B/DS,Black,,Mobile phone,SM-A166BZKDEUB,REPAIRED,L2,OCTA+Battery+Frame+BG+FINGER PRINT+Sim Tray+ CAMERA DECO,full refurb,GH82-36030A,1,GH82-36145A,1,GH82-36143A,1,GH98-49824A,1,GH98-49821A,1,GH96-18449A,1,GH98-49822A,1,0,0,0,0,0,0,0,0,0,0,0,0,0,0,0,0
1313274,3.53792E+14,RZCX70TA77Z,Samsung,SM-A156B/DSN,Black,,Mobile phone,SM-A156BZKDEUB,REPAIRED,L2,OCTA+BG+Sim TrayFINGER PRINT+ CAMERA DECORepair Kits,asurion refurb,GH82-33492A,1,GH82-33641A,1,GH98-48940A,1,GH96-16582A,1,GH96-16606A,1,GH98-48935A,1,GH82-33638A,1,GH82-33639A,1,0,0,0,0,0,0,0,0,0,0,0,0,0,0
1313277,3.51104E+14,R5CY33F2RVP,Samsung,SM-A166B/DS,Black,,Mobile phone,SM-A166BZKDEUB,REPAIRED,L2,OCTA+Battery+Frame+BG+FINGER PRINT+Sim Tray+ CAMERA DECO,OCTA+Battery+Frame+BG+FINGER PRINT+Sim Tray+ CAMERA DECO,GH82-36030A,1,GH98-49821A,1,GH96-18396A,1,GH98-49822A,1,GH96-18449A,1,GH98-49824A,1,GH82-36145A,1,GH82-36143A,1,0,0,0,0,0,0,0,0,0,0,0,0,0,0
1313279,3.56924E+14,RZCX518T22D,Samsung,SM-A156B/DSN,Black,,Mobile phone,SM-A156BZKDEUB,REPAIRED,L2,OCTA+BG+Sim TrayFINGER PRINT+ CAMERA DECORepair Kits,Full refurb,GH98-48940A,1,GH96-16582A,1,GH98-48935A,1,GH82-33492A,1,GH96-16630A,1,GH82-33641A,1,GH82-33639A,1,GH82-33638A,1,0,0,0,0,0,0,0,0,0,0,0,0,0,0
1313316,3.51555E+14,,Samsung,SM-A326B/DS,Black,,Mobile phone,SM-A326BZKUEEE,REPAIRED,L2,OCTA+Battery+Frame+BG+Sim Tray,OCTA+Battery+Frame+BG+Sim Tray,GH82-25122A,1,GH82-25123A,1,GH97-25939A,1,GH82-25080A,1,GH96-14184A,1,GH96-14158A,1,GH63-19393A,1,0,0,0,0,0,0,0,0,0,0,0,0,0,0,0,0
1313341,3.51104E+14,R5CY33F2ZMM,Samsung,SM-A166B/DS,Black,,Mobile phone,SM-A166BZKDEUB,REPAIRED,L2,Broken screen,Broken screen,GH82-36145A,1,GH98-49822A,1,GH96-18449A,1,GH98-49824A,1,GH98-49821A,1,GH82-36030A,1,GH82-36143A,1,0,0,0,0,0,0,0,0,0,0,0,0,0,0,0,0
1313351,3.52433E+14,RZCX20YRZGN,Samsung,SM-S921B/DS,Violet,,Mobile phone,SM-S921BZVDEUB,REPAIRED,UB,Broken screen,2day asurion refurb,GH81-24811A,1,GH82-33286A,1,GH82-33295A,1,0,0,0,0,0,0,0,0,0,0,0,0,0,0,0,0,0,0,0,0,0,0,0,0
1313357,3.55102E+14,R5CY63K0A4M,Samsung,SM-F761B,Black,,Mobile phone,SM-F761BZKHEUB,REPAIRED,L2,lines on screen,"Replaced screen, batteries, sub screen",GH82-37734A,1,GH82-35143A,1,GH82-37736A,1,GH82-37737A,1,GH97-30985A,1,GH82-35141A,1,0,0,0,0,0,0,0,0,0,0,0,0,0,0,0,0,0,0
1313671,3.53792E+14,RZCX81JJKNX,Samsung,SM-A156B/DSN,Blue,,Mobile phone,SM-A156BZBDEUB,REPAIRED,L2,dropped my phone and the screen cracked,replaced screen/battery,GH82-33639A,1,GH82-33638A,1,0,0,0,0,0,0,0,0,0,0,0,0,0,0,0,0,0,0,0,0,0,0,0,0,0,0
1313677,3.59052E+14,R9PW30BYAJF,Samsung,SM-A145R/DSN,Black,,Mobile phone,SM-A145RZKUEUB,REPAIRED,L2,I dropped my phone   Quote if PBA or Cameras are required,2day asurion refurb,GH81-23539A,1,GH81-23541A,1,0,0,0,0,0,0,0,0,0,0,0,0,0,0,0,0,0,0,0,0,0,0,0,0,0,0
1313688,3.58671E+14,R8YWC09D9WM,Samsung,SM-A145R/DSN,Black,,Mobile phone,SM-A145RZKUEUB,REPAIRED,L2,fell off the couch which has resulted in the screen not work,replaced  screen and battery,GH81-23539A,1,GH81-23541A,1,0,0,0,0,0,0,0,0,0,0,0,0,0,0,0,0,0,0,0,0,0,0,0,0,0,0
1314083,3.5299E+14,RFCWA1FB15Y,Samsung,SM-A346B/DSN,Black,,Mobile phone,SM-A346BZKAEUB,REPAIRED,L2,Broken screen,2day asurion refurb,GH82-31469A,1,GH02-24546A,1,GH82-31201A,1,0,0,0,0,0,0,0,0,0,0,0,0,0,0,0,0,0,0,0,0,0,0,0,0
1314085,3.5093E+14,R5CW72F8B2X,Samsung,SM-F731B,Light Pink,256GB,Mobile phone,SM-F731BLIGEUE,REPAIRED,UB,Flashing screen and green lines again,replaced screen/tapes/screen protector/cover/sub screen,GH81-23854A,1,GH82-35929A,1,GH82-35928A,1,GH82-34625A,1,GH82-31929C,1,GH82-32951A,1,GH97-29135A,1,0,0,0,0,0,0,0,0,0,0,0,0,0,0,0,0
1314099,3.53792E+14,RZCX70VSJGD,Samsung,SM-A156B/DSN,Black,,Mobile phone,SM-A156BZKDEUB,REPAIRED,L2,OCTA+BG+Sim TrayFINGER PRINT+ CAMERA DECO,asurion refurb,GH98-48935A,1,GH98-48940A,1,GH82-33637A,1,GH82-33639A,1,GH82-33641A,1,GH82-33492A,1,0,0,0,0,0,0,0,0,0,0,0,0,0,0,0,0,0,0
1314100,3.53521E+14,RZCXB1P81HX,Samsung,SM-A166B/DS,Black,,Mobile phone,SM-A166BZKDEUE,REPAIRED,L2,OCTA+BG+Sim TrayFINGER PRINT+ CAMERA DECO,OCTA+BG+Sim TrayFINGER PRINT+ CAMERA DECO,GH82-36143A,1,GH82-36145A,1,GH98-49821A,1,GH98-49824A,1,GH96-18396A,1,GH98-49822A,1,GH82-36030A,1,0,0,0,0,0,0,0,0,0,0,0,0,0,0,0,0
1314101,3.53792E+14,RZCX617HF3K,Samsung,SM-A156B/DSN,Black,,Mobile phone,SM-A156BZKDEUB,REPAIRED,L2,Full Refurb,Full Refurb,GH98-48940A,1,GH96-16630A,1,GH96-16582A,1,GH98-48935A,1,GH82-33641A,1,GH82-33492A,1,GH82-33639A,1,GH82-33638A,1,0,0,0,0,0,0,0,0,0,0,0,0,0,0
1314102,3.56924E+14,RZCX412XQ2A,Samsung,SM-A156B/DSN,Blue,,Mobile phone,SM-A156BZBDEUB,REPAIRED,L2,Full Refurb,Full Refurb,GH98-48935A,1,GH82-33638A,1,GH82-33639A,1,GH82-33492D,1,GH82-33641D,1,GH96-16582D,1,GH96-16630A,1,GH98-48940D,1,0,0,0,0,0,0,0,0,0,0,0,0,0,0
1314103,3.53204E+14,RZCW514F5JH,Samsung,SM-A546B/DS,Grey,,Mobile phone,SM-A546BZKCEUB,REPAIRED,L2,grey+OCTA+BG+Sim Tray,Full refurb,GH82-30703A,1,GH98-48072A,1,GH96-15666A,1,GH82-31231A,1,GH82-35877A,1,0,0,0,0,0,0,0,0,0,0,0,0,0,0,0,0,0,0,0,0
1314105,3.52623E+14,R5CXA2M4A2J,Samsung,SM-A166B/DS,Black,,Mobile phone,SM-A166BZKDEUB,REPAIRED,L2,Full Refurb,Full Refurb,GH98-49822A,1,GH96-18449A,1,GH96-18396A,1,GH98-49824A,1,GH98-49821A,1,GH82-36030A,1,GH82-36145A,1,GH82-36143A,1,0,0,0,0,0,0,0,0,0,0,0,0,0,0
1314108,3.52843E+14,R5CXA2QV3MA,Samsung,SM-A356B/DS,Light Blue,,Mobile phone,SM-A356BLBBEUB,REPAIRED,UB,Broken screen+OCTA+BG+Sim Tray,Broken screen+OCTA+BG+Sim Tray,GH82-34224A,1,GH82-34225B,1,GH82-33986B,1,GH82-34539A,1,GH82-34228A,1,GH98-48993B,1,0,0,0,0,0,0,0,0,0,0,0,0,0,0,0,0,0,0
1314110,3.52375E+14,RZCW802D78Y,Samsung,SM-A546B/DS,Grey,,Mobile phone,SM-A546BZKCEUB,REPAIRED,L2,grey+OCTA+BG+Sim Tray,Full refurb,GH98-48072A,1,GH96-15666A,1,GH82-31232A,1,GH82-30703A,1,GH82-35877A,1,0,0,0,0,0,0,0,0,0,0,0,0,0,0,0,0,0,0,0,0
1314111,3.50804E+14,RZ8TB01W17J,Samsung,SM-A137F/DSN,Light Blue,,Mobile phone,SM-A137FLBVEUB,REPAIRED,L2,Octa+Cover+Camera Deco+Sim Tray+Fingerprint,full refurb,GH82-28387B,1,GH98-47323B,1,GH96-15035B,1,GH96-15366A,1,GH98-47319A,1,GH82-28509A,1,GH82-29228A,1,0,0,0,0,0,0,0,0,0,0,0,0,0,0,0,0
1314112,3.56924E+14,RZCX50W0BNN,Samsung,SM-A156B/DSN,Black,,Mobile phone,SM-A156BZKDEUB,REPAIRED,L2,OCTA+BG+BG+FINGER PRINT+ CAMERA DECO,full refurb,GH98-48935A,1,GH82-33641A,1,GH82-33492A,1,GH82-33639A,1,GH82-33638A,1,0,0,0,0,0,0,0,0,0,0,0,0,0,0,0,0,0,0,0,0
1314113,3.58224E+14,RZCX90WEZ3Y,Samsung,SM-F741B,Light Blue,256GB,Mobile phone,SM-F741BLBGEUB,REPAIRED,L2,Octa+SubLCD+Sim Tray,full refurb,GH82-35141A,1,GH97-30012C,1,GH82-35023A,1,GH82-35143A,1,GH82-35024A,1,GH82-35014C,1,GH98-49236C,1,0,0,0,0,0,0,0,0,0,0,0,0,0,0,0,0
1314114,3.52375E+14,RZCW70JDZEK,Samsung,SM-A546B/DS,Grey,,Mobile phone,SM-A546BZKCEUB,REPAIRED,L2,grey+OCTA+BG+Sim Tray,Full refurb,GH96-15666A,1,GH98-48072A,1,GH82-30703A,1,GH82-35877A,1,GH82-31231A,1,0,0,0,0,0,0,0,0,0,0,0,0,0,0,0,0,0,0,0,0
1314115,3.50804E+14,RZ8W10C3LLD,Samsung,SM-A137F/DSN,Light Blue,,Mobile phone,SM-A137FLBVEUB,REPAIRED,L2,Octa+Cover+Camera Deco+Sim Tray+Fingerprint,full refurb,GH96-15366A,1,GH96-15035B,1,GH98-47323B,1,GH82-28387B,1,GH98-47319A,1,GH82-28509A,1,GH82-29228A,1,0,0,0,0,0,0,0,0,0,0,0,0,0,0,0,0
1314116,3.55681E+14,RFCWC138BDM,Samsung,SM-S921B/DS,Black,,Mobile phone,SM-S921BZKDEUB,REPAIRED,UB,Frame+Cover+Sim Tray,Replaced  oled  Frame+Cover+Sim Tray,GH82-33418A,1,GH98-48906A,1,GH82-33101A,1,GH96-16507A,1,GH82-33286A,1,GH82-33295A,1,GH82-33290A,1,0,0,0,0,0,0,0,0,0,0,0,0,0,0,0,0
1314117,3.51104E+14,R5CY33EYWEK,Samsung,SM-A166B/DS,Black,,Mobile phone,SM-A166BZKDEUB,REPAIRED,L2,OCTA+BG+Sim Tray+FINGER PRINT+ CAMERA DECO,OCTA+BG+Sim Tray+FINGER PRINT+ CAMERA DECO,GH98-49821A,1,GH98-49824A,1,GH96-18396A,1,GH98-49822A,1,GH82-36030A,1,GH82-36145A,1,GH82-36143A,1,0,0,0,0,0,0,0,0,0,0,0,0,0,0,0,0
1314118,3.56924E+14,RZCX31FMW2H,Samsung,SM-A156B/DSN,Black,,Mobile phone,SM-A156BZKDEUB,REPAIRED,L2,OCTA+BG+Sim TrayFINGER PRINT+ CAMERA DECO,OCTA+BG+Sim TrayFINGER PRINT+ CAMERA DECO,GH96-16582A,1,GH82-33492A,1,GH98-48940A,1,GH98-48935A,1,GH82-33641A,1,GH82-33639A,1,GH82-33638A,1,0,0,0,0,0,0,0,0,0,0,0,0,0,0,0,0
1314119,3.56924E+14,RZCX12411ZN,Samsung,SM-A156B/DSN,Black,,Mobile phone,SM-A156BZKDEUB,REPAIRED,L2,OCTA+BG+Sim TrayFINGER PRINT+ CAMERA DECO,asurion refurb,GH82-33637A,1,GH82-33639A,1,GH82-33641A,1,GH82-33492A,1,GH96-16582A,1,GH98-48935A,1,GH96-16630A,1,0,0,0,0,0,0,0,0,0,0,0,0,0,0,0,0
1314120,3.51104E+14,R5CY237SCXX,Samsung,SM-A166B/DS,Black,,Mobile phone,SM-A166BZKDEUB,REPAIRED,L2,OCTA+BG+Sim TrayFINGER PRINT+ CAMERA DECO,asurion refurb,GH98-49821A,1,GH82-36143A,1,GH82-36145A,1,GH98-49824A,1,GH98-49822A,1,GH96-18396A,1,GH82-36030A,1,0,0,0,0,0,0,0,0,0,0,0,0,0,0,0,0
1314121,3.52001E+14,RF8T71217DE,Samsung,SM-A137F/DSN,Black,,Mobile phone,SM-A137FZKVEUB,REPAIRED,L2,Octa+Cover+Camera Deco+Sim Tray+Fingerprint,Full refurb,GH98-47319A,1,GH82-28387A,1,GH98-47323A,1,GH96-15035A,1,GH82-28509A,1,GH82-29228A,1,0,0,0,0,0,0,0,0,0,0,0,0,0,0,0,0,0,0
1314122,3.54882E+14,RZ8T50ALTPJ,Samsung,SM-A135F/DSN,Light Blue,,Mobile phone,SM-A135FLBVEUB,REPAIRED,L2,Octa+Cover+Camera Deco+Sim Tray+Fingerprint,asurion refurb,GH98-47323B,1,GH98-47319A,1,GH96-15035B,1,GH82-28387B,1,GH82-28509A,1,GH82-28653A,1,0,0,0,0,0,0,0,0,0,0,0,0,0,0,0,0,0,0
1314123,3.56924E+14,RZCX50ZZGCY,Samsung,SM-A156B/DSN,Black,,Mobile phone,SM-A156BZKDEUB,REPAIRED,L2,OCTA+BG+Sim TrayFINGER PRINT+ CAMERA DECO,Full refurb,GH96-16582A,1,GH98-48940A,1,GH82-33640A,1,GH82-33791A,1,GH98-48935A,1,GH82-33492A,1,GH82-33641A,1,GH82-33639A,1,GH82-33638A,1,0,0,0,0,0,0,0,0,0,0,0,0
1314124,3.52623E+14,R5CXA1QW1VP,Samsung,SM-A166B/DS,Black,,Mobile phone,SM-A166BZKDEUB,REPAIRED,L2,Full Refurb,Full Refurb,GH96-18449A,1,GH96-18396A,1,GH98-49824A,1,GH98-49821A,1,GH82-36030A,1,GH82-36145A,1,GH82-36143A,1,GH98-49822A,1,0,0,0,0,0,0,0,0,0,0,0,0,0,0
1314125,3.51104E+14,R5CY438TG7A,Samsung,SM-A166B/DS,Grey,,Mobile phone,SM-A166BZADEUB,REPAIRED,L2,OCTA+BG+Sim TrayFINGER PRINT+ CAMERA DECO,asurion refurb,GH98-49821B,1,GH98-49822B,1,GH96-18396B,1,GH82-36030B,1,GH82-36145A,1,GH82-36143A,1,GH98-49824A,1,0,0,0,0,0,0,0,0,0,0,0,0,0,0,0,0
1314126,3.56924E+14,RZCX50VYNYN,Samsung,SM-A156B/DSN,Black,,Mobile phone,SM-A156BZKDEUB,REPAIRED,L2,OCTA+BG+Sim TrayFINGER PRINT+ CAMERA DECO,asurion refurb,GH82-33637A,1,GH82-33639A,1,GH82-33641A,1,GH82-33492A,1,GH98-48940A,1,GH98-48935A,1,0,0,0,0,0,0,0,0,0,0,0,0,0,0,0,0,0,0
1314127,3.52222E+14,RZCTC0MEGTX,Samsung,SM-A336B/DSN,White,,Mobile phone,SM-A336BZWGEUB,REPAIRED,L2,Cover,full refurb,GH82-28042B,1,GH82-28146A,1,GH82-28144B,1,0,0,0,0,0,0,0,0,0,0,0,0,0,0,0,0,0,0,0,0,0,0,0,0
1314128,3.50804E+14,RZ8W109HEQV,Samsung,SM-A137F/DSN,Light Blue,,Mobile phone,SM-A137FLBVEUE,REPAIRED,L2,Octa+Cover+Camera Deco+LDI Triggered,full refurb,GH96-15366A,1,GH98-47319A,1,GH98-47323B,1,GH82-28387B,1,GH82-28509A,1,GH82-29228A,1,0,0,0,0,0,0,0,0,0,0,0,0,0,0,0,0,0,0
1314129,3.56924E+14,RZCX6002LZD,Samsung,SM-A156B/DSN,Blue,,Mobile phone,SM-A156BZBDEUB,REPAIRED,L2,OCTA+BG+Sim TrayFINGER PRINT+ CAMERA DECO,refurbed,GH98-48935A,1,GH96-16582D,1,GH98-48940D,1,GH82-33641D,1,GH82-33492D,1,GH82-33639A,1,GH82-33638A,1,0,0,0,0,0,0,0,0,0,0,0,0,0,0,0,0
1314130,3.52009E+14,RZCW90WH1KV,Samsung,SM-A546B/DS,Grey,,Mobile phone,SM-A546BZKCEUB,REPAIRED,L2,Full Refurb,Full Refurb,GH82-31232A,1,GH82-35877A,1,GH82-30703A,1,GH96-15666A,1,GH98-48072A,1,0,0,0,0,0,0,0,0,0,0,0,0,0,0,0,0,0,0,0,0
1314131,3.50804E+14,RZ8TC0E6ZHL,Samsung,SM-A137F/DSN,Black,,Mobile phone,SM-A137FZKVEUB,REPAIRED,L2,Octa+Cover+Camera Deco,asurion refurb,GH82-29228A,1,GH82-28509A,1,GH82-28387A,1,0,0,0,0,0,0,0,0,0,0,0,0,0,0,0,0,0,0,0,0,0,0,0,0
1314132,3.51104E+14,R5CY60N856E,Samsung,SM-A166B/DS,Black,,Mobile phone,SM-A166BZKDEUB,REPAIRED,L2,Octa+Frame+Cover+Camera Deco+Sim Tray+Fingerprint,replaced Octa+Frame+Cover+Camera Deco+Sim Tray+Fingerprint,GH82-36145A,1,GH82-36143A,1,GH96-18449A,1,GH98-49822A,1,GH98-49824A,1,GH98-49821A,1,GH96-18396A,1,GH82-36030A,1,0,0,0,0,0,0,0,0,0,0,0,0,0,0
1314133,3.5254E+14,R5CTA2JFYTD,Samsung,SM-S901B/DS,Black,,Mobile phone,SM-S901BZKDEUB,REPAIRED,L2,Octa,"replaced octa,battery,cover,simtray ,sub pba",GH82-27520A,1,GH98-47086A,1,GH82-27434A,1,GH96-14789A,1,GH82-27494A,1,0,0,0,0,0,0,0,0,0,0,0,0,0,0,0,0,0,0,0,0
1314134,3.5436E+14,RF8TA0JJP3L,Samsung,SM-A137F/DSN,Light Blue,,Mobile phone,SM-A137FLBVEUE,REPAIRED,L2,Octa+Cover+Camera Deco+Sim TRay+Fingerprint,full refurb,GH82-28387B,1,GH96-15366A,1,GH96-15035B,1,GH98-47323B,1,GH98-47319A,1,GH82-28509A,1,GH82-29228A,1,0,0,0,0,0,0,0,0,0,0,0,0,0,0,0,0
1314135,3.51166E+14,RFCX916Y3SE,Samsung,SM-A356B/DS,Light Blue,,Mobile phone,SM-A356BLBBEUB,REPAIRED,UB,OCTA+BG+Sim Tray,OCTA+BG+Sim Tray,GH82-34539A,1,GH82-34225B,1,GH82-34228A,1,GH82-33986B,1,GH96-16719A,1,GH98-48993B,1,GH82-34224A,1,0,0,0,0,0,0,0,0,0,0,0,0,0,0,0,0
1314137,3.54412E+14,R5CX7312DMH,Samsung,SM-A156B/DSN,Blue,,Mobile phone,SM-A156BZBDEUE,REPAIRED,L2,OCTA+BG+Sim TrayFINGER PRINT+ CAMERA DECO,full refurb,GH82-33641D,1,GH82-33638A,1,GH82-33639A,1,GH82-33492D,1,GH98-48940D,1,GH82-33640A,1,GH98-48935A,1,0,0,0,0,0,0,0,0,0,0,0,0,0,0,0,0
1314138,3.54412E+14,R5CX145VLNH,Samsung,SM-A156B/DSN,Blue,,Mobile phone,SM-A156BZBDEUB,REPAIRED,L2,OCTA+BG+Sim TrayFINGER PRINT+ CAMERA DECO,refurbed,GH98-48935A,1,GH82-33638A,1,GH96-16582D,1,GH98-48940D,1,GH82-33639A,1,GH82-33492D,1,GH82-33641D,1,0,0,0,0,0,0,0,0,0,0,0,0,0,0,0,0
1314139,3.5436E+14,RF8TC0GGQEZ,Samsung,SM-A137F/DSN,Black,,Mobile phone,SM-A137FZKVEUB,REPAIRED,L2,Octa+Cover+Camera Deco+Sim Tray+Fingerprint,Full refurb,GH98-47319A,1,GH96-15366A,1,GH98-47323A,1,GH96-15035A,1,GH82-29228A,1,GH82-28387A,1,GH82-28509A,1,0,0,0,0,0,0,0,0,0,0,0,0,0,0,0,0
1314140,3.53521E+14,RZCXC169RXB,Samsung,SM-A166B/DS,Black,,Mobile phone,SM-A166BZKDEUB,REPAIRED,L2,OCTA+BG+Sim Tray+FINGER PRINT+ CAMERA DECO,OCTA+BG+Sim Tray+FINGER PRINT+ CAMERA DECO,GH98-49824A,1,GH96-18396A,1,GH82-36143A,1,GH98-49822A,1,GH82-36030A,1,GH98-49821A,1,GH82-36145A,1,0,0,0,0,0,0,0,0,0,0,0,0,0,0,0,0
1314141,3.56924E+14,RZCX6002KAD,Samsung,SM-A156B/DSN,Blue,,Mobile phone,SM-A156BZBDEUB,REPAIRED,L2,OCTA+BG+Sim Tray+ CAMERA DECO,full refurb,GH82-33638A,1,GH82-33639A,1,GH82-33492D,1,GH98-48940D,1,GH98-48935A,1,GH82-33641D,1,GH82-33640A,1,GH96-16630A,1,0,0,0,0,0,0,0,0,0,0,0,0,0,0
1314142,3.51519E+14,R9WRB0R55VL,Samsung,SM-A226B/DSN,Grey,,Mobile phone,SM-A226BZAUEUE,REPAIRED,L2,Octa+Frame+Cover+Camera Deco,replaced Octa+Frame+Cover+Camera Deco,GH81-20718A,1,GH81-20698A,1,GH81-20694A,1,GH81-20741A,1,GH81-20736A,1,GH81-20704A,1,GH81-21069A,1,GH81-20713A,1,GH81-20699A,1,GH81-20708A,1,0,0,0,0,0,0,0,0,0,0
1314143,3.53521E+14,RZCXC14S1KH,Samsung,SM-A166B/DS,Grey,,Mobile phone,SM-A166BZADEUB,REPAIRED,L2,OCTA+BG+Sim TrayFINGER PRINT+ CAMERA DECO,asurion refurb,GH98-49824A,1,GH82-36030B,1,GH98-49821B,1,GH82-36143A,1,GH82-36145A,1,0,0,0,0,0,0,0,0,0,0,0,0,0,0,0,0,0,0,0,0
1314144,3.53204E+14,RZCW50SRYWB,Samsung,SM-A546B/DS,Grey,,Mobile phone,SM-A546BZKCEUB,REPAIRED,L2,Full Refurb,Full Refurb,GH98-48072A,1,GH96-15666A,1,GH82-31231A,1,GH82-30703A,1,GH82-35877A,1,0,0,0,0,0,0,0,0,0,0,0,0,0,0,0,0,0,0,0,0
1314145,3.52623E+14,R5CXA2V4Y7A,Samsung,SM-A166B/DS,Black,,Mobile phone,SM-A166BZKDEUB,REPAIRED,L2,Full Refurb,Full Refurb,GH82-36143A,1,GH82-36145A,1,GH98-49821A,1,GH82-36030A,1,GH98-49824A,1,GH98-49822A,1,GH96-18449A,1,GH96-18396A,1,0,0,0,0,0,0,0,0,0,0,0,0,0,0
1314146,3.53428E+14,RFCR90557XV,Samsung,SM-A326B/DS,Black,,Mobile phone,SM-A326BZKUEUA,REPAIRED,L2,Octa+Frame+Cover+Sim Tray+LDI Triggered,replaced Octa+Frame+Cover+Sim Tray,GH82-25122A,1,GH63-19393A,1,GH82-25080A,1,GH82-25123A,1,GH97-25939A,1,GH96-14158A,1,0,0,0,0,0,0,0,0,0,0,0,0,0,0,0,0,0,0
1314147,3.51104E+14,R5CY614754B,Samsung,SM-A166B/DS,Black,,Mobile phone,SM-A166BZKDEUB,REPAIRED,L2,Full Refurb,Full Refurb,GH96-18396A,1,GH82-36030A,1,GH98-49824A,1,GH98-49822A,1,GH98-49821A,1,GH96-18449A,1,GH82-36145A,1,GH82-36143A,1,0,0,0,0,0,0,0,0,0,0,0,0,0,0
1314149,3.56924E+14,RZCX120E6WA,Samsung,SM-A156B/DSN,Blue,,Mobile phone,SM-A156BZBDEUB,REPAIRED,L2,OCTA+BG+Sim Tray+ CAMERA DECO,"replaced the screen,frame,battery,cover,sim tray and usb port",GH82-33638A,1,GH82-33641D,1,GH82-33492D,1,GH98-48940D,1,GH98-48935A,1,GH96-16582D,1,GH82-33639A,1,GH96-16630A,1,0,0,0,0,0,0,0,0,0,0,0,0,0,0
1314150,3.53521E+14,RZCY21EDMZT,Samsung,SM-A166B/DS,Grey,,Mobile phone,SM-A166BZADEUB,REPAIRED,L2,OCTA+BG+Sim TrayFINGER PRINT+ CAMERA DECO,OCTA+BG+Sim TrayFINGER PRINT+ CAMERA DECO,GH82-36030B,1,GH98-49822B,1,GH96-18396B,1,GH98-49824A,1,GH98-49821B,1,GH82-36145A,1,GH82-36143A,1,0,0,0,0,0,0,0,0,0,0,0,0,0,0,0,0
1314151,3.54412E+14,R5CX14DXCQX,Samsung,SM-A156B/DSN,Black,,Mobile phone,SM-A156BZKDEUB,REPAIRED,L2,Full Refurb,Full Refurb,GH96-16630A,1,GH98-48940A,1,GH82-33492A,1,GH82-33638A,1,GH82-33641A,1,GH82-33639A,1,GH98-48935A,1,GH96-16582A,1,0,0,0,0,0,0,0,0,0,0,0,0,0,0
1314152,3.51234E+14,RZCX2169A2K,Samsung,SM-A556B/DS,Dark Blue,,Mobile phone,SM-A556BZKAEUB,REPAIRED,UB,OCTA+BG+Sim Tray,"Replaced the screen,.frame,battery,cover and sim tray",GH98-49097A,1,GH82-34284A,1,GH82-34311A,1,GH82-34309A,1,GH82-34540A,1,GH82-34308A,1,0,0,0,0,0,0,0,0,0,0,0,0,0,0,0,0,0,0
1314427,3.55929E+14,RFCW3057Y4N,Samsung,SM-S918B/DS,Green,,Mobile phone,SM-S918BZGDEUB,REPAIRED,UB,Device was knocked off of a table to the floor,replaced screen/tapes,GH82-33783A,1,GH81-24724A,1,GH81-24723A,1,0,0,0,0,0,0,0,0,0,0,0,0,0,0,0,0,0,0,0,0,0,0,0,0
1314445,3.58671E+14,R8YWB1MX1WE,Samsung,SM-A145R/DSN,Black,,Mobile phone,SM-A145RZKUEUB,REPAIRED,L2,Phone fell to floor and screen has shattered,replaced screen and battery,GH81-23541A,1,GH81-23545A,1,GH81-23531A,1,GH81-23539A,1,0,0,0,0,0,0,0,0,0,0,0,0,0,0,0,0,0,0,0,0,0,0
1314461,3.55929E+14,R5CW62GC13E,Samsung,SM-S918B/DS,Beige,,Mobile phone,SM-S918BZEDEUC,REPAIRED,UB,h device screen is broken as dropped down on screen side. pr,2day asurion refurb,GH81-23177A,1,GH82-33783A,1,GH81-24724A,1,0,0,0,0,0,0,0,0,0,0,0,0,0,0,0,0,0,0,0,0,0,0,0,0
1314483,3.51558E+14,RZCY61371MV,Samsung,SM-A366B/DS,Black,,Mobile phone,SM-A366BZKGEUB,REPAIRED,L2,Dropped out of jacket pocket onto a concrete floor - Quote i,"replaced octa, batt, tape",GH81-27038A,1,GH82-36843A,1,GH82-36841A,1,0,0,0,0,0,0,0,0,0,0,0,0,0,0,0,0,0,0,0,0,0,0,0,0
1315172,3.51166E+14,RFCX70R1R3L,Samsung,SM-A356B/DS,Light Blue,,Mobile phone,SM-A356BLBBEUB,REPAIRED,UB,", dropped screen has lines on it is very dim and barley work",2day asurion refurb,GH98-48993B,1,GH82-34539A,1,GH82-34224A,1,0,0,0,0,0,0,0,0,0,0,0,0,0,0,0,0,0,0,0,0,0,0,0,0
1315177,3.53936E+14,R5CX70924ZE,Samsung,SM-F741B,Silver,256GB,Mobile phone,SM-F741BZSGEUB,REPAIRED,L2,he device has been dropped and the device isnt working corre,replaced screen/batteries/tapes/sub screen,GH82-35014A,1,GH82-35143A,1,GH82-35141A,1,GH82-35024A,1,GH82-35023A,1,GH97-30012A,1,0,0,0,0,0,0,0,0,0,0,0,0,0,0,0,0,0,0
1315183,3.52555E+14,R83W608LDBL,Samsung,SM-A145R/DSN,Black,,Mobile phone,SM-A145RZKUEUB,REPAIRED,L2,dropped phone and screen went black damage to top left facia,2day asurion refurb,GH81-23539A,1,GH81-23541A,1,0,0,0,0,0,0,0,0,0,0,0,0,0,0,0,0,0,0,0,0,0,0,0,0,0,0
1315188,3.56924E+14,RZCX50ZYW0X,Samsung,SM-A156B/DSN,Blue,,Mobile phone,SM-A156BZBDEUB,REPAIRED,L2,OCTA+Battery+BG+FINGER PRINT+Sim Tray+ CAMERA DECO,OCTA+Battery+BG+FINGER PRINT+Sim Tray+ CAMERA DECO,GH82-33638A,1,GH82-33639A,1,GH82-33492D,1,GH82-33641D,1,GH96-16582D,1,GH98-48935A,1,GH98-48940D,1,GH96-16630A,1,0,0,0,0,0,0,0,0,0,0,0,0,0,0
1315189,3.51166E+14,RFCX71RY2WD,Samsung,SM-A356B/DS,Light Blue,,Mobile phone,SM-A356BLBBEUB,REPAIRED,UB,OCTA+BatteryBG+Sim Tray,OCTA+BatteryBG+Sim Tray,GH82-34228A,1,GH82-33986B,1,GH98-48993B,1,GH82-34224A,1,GH82-34225B,1,GH82-34539A,1,0,0,0,0,0,0,0,0,0,0,0,0,0,0,0,0,0,0
1315190,3.57067E+14,RZCY201DZND,Samsung,SM-S721B/DS,Light Blue,,Mobile phone,SM-S721BLBDEUB,REPAIRED,UB,OLED+Frame+BatteryBG+Sim TrayRepair Kits,OLED+Frame+BatteryBG+Sim TrayRepair Kits,GH96-16211A,1,GH82-35850A,1,GH98-49571B,1,GH82-35930A,1,GH82-35851B,1,GH82-35853A,1,GH82-35832E,1,0,0,0,0,0,0,0,0,0,0,0,0,0,0,0,0
1315191,3.52689E+14,R3CY504PQET,Samsung,SM-S931B/DS,Dark Blue,,Mobile phone,SM-S931BDBDEUB,REPAIRED,UB,OLED+Frame+BatteryBG+Sim TrayRepair Kits,OLED+Frame+BatteryBG+Sim TrayRepair Kits,GH82-36327A,1,GH82-36328D,1,GH98-49874D,1,GH82-36331A,1,GH82-36478A,1,GH82-36295D,1,0,0,0,0,0,0,0,0,0,0,0,0,0,0,0,0,0,0
1315192,3.51519E+14,R9WRA03NE0W,Samsung,SM-A226B/DSN,Grey,,Mobile phone,SM-A226BZAUEUB,REPAIRED,L2,OCTA+Battery+BG+Frame+FINGER PRINT+Sim Tray+ CAMERA DECO,OCTA+Battery+BG+Frame+FINGER PRINT+Sim Tray+ CAMERA DECO,GH81-21069A,1,GH81-20698A,1,GH81-20718A,1,GH81-20741A,1,GH81-20736A,1,GH81-20699A,1,GH81-20704A,1,GH81-20694A,1,0,0,0,0,0,0,0,0,0,0,0,0,0,0
1315195,3.54455E+14,RZCX30JPGZH,Samsung,SM-A256B/DSN,Black,,Mobile phone,SM-A256BZKDEUB,REPAIRED,L2,OCTA+Battery+Frame+BG+FINGER PRINT+Sim Tray,refurbed,GH82-33053A,1,GH82-33219A,1,GH82-33217A,1,GH82-33215A,1,GH98-48655A,1,GH96-16324A,1,GH98-48658A,1,GH96-16227A,1,0,0,0,0,0,0,0,0,0,0,0,0,0,0
1315196,3.56924E+14,RZCX515WRDE,Samsung,SM-A156B/DSN,Blue,,Mobile phone,SM-A156BZBDEUB,REPAIRED,L2,OCTA+Battery+BG+FINGER PRINT+Sim Tray+ CAMERA DECO,OCTA+Battery+BG+FINGER PRINT+Sim Tray+ CAMERA DECO,GH82-33638A,1,GH82-33639A,1,GH82-33492D,1,GH82-33641D,1,GH98-48940D,1,GH96-16582D,1,GH96-16630A,1,GH98-48935A,1,0,0,0,0,0,0,0,0,0,0,0,0,0,0
1315197,3.53936E+14,R5CX72QVEWX,Samsung,SM-F741B,Light Blue,256GB,Mobile phone,SM-F741BLBGEUB,REPAIRED,L2,OCTA+Battery+Sub screen+BG+Sim Tray+Repair Kits,OCTA+Battery+Sub screen+BG+Sim Tray+Repair Kits,GH98-49236C,1,GH82-35182C,1,GH82-35141A,1,GH97-30012C,1,GH82-35024A,1,GH82-35023A,1,GH82-35014C,1,0,0,0,0,0,0,0,0,0,0,0,0,0,0,0,0
1315198,3.53936E+14,R5CX704H82D,Samsung,SM-F741B,Light Blue,256GB,Mobile phone,SM-F741BLBGEUB,REPAIRED,L2,OCTA+Battery+Sub screen+BG+Sim Tray+Repair Kits,"replaced the screen,frame,batteries,cover and sim tray",GH82-35024A,1,GH82-35023A,1,GH82-35014C,1,GH82-35141A,1,GH97-30012C,1,GH82-35182C,1,GH98-49236C,1,0,0,0,0,0,0,0,0,0,0,0,0,0,0,0,0
1315199,3.51104E+14,R5CY245XZWY,Samsung,SM-A166B/DS,Black,,Mobile phone,SM-A166BZKDEUB,REPAIRED,L2,OCTA+BatteryFrame+BG+FINGER PRINTSim Tray+ CAMERA DECO,"replaced the screen,frame,battery,cover and sim tray",GH96-18396A,1,GH98-49824A,1,GH98-49822A,1,GH98-49821A,1,GH82-36145A,1,GH82-36143A,1,GH82-36030A,1,0,0,0,0,0,0,0,0,0,0,0,0,0,0,0,0
1315200,3.56924E+14,RZCX515YSZP,Samsung,SM-A156B/DSN,Blue,,Mobile phone,SM-A156BZBDEUB,REPAIRED,L2,OCTA+Battery+BG+FINGER PRINT+Sim Tray+ CAMERA DECO+LDI TRIGG,asurion refurb,GH82-33492D,1,GH98-48940D,1,GH98-48935A,1,GH82-33637A,1,GH82-33639A,1,GH82-33641D,1,0,0,0,0,0,0,0,0,0,0,0,0,0,0,0,0,0,0
1315201,3.53521E+14,RZCXC1DSPHH,Samsung,SM-A166B/DS,Black,,Mobile phone,SM-A166BZKDEUB,REPAIRED,L2,OCTA+BatteryFrame+BG+FINGER PRINTSim Tray+ CAMERA DECO,"replaced the screen,frame,battery,cover,sim tray",GH96-18396A,1,GH98-49822A,1,GH98-49824A,1,GH82-36030A,1,GH98-49821A,1,GH82-36145A,1,GH82-36143A,1,0,0,0,0,0,0,0,0,0,0,0,0,0,0,0,0
1315202,3.51558E+14,RZCY701HE0M,Samsung,SM-A366B/DS,Light Violet,,Mobile phone,SM-A366BLVGEUB,REPAIRED,L2,OCTA+BatteryBG+Sim TrayRepair Kits,"replaced the screen,frame,battery and cover",GH82-36804D,1,GH82-36843A,1,GH82-36841D,1,0,0,0,0,0,0,0,0,0,0,0,0,0,0,0,0,0,0,0,0,0,0,0,0
1315204,3.51104E+14,R5CY230557Y,Samsung,SM-A166B/DS,Black,,Mobile phone,SM-A166BZKDEUB,REPAIRED,L2,OCTA+BatteryFrame+BG+FINGER PRINTSim Tray+ CAMERA DECO,"replaced the screen,frame,battery,cover,sim tray and main board",GH82-36143A,1,GH82-36142A,1,GH96-18449A,1,GH82-36145A,1,GH98-49821A,1,GH98-49824A,1,GH96-18396A,1,GH98-49822A,1,GH82-36030A,1,0,0,0,0,0,0,0,0,0,0,0,0
1315205,3.50756E+14,R5CWB0CQNBP,Samsung,SM-A546B/DS,Grey,,Mobile phone,SM-A546BZKCEUB,REPAIRED,L2,OCTA+BatteryBG+Sim Tray+Grey,"replaced the screen,frame,battery,cover,sim tray and usb port",GH82-31232A,1,GH82-35877A,1,GH82-30703A,1,GH98-48072A,1,GH96-15666A,1,0,0,0,0,0,0,0,0,0,0,0,0,0,0,0,0,0,0,0,0
1315206,3.53325E+14,R3CT50D6YVJ,Samsung,SM-S901B/DS,Pink Gold,,Mobile phone,SM-S901BIDDEUB,REPAIRED,L2,OCTA+BatteryBG+Sim Tray,full refurb,GH82-27521D,1,GH82-27494A,1,GH82-27434D,1,GH98-47086D,1,GH98-47110D,1,GH98-47118D,1,GH96-14765A,1,GH96-14773A,1,GH96-14770A,1,0,0,0,0,0,0,0,0,0,0,0,0
1315207,3.51555E+14,RFCT30QFVTT,Samsung,SM-A326B/DS,Black,,Mobile phone,SM-A326BZKUEUA,REPAIRED,L2,OCTA+BatteryFrame+BG+Sim Tray,OCTA+BatteryFrame+BG+Sim Tray,GH82-25080A,1,GH63-19393A,1,GH97-25939A,1,GH82-25123A,1,GH82-25122A,1,0,0,0,0,0,0,0,0,0,0,0,0,0,0,0,0,0,0,0,0
1315208,3.56924E+14,RZCX515YTDF,Samsung,SM-A156B/DSN,Blue,,Mobile phone,SM-A156BZBDEUB,REPAIRED,L2,OCTA+Battery+BG+FINGER PRINT+Sim Tray+ CAMERA DECO,OCTA+Battery+BG+FINGER PRINT+Sim Tray+ CAMERA DECO,GH98-48935A,1,GH82-33492D,1,GH98-48940D,1,GH82-33641D,1,GH96-16630A,1,GH82-33638A,1,GH82-33639A,1,GH96-16582D,1,0,0,0,0,0,0,0,0,0,0,0,0,0,0
1315209,3.53341E+14,R58T51GXRBE,Samsung,SM-A135F/DSN,Light Blue,,Mobile phone,SM-A135FLBVEUB,REPAIRED,L2,OCTA+BatteryBG+FINGER PRINTSim Tray+ CAMERA DECO,OCTA+BatteryBG+FINGER PRINTSim Tray+ CAMERA DECO,GH82-28653A,1,GH82-28387B,1,GH98-47319A,1,GH96-15035B,1,GH82-28509A,1,GH98-47323B,1,0,0,0,0,0,0,0,0,0,0,0,0,0,0,0,0,0,0
1315210,3.53936E+14,R5CX704JC2Y,Samsung,SM-F741B,Light Blue,256GB,Mobile phone,SM-F741BLBGEUB,REPAIRED,L2,OCTA+Battery+Sub screen+BG+Sim Tray+Repair Kits,"replaced the screen,frame,batteries,cover and sim tray",GH82-35023A,1,GH96-16981A,1,GH82-35141A,1,GH97-30012C,1,GH82-35024A,1,GH82-35014C,1,GH82-35182C,1,GH98-49236C,1,0,0,0,0,0,0,0,0,0,0,0,0,0,0
1315211,3.53936E+14,R5CX92KYXTE,Samsung,SM-F741B,Silver,256GB,Mobile phone,SM-F741BZSGEUB,REPAIRED,L2,OCTA+Battery+Sub screen+BG+Sim Tray+Repair Kits,OCTA+Battery+Sub screen+BG+Sim Tray+Repair Kits,GH82-35014A,1,GH82-35023A,1,GH98-49236A,1,GH82-35141A,1,GH97-30012A,1,GH82-35182A,1,GH82-35024A,1,0,0,0,0,0,0,0,0,0,0,0,0,0,0,0,0
1315212,3.56924E+14,RZCX51YD5RW,Samsung,SM-A156B/DSN,Black,,Mobile phone,SM-A156BZKDEUB,REPAIRED,L2,OCTA+Battery+BG+FINGER PRINT+Sim Tray+ CAMERA DECO,OCTA+Battery+BG+FINGER PRINT+Sim Tray+ CAMERA DECO,GH96-16630A,1,GH98-48940A,1,GH82-33492A,1,GH98-48935A,1,GH96-15963A,1,GH96-16582A,1,GH82-33641A,1,GH82-33639A,1,GH82-33638A,1,0,0,0,0,0,0,0,0,0,0,0,0
1315230,3.51885E+14,RFCX11698BJ,Samsung,SM-S928B/DS,Black,,Mobile phone,SM-S928BZKGEUB,REPAIRED,UB,Oled+Frame+Cover+Sim Tray+S-Pen,Oled+Frame+Cover+Sim Tray+S-Pen,GH82-33385A,1,GH82-33399B,1,GH82-33387A,1,GH82-33544A,1,GH82-33349B,1,GH98-48962B,1,GH96-16577B,1,0,0,0,0,0,0,0,0,0,0,0,0,0,0,0,0
1315233,3.54741E+14,RZCX71S1EQT,Samsung,SM-S928B/DS,Black,,Mobile phone,SM-S928BZKGEUB,REPAIRED,UB,Oled+Frame+Cover+Sim Tray,refurbed,GH82-33399B,1,GH82-33544A,1,GH82-33385A,1,GH98-48962B,1,GH96-16577B,1,GH82-33349B,1,GH82-33387A,1,0,0,0,0,0,0,0,0,0,0,0,0,0,0,0,0
1315234,3.51558E+14,RFCYA0QV4FF,Samsung,SM-A366B/DS,Black,,Mobile phone,SM-A366BZKGEUB,REPAIRED,L2,Octa+Cover+Sim Tray,"replaced the screen,frame,battery and cover",GH82-36841A,1,GH82-36843A,1,GH82-36804A,1,0,0,0,0,0,0,0,0,0,0,0,0,0,0,0,0,0,0,0,0,0,0,0,0
1315235,3.51729E+14,R5CY63K2HQE,Samsung,SM-A266B/DS,Black,,Mobile phone,SM-A266BZKCEUB,REPAIRED,L2,full Refurb,full Refurb,GH96-19386A,1,GH98-50024A,1,GH82-37020A,1,GH82-37053A,1,GH82-37049A,1,0,0,0,0,0,0,0,0,0,0,0,0,0,0,0,0,0,0,0,0
1315236,3.51729E+14,R5GYB298G2T,Samsung,SM-A266B/DS,Black,,Mobile phone,SM-A266BZKCEUB,REPAIRED,L2,Octa+Cover,asurion refurb,GH82-37049A,1,GH82-37053A,1,GH82-37020A,1,0,0,0,0,0,0,0,0,0,0,0,0,0,0,0,0,0,0,0,0,0,0,0,0
1315237,3.51729E+14,R5CY640D27D,Samsung,SM-A266B/DS,Black,,Mobile phone,SM-A266BZKCEUB,REPAIRED,L2,Octa+Cover,Refurb,GH82-37053A,1,GH98-50024A,1,GH82-37049A,1,GH82-37020A,1,GH96-19386A,1,0,0,0,0,0,0,0,0,0,0,0,0,0,0,0,0,0,0,0,0
1315238,3.51729E+14,RZCY717XH1N,Samsung,SM-A266B/DS,Black,,Mobile phone,SM-A266BZKCEUB,REPAIRED,L2,Octa+Cover+Sim Tray,refurbed,GH98-50024A,1,GH82-37020A,1,GH96-19397A,1,GH82-37053A,1,GH82-37049A,1,0,0,0,0,0,0,0,0,0,0,0,0,0,0,0,0,0,0,0,0
1315240,3.51729E+14,R5CY701K46V,Samsung,SM-A266B/DS,Black,,Mobile phone,SM-A266BZKCEUB,REPAIRED,L2,Octa,asurion refurb,GH82-37053A,1,GH82-37020A,1,GH82-37049A,1,0,0,0,0,0,0,0,0,0,0,0,0,0,0,0,0,0,0,0,0,0,0,0,0
1315241,3.51729E+14,RZCY40RFETJ,Samsung,SM-A266B/DS,Black,,Mobile phone,SM-A266BZKCEUB,REPAIRED,L2,Octa+Cover+Sim Tray,asurion refurb,GH82-37049A,1,GH82-37053A,1,GH82-37020A,1,GH98-50024A,1,GH96-19397A,1,0,0,0,0,0,0,0,0,0,0,0,0,0,0,0,0,0,0,0,0
1315242,3.51273E+14,R5CX940E8QN,Samsung,SM-S721B/DS,Grey,,Mobile phone,SM-S721BZKDEUB,REPAIRED,UB,Oled+Frame+Cover+Sim Tray,Oled+Frame+Cover+Sim Tray,GH82-35850A,1,GH82-35851A,1,GH82-35853A,1,GH82-35930A,1,GH82-35832A,1,GH98-49571A,1,0,0,0,0,0,0,0,0,0,0,0,0,0,0,0,0,0,0
1315243,3.51273E+14,R5CY10S0SMR,Samsung,SM-S721B/DS,Grey,,Mobile phone,SM-S721BZKDEUB,REPAIRED,UB,Full Refurb,Full Refurb,GH82-35930A,1,GH82-35850A,1,GH82-35851A,1,GH82-35853A,1,GH82-35832A,1,GH98-49571A,1,GH96-17724A,1,0,0,0,0,0,0,0,0,0,0,0,0,0,0,0,0
1315246,3.52623E+14,R5CXA2MCBYB,Samsung,SM-A166B/DS,Light Green,,Mobile phone,SM-A166BLGDEUB,REPAIRED,L2,Full Refurb,Full Refurb,GH82-36145A,1,GH98-49822D,1,GH96-18449A,1,GH96-18396C,1,GH98-49824A,1,GH82-36143A,1,GH82-36030D,1,GH98-49821D,1,0,0,0,0,0,0,0,0,0,0,0,0,0,0
1315247,3.53521E+14,RZCXB1J64TW,Samsung,SM-A166B/DS,Light Green,,Mobile phone,SM-A166BLGDEUB,REPAIRED,L2,Octa+Frame+Cover+Camera Deco+Sim Tray,asurion refurb,GH82-36145A,1,GH82-36143A,1,GH98-49821D,1,GH82-36030D,1,GH98-49822D,1,GH98-49824A,1,0,0,0,0,0,0,0,0,0,0,0,0,0,0,0,0,0,0
1315248,3.53521E+14,RZCY104MN0L,Samsung,SM-A166B/DS,Light Green,,Mobile phone,SM-A166BLGDEUB,REPAIRED,L2,Octa+Frame+Cover+Camera Deco+LDI Triggered,"replaced the screen,frame,battery,cover and sim tray",GH82-36143A,1,GH82-36145A,1,GH98-49822D,1,GH96-18396C,1,GH98-49824A,1,GH96-18449A,1,GH82-36142A,1,GH98-49821D,1,GH82-36147A,1,GH82-36030D,1,0,0,0,0,0,0,0,0,0,0
1315249,3.55681E+14,RFCX10QJCEA,Samsung,SM-S921B/DS,Grey,,Mobile phone,SM-S921BZADEUB,REPAIRED,UB,Full Refurb,Full Refurb,GH82-33295A,1,GH96-16507A,1,GH98-48906B,1,GH82-33101B,1,GH82-33290A,1,GH82-33418B,1,GH82-33286A,1,0,0,0,0,0,0,0,0,0,0,0,0,0,0,0,0
1315251,3.54252E+14,R3CR60CP5ZZ,Samsung,SM-G998B/DS,Black,,Mobile phone,SM-G998BZKDEUE,REPAIRED,L2,"Screen, battery, cover.","Screen, battery, cover.",GH82-24592A,1,GH82-24499A,1,GH98-46258A,1,GH82-26035A,1,0,0,0,0,0,0,0,0,0,0,0,0,0,0,0,0,0,0,0,0,0,0
1315253,3.54506E+14,R5CR112A8ZP,Samsung,SM-G998B/DS,Black,,Mobile phone,SM-G998BZKDEUA,REPAIRED,L2,Octa+Cover+Sim Tray,"replaced the screen,frame,battery,cover and sim tray",GH82-26035A,1,GH82-24592A,1,GH82-24499A,1,GH98-46258A,1,GH96-13980B,1,0,0,0,0,0,0,0,0,0,0,0,0,0,0,0,0,0,0,0,0
1315254,3.51798E+14,R5CW717SWBA,Samsung,SM-F731B,Light Pink,512GB,Mobile phone,SM-F731BLIHEUB,REPAIRED,L2,Octa+Sublcd+Cover+Sim Tray,Octa+Sublcd+Cover+Sim Tray,GH82-31929C,1,GH82-31699A,1,GH82-31700A,1,GH82-31828C,1,GH98-48299C,1,GH96-15970A,1,GH82-35928A,1,GH97-29135A,1,0,0,0,0,0,0,0,0,0,0,0,0,0,0
1315256,3.51337E+14,R5CX718ELME,Samsung,SM-F741B,Light Blue,512GB,Mobile phone,SM-F741BLBHEUB,REPAIRED,L2,Octa+SubLCD,"replaced the screen,frame,batteries,cover and sim tray",GH82-35024A,1,GH82-35141A,1,GH82-35023A,1,GH82-35014C,1,GH98-49236C,1,GH82-35182C,1,GH97-30012C,1,0,0,0,0,0,0,0,0,0,0,0,0,0,0,0,0
1315258,3.50197E+14,RFCW91KB0PJ,Samsung,SM-S918B/DS,Green,,Mobile phone,SM-S918BZGDEUB,REPAIRED,UB,Oled+Frame+Cover+Sim Tray+SPen,asurion refurb,GH82-33783A,1,GH96-15833C,1,GH82-30400C,1,GH96-15658C,1,GH82-30459A,1,GH98-48039C,1,GH81-24724A,1,0,0,0,0,0,0,0,0,0,0,0,0,0,0,0,0
1315259,3.55929E+14,R5CW70JX7BP,Samsung,SM-S918B/DS,Green,,Mobile phone,SM-S918BZGDEUB,REPAIRED,UB,Full Refurb,Full Refurb,GH81-24724A,1,GH96-15658C,1,GH96-15621A,1,GH98-48039C,1,GH82-30400C,1,GH82-30459A,1,GH96-15833C,1,GH82-33783A,1,0,0,0,0,0,0,0,0,0,0,0,0,0,0
1315260,3.5007E+14,RFCWC128BNA,Samsung,SM-S921B/DS,Black,,Mobile phone,SM-S921BZKGEUB,REPAIRED,UB,Oled+Frame+Cover+Sim Tray,full refurb,GH82-33290A,1,GH82-33286A,1,GH98-48906A,1,GH82-33295A,1,GH82-33101A,1,GH82-33418A,1,0,0,0,0,0,0,0,0,0,0,0,0,0,0,0,0,0,0
1315262,3.51709E+14,RFCTC0MDG5N,Samsung,SM-S911B/DS,Black,,Mobile phone,SM-S911BZKGEUB,REPAIRED,UB,Oled+Frame+Cover,Oled+Frame+Cover,GH82-30551A,1,GH82-30483A,1,GH96-15624A,1,GH96-15629A,1,GH98-47996A,1,GH82-30393A,1,GH82-31245A,1,0,0,0,0,0,0,0,0,0,0,0,0,0,0,0,0
1315263,3.55929E+14,RFCW90548HB,Samsung,SM-S918B/DS,Green,,Mobile phone,SM-S918BZGDEUB,REPAIRED,UB,Full Refurb,Full Refurb,GH82-30459A,1,GH82-30400C,1,GH96-15833C,1,GH98-48039C,1,GH96-15621A,1,GH82-33783A,1,GH96-15658C,1,0,0,0,0,0,0,0,0,0,0,0,0,0,0,0,0
1315264,3.55929E+14,R5CW602RZ1F,Samsung,SM-S918B/DS,Green,,Mobile phone,SM-S918BZGDEUB,REPAIRED,UB,Oled+Frame+Cover+Sim Tray+S-Pen,Oled+Frame+Cover+Sim Tray+S-Pen,GH98-48039C,1,GH96-15658C,1,GH82-30400C,1,GH81-24724A,1,GH82-30459A,1,GH96-15833C,1,GH82-33783A,1,0,0,0,0,0,0,0,0,0,0,0,0,0,0,0,0
1315265,3.55929E+14,RFCW20QDRPH,Samsung,SM-S918B/DS,Green,,Mobile phone,SM-S918BZGDEUB,REPAIRED,UB,Oled+Frame+Cover+Sim Tray+S-pen,asurion refurb,GH82-33783A,1,GH96-15833C,1,GH82-30400C,1,GH96-15658C,1,GH82-30459A,1,GH98-48039C,1,GH81-24724A,1,0,0,0,0,0,0,0,0,0,0,0,0,0,0,0,0
1315268,3.55929E+14,RFCW41GEK6D,Samsung,SM-S918B/DS,Green,,Mobile phone,SM-S918BZGDEUB,REPAIRED,UB,Oled+Frame+Cover+Sim Tray+S-Pen,asurion refurb,GH82-33783A,1,GH96-15833C,1,GH82-30400C,1,GH96-15658C,1,GH82-30459A,1,GH98-48039C,1,GH81-24724A,1,0,0,0,0,0,0,0,0,0,0,0,0,0,0,0,0
1315269,3.55929E+14,RFCW819FPMB,Samsung,SM-S918B/DS,Green,,Mobile phone,SM-S918BZGDEUB,REPAIRED,UB,Oled+Frame+Cover+Sim Tray+S-Pen,refurbed,GH82-33783A,1,GH81-24724A,1,GH96-15833C,1,GH82-30459A,1,GH82-30400C,1,GH98-48039C,1,GH96-15658C,1,0,0,0,0,0,0,0,0,0,0,0,0,0,0,0,0
1315272,3.50197E+14,RFCW91854TL,Samsung,SM-S918B/DS,Green,,Mobile phone,SM-S918BZGDEUB,REPAIRED,UB,Oled+Frame+Cover+Sim Tray,refurbed,GH82-30400C,1,GH98-48039C,1,GH96-15833C,1,GH82-30459A,1,GH96-15658C,1,GH82-33783A,1,GH81-24723A,1,GH81-24724A,1,0,0,0,0,0,0,0,0,0,0,0,0,0,0
1315273,3.52353E+14,R3CW80JTY6R,Samsung,SM-S918B/DS,Green,,Mobile phone,SM-S918BZGDEUB,REPAIRED,UB,Oled+Frame+Cover,asurion refurb,GH82-33783A,1,GH96-15833C,1,GH82-30459A,1,GH81-24724A,1,GH82-30400C,1,GH98-48039C,1,GH96-15658C,1,0,0,0,0,0,0,0,0,0,0,0,0,0,0,0,0
1315274,3.55929E+14,R5CW602S07Z,Samsung,SM-S918B/DS,Green,,Mobile phone,SM-S918BZGDEUB,REPAIRED,UB,Oled+Frame+Cover+Sim Tray+S-Pen,"replaced the screen,frame,battery,cover,sim tray and s pen",GH96-15658C,1,GH98-48039C,1,GH82-30400C,1,GH82-30459A,1,GH96-15833C,1,GH82-33783A,1,GH81-24724A,1,0,0,0,0,0,0,0,0,0,0,0,0,0,0,0,0
1315275,3.50414E+14,RZCY82DLA2M,Samsung,SM-A566B/DS,Grey,,Mobile phone,SM-A566BZKCEUB,REPAIRED,UB,Frame+Cover,full refurb,GH82-36807A,1,GH98-49938A,1,GH82-36828A,1,GH82-36832A,1,GH81-27024A,1,GH82-36831A,1,GH82-36827A,1,GH96-19091A,1,0,0,0,0,0,0,0,0,0,0,0,0,0,0
1315276,3.50414E+14,RZCY90D0TXV,Samsung,SM-A566B/DS,Grey,,Mobile phone,SM-A566BZKCEUB,REPAIRED,UB,Oled+Frame+Cover+Sim Tray,full refurb,GH82-36807A,1,GH98-49938A,1,GH82-36832A,1,GH82-36827A,1,GH82-36831A,1,GH82-36828A,1,0,0,0,0,0,0,0,0,0,0,0,0,0,0,0,0,0,0
1315278,3.51885E+14,R5CX129KSDM,Samsung,SM-S928B/DS,Black,,Mobile phone,SM-S928BZKGEUB,REPAIRED,UB,Frame,screen frame batt cover sim tray,GH98-48962B,1,GH82-33349B,1,GH82-33544A,1,GH82-33385A,1,GH82-33399B,1,GH82-33387A,1,0,0,0,0,0,0,0,0,0,0,0,0,0,0,0,0,0,0
1315279,3.54741E+14,RZCXA0W30KT,Samsung,SM-S928B/DS,Black,,Mobile phone,SM-S928BZKGEUB,REPAIRED,UB,Oled+Frame+Cover+S-Pen,refurbed,GH96-16577B,1,GH82-33385A,1,GH82-33544A,1,GH82-33399B,1,GH82-33387A,1,GH82-33349B,1,GH98-48962B,1,0,0,0,0,0,0,0,0,0,0,0,0,0,0,0,0
1315280,3.50683E+14,R5CX236PRGT,Samsung,SM-S928B/DS,Black,,Mobile phone,SM-S928BZKGEUB,REPAIRED,UB,Oled+Frame+Cover+Sim Tray+S-Pen,"replaced the screen,frame,battery,cover,sim tray and spen",GH82-33387A,1,GH82-33349B,1,GH98-48962B,1,GH96-16497A,1,GH96-16577B,1,GH82-33399B,1,GH82-33385A,1,GH82-33544A,1,0,0,0,0,0,0,0,0,0,0,0,0,0,0
1315281,3.51558E+14,RZCY614X64W,Samsung,SM-A366B/DS,Black,,Mobile phone,SM-A366BZKGEUB,REPAIRED,L2,Octa,octa batt cover sim tray,GH98-49933A,1,GH82-36804A,1,GH82-36843A,1,GH82-36841A,1,0,0,0,0,0,0,0,0,0,0,0,0,0,0,0,0,0,0,0,0,0,0
1315283,3.52888E+14,R3CW30RQLFH,Samsung,SM-S911B/DS,Light Pink,,Mobile phone,SM-S911BLIDEUB,REPAIRED,UB,Oled+Frame+Cover+Sim Tray,asurion refurb,GH98-47980D,1,GH98-47979D,1,GH98-47996D,1,GH82-30551A,1,GH82-30393D,1,GH96-15624D,1,GH82-31245A,1,GH82-30483A,1,0,0,0,0,0,0,0,0,0,0,0,0,0,0
1315285,3.50043E+14,R5CY833YC5W,Samsung,SM-A176B/DS,Black,,Mobile phone,SM-A176BZKAEUB,REPAIRED,L2,Octa+Frame+Cover+Camera Deco+Sim Tray,Octa+Frame+Cover+Camera Deco+Sim Tray,GH82-38045A,1,GH82-38076A,1,GH98-50471A,1,GH98-50411A,1,GH96-20406A,1,GH82-38039A,1,GH98-50510A,1,0,0,0,0,0,0,0,0,0,0,0,0,0,0,0,0
1315286,3.51234E+14,RZCX415EDZK,Samsung,SM-A556B/DS,Light Blue,,Mobile phone,SM-A556BLBAEUB,REPAIRED,UB,Full Refurb,Full Refurb,GH96-16718A,1,GH98-49097B,1,GH82-34284B,1,GH82-34311A,1,GH82-34309B,1,GH82-34308A,1,GH82-34540A,1,GH96-16601A,1,GH96-16604A,1,GH96-16603A,1,0,0,0,0,0,0,0,0,0,0
1315287,3.50043E+14,R5CY81L3WQE,Samsung,SM-A176B/DS,Black,,Mobile phone,SM-A176BZKAEUB,REPAIRED,L2,Full Refurb,Full Refurb,GH98-50411A,1,GH98-50510A,1,GH96-20346A,1,GH98-50471A,1,GH82-38039A,1,GH82-38076A,1,GH82-38045A,1,0,0,0,0,0,0,0,0,0,0,0,0,0,0,0,0
1315288,3.50043E+14,R5CY91W0XHY,Samsung,SM-A176B/DS,Black,,Mobile phone,SM-A176BZKAEUB,REPAIRED,L2,Octa+Frame+Cover+Camera Deco+Sim Tray,refurbed,GH82-38076A,1,GH82-38045A,1,GH96-20406A,1,GH98-50411A,1,GH98-50471A,1,GH82-38039A,1,GH98-50510A,1,0,0,0,0,0,0,0,0,0,0,0,0,0,0,0,0
1315290,3.50043E+14,R5CY80QFCEX,Samsung,SM-A176B/DS,Black,,Mobile phone,SM-A176BZKAEUB,REPAIRED,L2,Octa+Frame+Cover+Camera Deco+Sim Tray,Octa+Frame+Cover+Camera Deco+Sim Tray,GH82-38076A,1,GH82-38045A,1,GH82-38039A,1,GH98-50510A,1,GH96-20346A,1,GH98-50411A,1,GH98-50471A,1,0,0,0,0,0,0,0,0,0,0,0,0,0,0,0,0
1315291,3.55102E+14,R5CY62KW5RW,Samsung,SM-F761B,White,,Mobile phone,SM-F761BZWHEUB,REPAIRED,L2,Octa+Cover,asurion refurb,GH82-37734B,1,GH82-37736A,1,GH82-37737A,1,GH82-37608B,1,GH82-35141A,1,GH98-50251B,1,GH97-30985A,1,0,0,0,0,0,0,0,0,0,0,0,0,0,0,0,0
1315292,3.52888E+14,R3CW30RQJNT,Samsung,SM-S911B/DS,Light Pink,,Mobile phone,SM-S911BLIDEUB,REPAIRED,UB,Full Refurb,Full Refurb,GH96-15665A,1,GH98-47980D,1,GH96-15624D,1,GH82-31245A,1,GH82-30483A,1,GH82-30551A,1,GH98-47979D,1,GH96-15629A,1,GH98-47996D,1,GH82-30393D,1,0,0,0,0,0,0,0,0,0,0
1315293,3.55002E+14,R5CRC43K8YF,Samsung,SM-F711B,Light Violet,,Mobile phone,SM-F711BLVBEUA,REPAIRED,L2,Octa+Cover,asurion refurb,GH82-35108A,1,GH82-35107A,1,GH97-26773D,1,GH82-26293D,1,GH82-27243D,1,GH98-46768D,1,GH82-26270A,1,GH82-26271A,1,0,0,0,0,0,0,0,0,0,0,0,0,0,0
1315295,3.53227E+14,R3CWA0CTFBE,Samsung,SM-F946B/DS,Light Blue,,Mobile phone,SM-F946BLBBEUB,REPAIRED,L2,Octa+Cover+SubLCD+Sim Tray,Octa+Cover+SubLCD+Sim Tray,GH82-31862C,1,GH81-24613A,1,GH82-31849A,1,GH82-31846A,1,GH82-31847A,1,GH82-31843C,1,0,0,0,0,0,0,0,0,0,0,0,0,0,0,0,0,0,0
1315297,3.55002E+14,R5CR9321F1K,Samsung,SM-F711B,Light Violet,128GB,Mobile phone,SM-F711BLVAEUA,REPAIRED,L2,Octa,"replaced the screen,frame,batteries,cover and sim tray",GH82-26293D,1,GH98-46768D,1,GH82-26257A,1,GH97-26773D,1,GH82-26270A,1,GH82-26271A,1,GH82-27243D,1,0,0,0,0,0,0,0,0,0,0,0,0,0,0,0,0
1315298,3.55002E+14,R5CR932171P,Samsung,SM-F711B,Light Violet,128GB,Mobile phone,SM-F711BLVAEUA,REPAIRED,L2,Full Refurb,Full Refurb,GH82-26293D,1,GH82-26270A,1,GH82-26271A,1,GH98-46768D,1,GH96-14630A,1,GH97-26773D,1,GH02-23242A,1,GH82-35107A,1,GH82-27243D,1,0,0,0,0,0,0,0,0,0,0,0,0
1315299,3.55002E+14,R5CRC47RCZY,Samsung,SM-F711B,Light Violet,,Mobile phone,SM-F711BLVBEUA,REPAIRED,L2,Octa+Cover+SubLCD+Sim Tray,asurion refurb,GH82-27243D,1,GH97-26773D,1,GH82-26270A,1,GH82-26271A,1,GH82-26293D,1,GH81-24721A,1,GH82-35108A,1,0,0,0,0,0,0,0,0,0,0,0,0,0,0,0,0
1315301,3.52774E+14,RZCXB176KDE,Samsung,SM-A556B/DS,Light Blue,,Mobile phone,SM-A556BLBAEUB,REPAIRED,UB,Octa+Cover,asurion refurb,GH82-34540A,1,GH82-34284B,1,GH82-34311A,1,GH82-34309B,1,GH82-34308A,1,0,0,0,0,0,0,0,0,0,0,0,0,0,0,0,0,0,0,0,0
1315302,3.58154E+14,R5CWB06L9DL,Samsung,SM-S918B/DS,Black,,Mobile phone,SM-S918BZKHEUE,REPAIRED,UB,Oled+Frame+Cover+Sim Tray+S-Pen,"replaced the screen,frame,battery,cover,sim tray and s pen",GH82-33783A,1,GH81-24724A,1,GH96-15833A,1,GH82-30400A,1,GH96-15658A,1,GH82-30459A,1,GH98-48039A,1,0,0,0,0,0,0,0,0,0,0,0,0,0,0,0,0
1315303,3.54484E+14,R5CW10R0L0F,Samsung,SM-S918B/DS,Black,,Mobile phone,SM-S918BZKHEUB,REPAIRED,UB,Full Refurb,Full Refurb,GH82-30400A,1,GH98-48039A,1,GH82-30459A,1,GH96-15833A,1,GH82-33783A,1,GH96-15621A,1,GH81-24724A,1,GH96-15658A,1,0,0,0,0,0,0,0,0,0,0,0,0,0,0
1315304,3.51337E+14,R5CX708B9TA,Samsung,SM-F741B,Light Blue,512GB,Mobile phone,SM-F741BLBHEUB,REPAIRED,L2,Octa,refurbed,GH82-35182C,1,GH98-49236C,1,GH82-35141A,1,GH97-30012C,1,GH82-35023A,1,GH82-35024A,1,GH82-35014C,1,GH82-35143A,1,0,0,0,0,0,0,0,0,0,0,0,0,0,0
1315305,3.54484E+14,RFCW108DYKY,Samsung,SM-S918B/DS,Black,,Mobile phone,SM-S918BZKHEUB,REPAIRED,UB,Oled+Frame+Cover+Sim Tray+SPEN,refurbed,GH82-33783A,1,GH81-24724A,1,GH96-15833A,1,GH82-30459A,1,GH82-30400A,1,GH98-48039A,1,GH96-15658A,1,0,0,0,0,0,0,0,0,0,0,0,0,0,0,0,0
1315306,3.57263E+14,RZCX5235HNB,Samsung,SM-A556B/DS,Light Blue,,Mobile phone,SM-A556BLBAEUB,REPAIRED,UB,Octa+Cover,asurion refurb,GH82-34311A,1,GH82-34540A,1,GH96-16601A,1,GH82-34284B,1,GH82-34309B,1,GH82-34308A,1,0,0,0,0,0,0,0,0,0,0,0,0,0,0,0,0,0,0
1315308,3.53227E+14,RFCW708CCNX,Samsung,SM-F946B/DS,Light Blue,,Mobile phone,SM-F946BLBBEUB,REPAIRED,L2,Octa+Cover+SubLCD+Sim Tray,full refurb,GH81-24613A,1,GH98-48409C,1,GH82-31849A,1,GH82-31862C,1,GH82-31846A,1,GH82-31847A,1,GH82-31843C,1,GH81-24686A,1,0,0,0,0,0,0,0,0,0,0,0,0,0,0
1315309,3.54484E+14,RFCW108BYKK,Samsung,SM-S918B/DS,Black,,Mobile phone,SM-S918BZKHEUB,REPAIRED,UB,Oled+Frame+Cover+Sim Tray+SPen,asurion refurb,GH96-15833A,1,GH81-24724A,1,GH82-33783A,1,GH96-15621A,1,GH96-15658A,1,GH98-48039A,1,GH82-30400A,1,GH82-30459A,1,0,0,0,0,0,0,0,0,0,0,0,0,0,0
1315310,3.55929E+14,RFCW9053T8T,Samsung,SM-S918B/DS,Green,,Mobile phone,SM-S918BZGDEUB,REPAIRED,UB,Oled+Frame+Cover+Sim Tray+S-Pen,refurbed,GH96-15658C,1,GH98-48039C,1,GH96-15628A,1,GH82-30400C,1,GH82-30459A,1,GH96-15833C,1,GH82-33783A,1,GH81-24724A,1,0,0,0,0,0,0,0,0,0,0,0,0,0,0
1315314,3.54412E+14,R5CX23DPQYK,Samsung,SM-A156B/DSN,Black,,Mobile phone,SM-A156BZKDEUE,REPAIRED,L2,Vib,Vibration motor,GH82-33640A,1,GH31-00800A,1,0,0,0,0,0,0,0,0,0,0,0,0,0,0,0,0,0,0,0,0,0,0,0,0,0,0
1315681,3.54484E+14,R5CW10QC8GF,Samsung,SM-S918B/DS,Beige,,Mobile phone,SM-S918BZEHEUB,REPAIRED,UB,screen cracked on the left hand side at the top and bottom c,2day asurion refurb,GH82-33783A,1,GH81-24723A,1,GH81-24724A,1,0,0,0,0,0,0,0,0,0,0,0,0,0,0,0,0,0,0,0,0,0,0,0,0
1316041,3.58671E+14,R8YWB1MX2PA,Samsung,SM-A145R/DSN,Black,,Mobile phone,SM-A145RZKUEUB,REPAIRED,L2,Broken screen,2day asurion refurb,GH81-23539A,1,GH81-23541A,1,0,0,0,0,0,0,0,0,0,0,0,0,0,0,0,0,0,0,0,0,0,0,0,0,0,0
1316070,3.59052E+14,R8YW3049QVF,Samsung,SM-A145R/DSN,Silver,,Mobile phone,SM-A145RZSUEUB,REPAIRED,L2,Octa+Cover+Camera Deco+Sim Tray+Fingerprint,Refurb,GH81-23541A,1,GH81-23539A,1,GH81-23510A,1,GH81-23537A,1,GH81-23522A,1,GH81-23530A,1,GH81-23515A,1,0,0,0,0,0,0,0,0,0,0,0,0,0,0,0,0
1316073,3.56681E+14,R83WB0SZDCX,Samsung,SM-A145R/DSN,Silver,,Mobile phone,SM-A145RZSUEUB,REPAIRED,L2,Octa+Cover+Camera Deco+Sim Tray,asurion refurb,GH81-23522A,1,GH81-23510A,1,GH81-23537A,1,GH81-23515A,1,GH81-23539A,1,GH81-23541A,1,0,0,0,0,0,0,0,0,0,0,0,0,0,0,0,0,0,0
1316074,3.52555E+14,R8YW51H92FD,Samsung,SM-A145R/DSN,Silver,,Mobile phone,SM-A145RZSUEUB,REPAIRED,L2,Octa+Cover+CameraDeco+Sim Tray,replaced  Octa+Cover+CameraDeco+Sim Tray,GH81-23510A,1,GH81-23541A,1,GH81-23539A,1,GH81-23515A,1,GH81-23537A,1,GH81-23530A,1,GH81-23522A,1,0,0,0,0,0,0,0,0,0,0,0,0,0,0,0,0
1316076,3.51104E+14,R5CY31Y406B,Samsung,SM-A166B/DS,Black,,Mobile phone,SM-A166BZKDEUB,REPAIRED,L2,Octa+Frame+Cover+Camera Deco+Sim Tray+Fingerprint,"replaced the screen,frame,battery,cover,sim tray and usb port",GH96-18396A,1,GH98-49822A,1,GH98-49824A,1,GH82-36030A,1,GH98-49821A,1,GH82-36145A,1,GH82-36143A,1,GH96-18449A,1,0,0,0,0,0,0,0,0,0,0,0,0,0,0
1316077,3.51104E+14,R5CY41GNQ3K,Samsung,SM-A166B/DS,Black,,Mobile phone,SM-A166BZKDEUB,REPAIRED,L2,Octa+FrameCover+Camera Deco+Sim Tray,Octa+FrameCover+Camera Deco+Sim Tray,GH82-36143A,1,GH82-36145A,1,GH98-49821A,1,GH98-49824A,1,GH96-18396A,1,GH98-49822A,1,GH82-36030A,1,GH96-18449A,1,0,0,0,0,0,0,0,0,0,0,0,0,0,0
1316079,3.53118E+14,RZCW21FTHFD,Samsung,SM-A346B/DSN,Grey,,Mobile phone,SM-A346BZKAEUB,REPAIRED,L2,Octa+Cover,Octa+Cover,GH98-48063A,1,GH82-30709A,1,GH82-31469A,1,GH82-31201A,1,0,0,0,0,0,0,0,0,0,0,0,0,0,0,0,0,0,0,0,0,0,0
1316080,3.54882E+14,R58T30HHTBX,Samsung,SM-A135F/DSN,Black,,Mobile phone,SM-A135FZKVEUB,REPAIRED,L2,Octa+Cover+Camera Deco+Sim Tray,replaced Octa+Cover+Camera Deco+Sim Tray,GH96-15035A,1,GH82-28653A,1,GH82-28387A,1,GH82-28509A,1,GH98-47319A,1,GH98-47323A,1,0,0,0,0,0,0,0,0,0,0,0,0,0,0,0,0,0,0
1316081,3.53521E+14,RZCXC1CQW1L,Samsung,SM-A166B/DS,Black,,Mobile phone,SM-A166BZKDEUB,REPAIRED,L2,Octa+Frame+Cover+Camera Deco,refurbed,GH82-36143A,1,GH82-36145A,1,GH82-36030A,1,GH98-49821A,1,GH98-49822A,1,GH98-49824A,1,0,0,0,0,0,0,0,0,0,0,0,0,0,0,0,0,0,0
1316083,3.52623E+14,R5CXA2LZQ6L,Samsung,SM-A166B/DS,Black,,Mobile phone,SM-A166BZKDEUB,REPAIRED,L2,Octa+Frame+Cover+Camera Deco+Sim Tray+Fingerprint,refurbed,GH82-36030A,1,GH82-36145A,1,GH98-49821A,1,GH82-36143A,1,GH96-18396A,1,GH98-49824A,1,GH96-18449A,1,GH98-49822A,1,0,0,0,0,0,0,0,0,0,0,0,0,0,0
1316084,3.53428E+14,RFCRB1JBH3P,Samsung,SM-A326B/DS,Black,,Mobile phone,SM-A326BZKUEUA,REPAIRED,L2,Octa+Frame+Cover+Sim Tray,Replaced Octa+Frame+Cover+Sim Tray,GH82-25122A,1,GH82-25123A,1,GH82-25080A,1,GH97-25939A,1,GH63-19393A,1,GH96-14158A,1,0,0,0,0,0,0,0,0,0,0,0,0,0,0,0,0,0,0
1316090,3.51104E+14,R5CY33F484Y,Samsung,SM-A166B/DS,Black,,Mobile phone,SM-A166BZKDEUB,REPAIRED,L2,Octa+Frame+Cover+Camera Deco+Sim Tray,REfurb,GH96-18396A,1,GH96-18449A,1,GH98-49822A,1,GH98-49824A,1,GH82-36030A,1,GH98-49821A,1,GH82-36145A,1,GH82-36143A,1,0,0,0,0,0,0,0,0,0,0,0,0,0,0
1316092,3.56924E+14,RZCX5101S1Z,Samsung,SM-A156B/DSN,Black,,Mobile phone,SM-A156BZKDEUB,REPAIRED,L2,Full Refurb,Full Refurb,GH82-33639A,1,GH82-33790A,1,GH82-33640A,1,GH82-33638A,1,GH98-48940A,1,GH96-16630A,1,GH96-16582A,1,GH98-48935A,1,GH82-33641A,1,GH82-33492A,1,0,0,0,0,0,0,0,0,0,0
1316093,3.5299E+14,RFCWB05X8BV,Samsung,SM-A346B/DSN,Light Violet,,Mobile phone,SM-A346BLVAEUB,REPAIRED,L2,Octa+Cover,asurion refurb,GH82-31205A,1,GH98-48063D,1,GH82-30709D,1,GH82-31469A,1,GH82-31201D,1,0,0,0,0,0,0,0,0,0,0,0,0,0,0,0,0,0,0,0,0
1316105,3.52623E+14,R5CY20M3CTA,Samsung,SM-A166B/DS,Black,,Mobile phone,SM-A166BZKDEUB,REPAIRED,L2,Octa+Frame+Cover+Camera Deco+Sim Tray,asurion refurb,GH82-36143A,1,GH82-36145A,1,GH82-36030A,1,GH98-49821A,1,GH98-49822A,1,GH98-49824A,1,GH96-18449A,1,0,0,0,0,0,0,0,0,0,0,0,0,0,0,0,0
1316107,3.53792E+14,RZCX70F75HT,Samsung,SM-A156B/DSN,Black,,Mobile phone,SM-A156BZKDEUB,REPAIRED,L2,Full Refurb,Full Refurb,GH82-33638A,1,GH98-48940A,1,GH96-16630A,1,GH96-16582A,1,GH98-48935A,1,GH82-33641A,1,GH82-33492A,1,GH82-33639A,1,0,0,0,0,0,0,0,0,0,0,0,0,0,0
1316108,3.52555E+14,R8YW51H5THB,Samsung,SM-A145R/DSN,Silver,,Mobile phone,SM-A145RZSUEUB,REPAIRED,L2,Octa+Cover+Camera Deco+Sim Tray+Fingerprint,"Replaced the screen,frame,battery,cover,sim tray and usb port",GH81-23541A,1,GH81-23515A,1,GH81-23539A,1,GH81-23537A,1,GH81-23510A,1,GH81-23522A,1,GH81-23530A,1,0,0,0,0,0,0,0,0,0,0,0,0,0,0,0,0
1316395,3.57233E+14,RZCXA14NB7A,Samsung,SM-S928B/DS,Black,,Mobile phone,SM-S928BZKHEUB,REPAIRED,UB,screen cracked and some time buttons would not register when,"Replaced screen, front , battery, tapes",GH82-33385A,1,GH82-33399B,1,GH82-33387A,1,GH82-33544A,1,GH82-33392A,1,0,0,0,0,0,0,0,0,0,0,0,0,0,0,0,0,0,0,0,0
1316415,3.52555E+14,R83W60D05AM,Samsung,SM-A145R/DSN,Black,,Mobile phone,SM-A145RZKUEUB,REPAIRED,L2,"screen broken, lines over the screen",2day asurion refurb,GH81-23541A,1,GH81-23539A,1,0,0,0,0,0,0,0,0,0,0,0,0,0,0,0,0,0,0,0,0,0,0,0,0,0,0
1316990,3.52843E+14,R5CX62QR38M,Samsung,SM-A356B/DS,Light Blue,,Mobile phone,SM-A356BLBBEUB,REPAIRED,UB,Discoloration,2day asurion refurb,GH82-34224A,1,GH82-34539A,1,0,0,0,0,0,0,0,0,0,0,0,0,0,0,0,0,0,0,0,0,0,0,0,0,0,0
1316994,3.52623E+14,R5CXB12W0EY,Samsung,SM-A166B/DS,Grey,,Mobile phone,SM-A166BZADEUB,REPAIRED,L2,Broken screen,"replaced screen, batt, tape and sub",GH82-36145A,1,GH82-36143A,1,GH81-26599A,1,GH96-18449A,1,0,0,0,0,0,0,0,0,0,0,0,0,0,0,0,0,0,0,0,0,0,0
1317047,3.56924E+14,RZCX412VQYN,Samsung,SM-A156B/DSN,Blue,,Mobile phone,SM-A156BZBDEUB,REPAIRED,L2,Octa+Cover+Camera Deco+Sim Tray,full refurb,GH82-33492D,1,GH98-48935A,1,GH98-48940D,1,GH96-16630A,1,GH96-16582D,1,GH82-33641D,1,GH82-33639A,1,GH82-33638A,1,0,0,0,0,0,0,0,0,0,0,0,0,0,0
1317049,3.51104E+14,R5CY33K9DXB,Samsung,SM-A166B/DS,Black,,Mobile phone,SM-A166BZKDEUB,REPAIRED,L2,OCTA+Battery+Frame+BG+FINGER PRINT+Sim Tray+ CAMERA DECO,full refurb,GH98-49824A,1,GH98-49821A,1,GH82-36030A,1,GH82-36145A,1,GH82-36143A,1,0,0,0,0,0,0,0,0,0,0,0,0,0,0,0,0,0,0,0,0
1317051,3.5299E+14,RFCW91MBQ5V,Samsung,SM-A346B/DSN,Grey,,Mobile phone,SM-A346BZKAEUB,REPAIRED,L2,Octa+Cover+Sim Tray,full refurb,GH98-48063A,1,GH82-30709A,1,GH82-31469A,1,GH82-31201A,1,0,0,0,0,0,0,0,0,0,0,0,0,0,0,0,0,0,0,0,0,0,0
1317052,3.5299E+14,RFCWA1HBGTR,Samsung,SM-A346B/DSN,Grey,,Mobile phone,SM-A346BZKAEUB,REPAIRED,L2,Octa+Cover+Sim Tray,full refurb,GH82-31469A,1,GH82-30709A,1,GH82-31205A,1,GH98-48063A,1,GH96-15772A,1,GH82-31201A,1,GH96-15817A,1,0,0,0,0,0,0,0,0,0,0,0,0,0,0,0,0
1317055,3.53792E+14,RZCX80FB7AX,Samsung,SM-A156B/DSN,Blue,,Mobile phone,SM-A156BZBDEUB,REPAIRED,L2,Octa+Cover+Camera Deco+Sim Tray,Octa+Cover+Camera Deco+Sim Tray,GH82-33639A,1,GH98-48940D,1,GH82-33492D,1,GH98-48935A,1,GH82-33641D,1,GH82-33638A,1,0,0,0,0,0,0,0,0,0,0,0,0,0,0,0,0,0,0
1317057,3.50197E+14,RFCWA1DF6MX,Samsung,SM-S918B/DS,Beige,,Mobile phone,SM-S918BZEDEUB,REPAIRED,UB,OLED+Battery+Frame+BG+Sim Tray+Repair Kits,full refurb,GH81-24724A,1,GH98-48039B,1,GH82-30459A,1,GH96-15658B,1,GH82-30400B,1,GH96-15833B,1,GH82-33783A,1,0,0,0,0,0,0,0,0,0,0,0,0,0,0,0,0
1317058,3.52844E+14,RF8T607H6PK,Samsung,SM-A135F/DSN,Light Blue,,Mobile phone,SM-A135FLBVEUB,REPAIRED,L2,Octa+Cover+Camera Deco+Sim Tray,Refurb,GH96-15062A,1,GH96-15035B,1,GH98-47323B,1,GH98-47319A,1,GH82-28387B,1,GH82-28509A,1,GH82-28653A,1,0,0,0,0,0,0,0,0,0,0,0,0,0,0,0,0
1317060,3.53521E+14,RZCXB19DH6A,Samsung,SM-A166B/DS,Black,,Mobile phone,SM-A166BZKDEUB,REPAIRED,L2,OCTA+Battery+Frame+BG+FINGER PRINT+Sim Tray+ CAMERA DECO,OCTA+Battery+Frame+BG+FINGER PRINT+Sim Tray+ CAMERA DECO,GH82-36143A,1,GH82-36145A,1,GH98-49821A,1,GH98-49824A,1,GH96-18396A,1,GH82-36030A,1,GH98-49822A,1,0,0,0,0,0,0,0,0,0,0,0,0,0,0,0,0
1317063,3.54412E+14,R5CX145L20D,Samsung,SM-A156B/DSN,Black,,Mobile phone,SM-A156BZKDEUB,REPAIRED,L2,Octa+Cover+Camera Deco,full refurb + mainboard,GH82-33638A,1,GH82-33639A,1,GH82-33641A,1,GH82-33492A,1,GH98-48935A,1,GH98-48940A,1,GH96-16582A,1,GH96-16630A,1,GH82-33791A,1,0,0,0,0,0,0,0,0,0,0,0,0
1317065,3.52623E+14,R5CXB17P2FA,Samsung,SM-A166B/DS,Black,,Mobile phone,SM-A166BZKDEUB,REPAIRED,L2,OCTA+Battery+Frame+BG+FINGER PRINT+Sim Tray+ CAMERA DECO,full refurb + mainboard,GH98-49824A,1,GH82-36030A,1,GH98-49821A,1,GH82-36145A,1,GH82-36143A,1,GH96-18437A,1,GH82-36142A,1,GH96-18449A,1,GH96-18396A,1,GH98-49822A,1,0,0,0,0,0,0,0,0,0,0
1317067,3.54882E+14,RZ8T509YA0F,Samsung,SM-A135F/DSN,Light Blue,,Mobile phone,SM-A135FLBVEUB,REPAIRED,L2,Octa+Cover+Camera Deco+Sim Tray+Fingerprint,replaced  Octa+Cover+Camera Deco+Sim Tray+Fingerprint,GH98-47319A,1,GH98-47323B,1,GH96-15035B,1,GH82-28653A,1,GH82-28387B,1,GH82-28509A,1,0,0,0,0,0,0,0,0,0,0,0,0,0,0,0,0,0,0
1317068,3.50481E+14,R58TA1DNBAN,Samsung,SM-A137F/DSN,Black,,Mobile phone,SM-A137FZKVEUB,REPAIRED,L2,Octa+Cover+Camera Deco,Refurb,GH96-15366A,1,GH96-15035A,1,GH98-47323A,1,GH98-47319A,1,GH82-28387A,1,GH82-28509A,1,GH82-29228A,1,0,0,0,0,0,0,0,0,0,0,0,0,0,0,0,0
1317069,3.52375E+14,RZCW80V24EX,Samsung,SM-A546B/DS,Grey,,Mobile phone,SM-A546BZKCEUB,REPAIRED,L2,OCTA+Battery+BG+Sim Tray,replaced  OCTA+Battery+BG+Sim Tray,GH82-35877A,1,GH82-30703A,1,GH98-48072A,1,GH96-15666A,1,GH82-31231A,1,0,0,0,0,0,0,0,0,0,0,0,0,0,0,0,0,0,0,0,0
1317071,3.53936E+14,R5CX71KAGXE,Samsung,SM-F741B,Light Blue,256GB,Mobile phone,SM-F741BLBGEUB,REPAIRED,IP,OCTA+Battery+Sub screen+BG+Repair Kits+Sim Tray,"replaced the screen,frame,batteries,cover and sim tray",GH98-49236C,1,GH97-30012C,1,GH82-35024A,1,GH82-35023A,1,GH82-35014C,1,GH82-35141A,1,GH82-35182C,1,0,0,0,0,0,0,0,0,0,0,0,0,0,0,0,0
1317072,3.55815E+14,RF8W10B2GHZ,Samsung,SM-A137F/DSN,Light Blue,,Mobile phone,SM-A137FLBVEUE,REPAIRED,L2,Full Refurb,Full Refurb,GH96-15035B,1,GH98-47319A,1,GH96-15366A,1,GH98-47323B,1,GH82-28387B,1,GH82-28509A,1,GH82-29228A,1,0,0,0,0,0,0,0,0,0,0,0,0,0,0,0,0
1317074,3.5299E+14,RFCW91PPBHN,Samsung,SM-A346B/DSN,Grey,,Mobile phone,SM-A346BZKAEUB,REPAIRED,L2,Octa+Cover+Sim Tray,full refurb,GH96-15817A,1,GH98-48063A,1,GH82-30709A,1,GH82-31201A,1,GH82-31469A,1,0,0,0,0,0,0,0,0,0,0,0,0,0,0,0,0,0,0,0,0
1317076,3.54882E+14,RF8T318LV7A,Samsung,SM-A135F/DSN,Light Blue,,Mobile phone,SM-A135FLBVEUB,REPAIRED,L2,Octa+Cover+Camera Deco,full refurb,GH96-15062A,1,GH96-15035B,1,GH98-47319A,1,GH98-47323B,1,GH82-28387B,1,GH82-28509A,1,GH82-28653A,1,0,0,0,0,0,0,0,0,0,0,0,0,0,0,0,0
1317078,3.52623E+14,R5CXB12XNRJ,Samsung,SM-A166B/DS,Black,,Mobile phone,SM-A166BZKDEUE,REPAIRED,L2,OCTA+Battery+Frame+BG+FINGER PRINT+Sim Tray+ CAMERA DECO,full refurb,GH82-36145A,1,GH82-36030A,1,GH98-49821A,1,GH96-18449A,1,GH98-49824A,1,GH82-36143A,1,0,0,0,0,0,0,0,0,0,0,0,0,0,0,0,0,0,0
1317079,3.53204E+14,RZCW50KYNQE,Samsung,SM-A546B/DS,Grey,,Mobile phone,SM-A546BZKCEUB,REPAIRED,L2,OCTA+Battery+BG+Sim Tray,replaced OCTA+Battery+BG+Sim Tray,GH96-15666A,1,GH82-31232A,1,GH98-48072A,1,GH82-30703A,1,GH82-35877A,1,0,0,0,0,0,0,0,0,0,0,0,0,0,0,0,0,0,0,0,0
1317080,3.56924E+14,RZCX50ZW4RM,Samsung,SM-A156B/DSN,Blue,,Mobile phone,SM-A156BZBDEUB,REPAIRED,L2,Octa+Cover+Camera Deco,refurbed,3710-004501,1,GH96-16630A,1,GH98-48935A,1,GH96-16582D,1,GH82-33641D,1,GH82-33492D,1,GH82-33639A,1,GH82-33638A,1,0,0,0,0,0,0,0,0,0,0,0,0,0,0
1317083,3.52623E+14,R5CXB17PCTJ,Samsung,SM-A166B/DS,Black,,Mobile phone,SM-A166BZKDEUB,REPAIRED,L2,OCTA+Battery+Frame+BG+FINGER PRINT+Sim Tray+ CAMERA DECO,full refurb,GH82-36145A,1,GH82-36030A,1,GH82-36143A,1,GH98-49824A,1,GH98-49822A,1,GH98-49821A,1,0,0,0,0,0,0,0,0,0,0,0,0,0,0,0,0,0,0
1317084,3.51234E+14,RZCX321HVNM,Samsung,SM-A556B/DS,Dark Blue,,Mobile phone,SM-A556BZKAEUB,REPAIRED,UB,replaced  OCTA+Battery+BG+Sim Tray,replaced  OCTA+Battery+BG+Sim Tray,GH96-16601A,1,GH96-16604A,1,GH98-49097A,1,GH82-34540A,1,GH82-34309A,1,GH82-34284A,1,GH96-16718A,1,GH82-34311A,1,GH82-34308A,1,0,0,0,0,0,0,0,0,0,0,0,0
1317085,3.53792E+14,RZCX7128ZTT,Samsung,SM-A156B/DSN,Blue,,Mobile phone,SM-A156BZBDEUB,REPAIRED,L2,Octa+Cover+Camera Deco+Sim Tray,refurbed,GH96-16630A,1,GH98-48935A,1,GH96-16582D,1,GH82-33638A,1,GH98-48940D,1,GH82-33641D,1,GH82-33639A,1,GH82-33492D,1,0,0,0,0,0,0,0,0,0,0,0,0,0,0
1317087,3.54412E+14,R5CX23DP8SA,Samsung,SM-A156B/DSN,Black,,Mobile phone,SM-A156BZKDEUE,REPAIRED,L2,Octa+Cover+Camera Deco+Sim Tray,refurbed,GH96-16582A,1,GH98-48940A,1,GH82-33641A,1,GH96-16630A,1,GH82-33492A,1,GH82-33639A,1,GH82-33638A,1,GH98-48935A,1,0,0,0,0,0,0,0,0,0,0,0,0,0,0
1317093,3.51166E+14,RFCXA0S2VBX,Samsung,SM-A356B/DS,Light Blue,,Mobile phone,SM-A356BLBBEUB,REPAIRED,UB,OCTA+Battery+BG+Sim Tray,refurbed,GH82-34228A,1,GH82-33986B,1,GH98-48993B,1,GH82-34539A,1,GH82-34225B,1,GH82-34224A,1,0,0,0,0,0,0,0,0,0,0,0,0,0,0,0,0,0,0
1317095,3.50804E+14,RZ8W10C4T2K,Samsung,SM-A137F/DSN,Light Blue,,Mobile phone,SM-A137FLBVEUB,REPAIRED,L2,Full Refurb,Full Refurb,GH82-29228A,1,GH82-28509A,1,GH82-28387B,1,GH98-47319A,1,GH98-47323B,1,GH96-15035B,1,GH96-15366A,1,0,0,0,0,0,0,0,0,0,0,0,0,0,0,0,0
1317098,3.50396E+14,RZCX90Z4Y6L,Samsung,SM-A346B/DSN,Grey,,Mobile phone,SM-A346BZKAEEB,REPAIRED,L2,Octa+Cover+Sim Tray,Full refurb,GH82-31201A,1,GH82-31469A,1,GH82-30709A,1,GH98-48063A,1,0,0,0,0,0,0,0,0,0,0,0,0,0,0,0,0,0,0,0,0,0,0
1317100,3.53428E+14,RFCRB190H4Y,Samsung,SM-A326B/DS,Black,,Mobile phone,SM-A326BZKUEEA,REPAIRED,L2,OCTA+Battery+Frame+BG+Sim Tray,full refurb,GH82-25122A,1,GH82-25123A,1,GH97-25939A,1,GH63-19393A,1,GH96-14158A,1,GH82-25080A,1,0,0,0,0,0,0,0,0,0,0,0,0,0,0,0,0,0,0
1317105,3.53521E+14,RZCXC1DXH2F,Samsung,SM-A166B/DS,Black,,Mobile phone,SM-A166BZKDEUB,REPAIRED,L2,OCTA+Battery+Frame+BG+FINGER PRINT+Sim Tray+ CAMERA DECO,Refurb,GH82-36143A,1,GH82-36145A,1,GH98-49821A,1,GH82-36030A,1,GH98-49822A,1,GH98-49824A,1,GH96-18396A,1,GH96-18449A,1,0,0,0,0,0,0,0,0,0,0,0,0,0,0
1317107,3.52009E+14,RZCW91L5D3R,Samsung,SM-A546B/DS,Grey,,Mobile phone,SM-A546BZKCEUB,REPAIRED,L2,OCTA+Battery+BG+Sim Tray,OCTA+Battery+BG+Sim Tray,GH98-48072A,1,GH82-30703A,1,GH82-35877A,1,GH82-31205A,1,GH82-31231A,1,0,0,0,0,0,0,0,0,0,0,0,0,0,0,0,0,0,0,0,0
1317111,3.53792E+14,RZCX723X43N,Samsung,SM-A156B/DSN,Blue,,Mobile phone,SM-A156BZBDEUB,REPAIRED,L2,Octa+Cover+Camera Deco+Sim Tray,full refurb,GH98-48940D,1,GH98-48935A,1,GH82-33641D,1,GH82-33492D,1,GH82-33639A,1,GH82-33638A,1,0,0,0,0,0,0,0,0,0,0,0,0,0,0,0,0,0,0
1317114,3.52375E+14,RZCW80RT44X,Samsung,SM-A546B/DS,Grey,,Mobile phone,SM-A546BZKCEUB,REPAIRED,L2,OCTA+Battery+BG+Sim Tray,OCTA+Battery+BG+Sim Tray,GH82-31231A,1,GH82-35877A,1,GH82-30703A,1,GH98-48072A,1,0,0,0,0,0,0,0,0,0,0,0,0,0,0,0,0,0,0,0,0,0,0
1317115,3.50348E+14,RZCXB0MJL1V,Samsung,SM-A356B/DS,Dark Blue,,Mobile phone,SM-A356BZKBEUB,REPAIRED,UB,OCTA+Battery+BG+Sim Tray,refurbed,GH82-34224A,1,GH82-34225A,1,GH82-34539A,1,GH96-16719A,1,GH98-48993A,1,GH82-33986A,1,GH82-34228A,1,0,0,0,0,0,0,0,0,0,0,0,0,0,0,0,0
1317117,3.56924E+14,RZCX412VYVZ,Samsung,SM-A156B/DSN,Blue,,Mobile phone,SM-A156BZBDEUB,REPAIRED,L2,Octa+Cover+Camera Deco,full refurb,GH82-33492D,1,GH82-33641D,1,GH98-48935A,1,GH82-33639A,1,GH98-48940D,1,GH82-33638A,1,0,0,0,0,0,0,0,0,0,0,0,0,0,0,0,0,0,0
1317119,3.56924E+14,RZCX31EM3ZW,Samsung,SM-A156B/DSN,Black,,Mobile phone,SM-A156BZKDEUB,REPAIRED,L2,Octa+Cover+Camera Deco,full refurb,GH82-33638A,1,GH82-33639A,1,GH82-33492A,1,GH96-16630A,1,GH82-33641A,1,GH98-48935A,1,0,0,0,0,0,0,0,0,0,0,0,0,0,0,0,0,0,0
1317120,3.54412E+14,R5CX14EN0AT,Samsung,SM-A156B/DSN,Black,,Mobile phone,SM-A156BZKDEUB,REPAIRED,L2,Octa+Cover+Camera Deco,full refurb,GH82-33492A,1,GH82-33641A,1,GH98-48935A,1,GH98-48940A,1,GH82-33639A,1,GH82-33638A,1,0,0,0,0,0,0,0,0,0,0,0,0,0,0,0,0,0,0
1317121,3.52843E+14,R5CX62QR10T,Samsung,SM-A356B/DS,Light Blue,,Mobile phone,SM-A356BLBBEUB,REPAIRED,UB,OCTA+Battery+BG+Sim Tray,full refurb,GH82-34539A,1,GH82-34225B,1,GH98-48993B,1,GH82-33986B,1,GH82-34228A,1,GH82-34224A,1,0,0,0,0,0,0,0,0,0,0,0,0,0,0,0,0,0,0
1318522,3.51104E+14,R5CY60YB92T,Samsung,SM-A166B/DS,Black,,Mobile phone,SM-A166BZKDEUB,REPAIRED,L2,Full REfurb,Full REfurb,GH82-36143A,1,GH82-36145A,1,GH98-49821A,1,GH82-36030A,1,GH98-49824A,1,GH96-18449A,1,GH98-49822A,1,GH96-18396A,1,0,0,0,0,0,0,0,0,0,0,0,0,0,0
1318524,3.58224E+14,RZCY40MBZDZ,Samsung,SM-F741B,Light Blue,256GB,Mobile phone,SM-F741BLBGEUB,REPAIRED,L2,OCTA+BG+Sub screen+Sim Tray+Repair Kits,OCTA+BG+Sub screen+Sim Tray+Repair Kits,GH98-49236C,1,GH82-35141A,1,GH82-35182C,1,GH97-30012C,1,GH96-16986A,1,GH82-35014C,1,GH82-35024A,1,GH82-35023A,1,0,0,0,0,0,0,0,0,0,0,0,0,0,0
1318526,3.56924E+14,RZCX518ZJAE,Samsung,SM-A156B/DSN,Black,,Mobile phone,SM-A156BZKDEUB,REPAIRED,L2,OCTA+BG+FINGER PRINTSim Tray+ CAMERA DECO,Refurb,GH82-33638A,1,GH82-33639A,1,GH98-48940A,1,GH96-16630A,1,GH96-16582A,1,GH98-48935A,1,GH82-33492A,1,GH82-33641A,1,0,0,0,0,0,0,0,0,0,0,0,0,0,0
1318530,3.54412E+14,R5CX4068ZYD,Samsung,SM-A156B/DSN,Black,,Mobile phone,SM-A156BZKDEUB,REPAIRED,L2,OCTA+BG+FINGER PRINTSim Tray++ CAMERA DECO,screen and batteries,GH82-33638A,1,GH82-33639A,1,GH82-33641A,1,GH82-33492A,1,GH98-48935A,1,GH96-16582A,1,GH96-16630A,1,GH98-48940A,1,0,0,0,0,0,0,0,0,0,0,0,0,0,0
1318532,3.53341E+14,R58T42623QM,Samsung,SM-A135F/DSN,Light Blue,,Mobile phone,SM-A135FLBVEUB,REPAIRED,L2,Full Refurb,Full Refurb,GH96-15035B,1,GH98-47319A,1,GH96-15062A,1,GH98-47323B,1,GH82-28387B,1,GH82-28509A,1,GH82-28653A,1,0,0,0,0,0,0,0,0,0,0,0,0,0,0,0,0
1318534,3.53792E+14,RZCX90BAW4Y,Samsung,SM-A156B/DSN,Blue,,Mobile phone,SM-A156BZBDEUB,REPAIRED,L2,Full Refurb,Full Refurb,GH98-48935A,1,GH82-33492D,1,GH82-33641D,1,GH82-33639A,1,GH82-33638A,1,GH96-16582D,1,GH96-16630A,1,0,0,0,0,0,0,0,0,0,0,0,0,0,0,0,0
1318538,3.52009E+14,RZCW81QN4QW,Samsung,SM-A546B/DS,Grey,,Mobile phone,SM-A546BZKCEUB,REPAIRED,L2,gray+OCTA+BG+Sim Tray,"Replaced the screen,frame,battery,cover and sim tray",GH82-31231A,1,GH82-35877A,1,GH82-30703A,1,GH98-48072A,1,0,0,0,0,0,0,0,0,0,0,0,0,0,0,0,0,0,0,0,0,0,0
1318540,3.51166E+14,RFCXA137GHK,Samsung,SM-A356B/DS,Dark Blue,,Mobile phone,SM-A356BZKBEUB,REPAIRED,UB,Octa+Cover+Sim Tray,refurbed,GH82-34224A,1,GH82-34225A,1,GH82-34228A,1,GH82-33986A,1,GH98-48993A,1,GH82-34539A,1,GH96-16719A,1,0,0,0,0,0,0,0,0,0,0,0,0,0,0,0,0
1318544,3.53521E+14,RZCXC16DA8J,Samsung,SM-A166B/DS,Black,,Mobile phone,SM-A166BZKDEUB,REPAIRED,L2,Octa+Frame+Cover+Camera Deco+Sim Tray,full refurb,GH82-36143A,1,GH82-36145A,1,GH82-36030A,1,GH98-49821A,1,GH98-49824A,1,GH98-49822A,1,0,0,0,0,0,0,0,0,0,0,0,0,0,0,0,0,0,0
1318546,3.53792E+14,RZCX725WKKJ,Samsung,SM-A156B/DSN,Black,,Mobile phone,SM-A156BZKDEUB,REPAIRED,L2,Octa+Frame+Cover+Camera Deco+Sim Tray,full refurb,GH98-48935A,1,GH82-33492A,1,GH82-33639A,1,GH82-33638A,1,GH82-33641A,1,0,0,0,0,0,0,0,0,0,0,0,0,0,0,0,0,0,0,0,0
1318550,3.50348E+14,RZCXB1B9PWN,Samsung,SM-A356B/DS,Dark Blue,,Mobile phone,SM-A356BZKBEUB,REPAIRED,UB,Octa+Cover+Sim Tray,"Screen, Frame, Battery, Sim Tray",GH98-48993A,1,GH82-34539A,1,GH82-34225A,1,GH82-34224A,1,GH82-33986A,1,GH82-34228A,1,0,0,0,0,0,0,0,0,0,0,0,0,0,0,0,0,0,0
1318553,3.50804E+14,RZ8TB01EYXP,Samsung,SM-A137F/DSN,Light Blue,,Mobile phone,SM-A137FLBVEUB,REPAIRED,L2,FUll Refurb,FUll Refurb,GH98-47319A,1,GH96-15035B,1,GH82-29228A,1,GH82-28509A,1,GH82-28387B,1,GH98-47323B,1,GH96-15366A,1,0,0,0,0,0,0,0,0,0,0,0,0,0,0,0,0
1318555,3.51104E+14,R5CY237P5XD,Samsung,SM-A166B/DS,Black,,Mobile phone,SM-A166BZKDEUB,REPAIRED,L2,Back Cover+Camera Deco+Sim Tray,full refurb,GH82-36143A,1,GH82-36145A,1,GH98-49824A,1,GH96-18449A,1,GH98-49822A,1,GH98-49821A,1,GH82-36030A,1,0,0,0,0,0,0,0,0,0,0,0,0,0,0,0,0
1318559,3.56924E+14,RZCX20AVY7M,Samsung,SM-A156B/DSN,Blue,,Mobile phone,SM-A156BZBDEUB,REPAIRED,L2,Octa+Frame+Cover+Camera Deco+Sim Tray,full refrub,GH82-33638A,1,GH82-33639A,1,GH82-33492D,1,GH82-33641D,1,GH98-48935A,1,GH98-48940D,1,0,0,0,0,0,0,0,0,0,0,0,0,0,0,0,0,0,0
1318563,3.56924E+14,RZCX518SQFX,Samsung,SM-A156B/DSN,Black,,Mobile phone,SM-A156BZKDEUB,REPAIRED,L2,Octa+Cover+Camera Deco+Sim Tray,full refurb,GH96-16582A,1,GH98-48940A,1,GH82-33641A,1,GH98-48935A,1,GH82-33492A,1,GH82-33639A,1,GH82-33638A,1,0,0,0,0,0,0,0,0,0,0,0,0,0,0,0,0
1318565,3.51104E+14,R5CY33KAX3P,Samsung,SM-A166B/DS,Black,,Mobile phone,SM-A166BZKDEUB,REPAIRED,L2,Octa+Frame+Cover+Camera Deco+Sim Tray,full refurb,GH82-36143A,1,GH82-36145A,1,GH98-49822A,1,GH98-49821A,1,GH98-49824A,1,GH82-36030A,1,0,0,0,0,0,0,0,0,0,0,0,0,0,0,0,0,0,0
1318590,3.55016E+14,R58RB0LXR4E,Samsung,SM-A127F/DSN,Black,,Mobile phone,SM-A127FZKVEUA,REPAIRED,IP,Device lock,FRP,0,0,0,0,0,0,0,0,0,0,0,0,0,0,0,0,0,0,0,0,0,0,0,0,0,0,0,0,0,0
1318593,3.51558E+14,RZCY61352AJ,Samsung,SM-A366B/DS,Black,,Mobile phone,SM-A366BZKGEUB,REPAIRED,SU,Device lock,FRP,0,0,0,0,0,0,0,0,0,0,0,0,0,0,0,0,0,0,0,0,0,0,0,0,0,0,0,0,0,0
1318638,3.54322E+14,R3CT70HNZSA,Samsung,SM-S908B/DS,Dark Red,,Mobile phone,SM-S908BDRGEUE,REPAIRED,UB,the screen has gone pixelated - Quote if PBA or Cameras are,replaced the screen and tapes,GH82-37366A,1,GH02-23303A,1,GH02-23302A,1,0,0,0,0,0,0,0,0,0,0,0,0,0,0,0,0,0,0,0,0,0,0,0,0
1319376,3.54803E+14,RZCY300MHWD,Samsung,SM-S931B/DS,Light Green,,Mobile phone,SM-S931BLGDEUB,REPAIRED,UB,the top part of the screen touchscreen is not working,"Replaced screen,  frame, battery",GH82-36476A,1,GH82-36331A,1,GH82-36328B,1,GH82-36478A,1,GH82-36327A,1,0,0,0,0,0,0,0,0,0,0,0,0,0,0,0,0,0,0,0,0
1319401,3.56681E+14,R8YWB14R51W,Samsung,SM-A145R/DSN,Black,,Mobile phone,SM-A145RZKUEUB,REPAIRED,L2,screen damage  Quote if PBA or Cameras are required,"Replaced screen, battery, cover, usb-port",GH81-23541A,1,GH81-23539A,1,GH81-23536A,1,GH81-23515A,1,0,0,0,0,0,0,0,0,0,0,0,0,0,0,0,0,0,0,0,0,0,0
1319402,3.50804E+14,RZ8TA1ADXWD,Samsung,SM-A137F/DSN,Light Blue,,Mobile phone,SM-A137FLBVEUB,REPAIRED,L2,Phone fell out of pocket and landed on a concrete post from,"SCREEN, BATTERY, COVER.",GH96-15366A,1,GH82-28387B,1,GH82-28509A,1,GH82-29228A,1,0,0,0,0,0,0,0,0,0,0,0,0,0,0,0,0,0,0,0,0,0,0
1319404,3.53936E+14,R5CX72QVQVV,Samsung,SM-F741B,Light Blue,256GB,Mobile phone,SM-F741BLBGEUB,REPAIRED,L2,Screen Damage  Quote if PBA or Cameras are required,Screen,GH82-35014C,1,GH82-35023A,1,GH82-35024A,1,GH82-35143A,1,GH82-35141A,1,0,0,0,0,0,0,0,0,0,0,0,0,0,0,0,0,0,0,0,0
1320207,3.53792E+14,RZCX70GAAVR,Samsung,SM-A156B/DSN,Black,,Mobile phone,SM-A156BZKDEUB,REPAIRED,L2,My phone fell from my pocket - Quote if PBA or Cameras are r,"Screen, cover.",GH96-16582A,1,GH82-33638A,1,GH82-33639A,1,GH82-33641A,1,GH82-33492A,1,0,0,0,0,0,0,0,0,0,0,0,0,0,0,0,0,0,0,0,0
1320213,3.53521E+14,RZCXC1DW7WL,Samsung,SM-A166B/DS,Black,,Mobile phone,SM-A166BZKDEUB,REPAIRED,L2,cracked screen - Quote if PBA or Cameras are required,"Screen, battery",GH81-26599A,1,GH82-36145A,1,GH82-36143A,1,0,0,0,0,0,0,0,0,0,0,0,0,0,0,0,0,0,0,0,0,0,0,0,0
1320225,3.51104E+14,R5CY31Y10XP,Samsung,SM-A166B/DS,Black,,Mobile phone,SM-A166BZKDEUB,REPAIRED,L2,OCTA+Battery+Frame+BG+FINGER PRINT+Sim Tray+ CAMERA DECO,Refurb,GH82-36142A,1,GH82-36143A,1,GH82-36145A,1,GH98-49821A,1,GH82-36030A,1,GH96-18449A,1,GH96-18396A,1,GH98-49822A,1,GH98-49824A,1,0,0,0,0,0,0,0,0,0,0,0,0
1320226,3.53195E+14,R83WA05R0BB,Samsung,SM-A145R/DSN,Silver,,Mobile phone,SM-A145RZSUEUB,REPAIRED,L2,OCTA+BatteryBG+Sim Tray+FINGER PRINT+ CAMERA DECO,full refurb,GH81-23541A,1,GH81-23510A,1,GH81-23515A,1,GH81-23530A,1,GH81-23522A,1,GH81-23537A,1,GH81-23539A,1,0,0,0,0,0,0,0,0,0,0,0,0,0,0,0,0
1320228,3.51104E+14,R5CY42VDA8P,Samsung,SM-A166B/DS,Black,,Mobile phone,SM-A166BZKDEUB,REPAIRED,L2,OCTA+Battery+Frame+BG+FINGER PRINT+Sim Tray+ CAMERA DECO,OCTA+Battery+Frame+BG+FINGER PRINT+Sim Tray+ CAMERA DECO,GH98-49822A,1,GH96-18449A,1,GH96-18396A,1,GH98-49821A,1,GH98-49824A,1,GH82-36030A,1,GH82-36145A,1,GH82-36143A,1,0,0,0,0,0,0,0,0,0,0,0,0,0,0
1320229,3.50804E+14,RZ8TB03N3PF,Samsung,SM-A137F/DSN,Black,,Mobile phone,SM-A137FZKVEUB,REPAIRED,L2,OCTA+Battery+BG+FINGER PRINT+Sim Tray+ CAMERA DECO,OCTA+Battery+BG+FINGER PRINT+Sim Tray+ CAMERA DECO,GH96-15366A,1,GH98-47323A,1,GH96-15035A,1,GH98-47319A,1,GH82-28387A,1,GH82-28509A,1,GH82-29228A,1,0,0,0,0,0,0,0,0,0,0,0,0,0,0,0,0
1320234,3.54412E+14,R5CX32D2SMW,Samsung,SM-A156B/DSN,Black,,Mobile phone,SM-A156BZKDEUB,REPAIRED,L2,r cracked screen,"Replaced screen, battery, cover, subn",GH82-33638A,1,GH82-33639A,1,GH82-33492A,1,GH96-16630A,1,0,0,0,0,0,0,0,0,0,0,0,0,0,0,0,0,0,0,0,0,0,0
1320236,3.53792E+14,RZCX81D706A,Samsung,SM-A156B/DSN,Black,,Mobile phone,SM-A156BZKDEUB,REPAIRED,L2,OCTA+BatteryBG+Sim Tray+FINGER PRINT+ CAMERA DECO,Full refurb,GH96-16582A,1,GH82-33492A,1,GH96-16630A,1,GH98-48940A,1,GH82-33641A,1,GH82-33638A,1,GH98-48935A,1,GH82-33639A,1,0,0,0,0,0,0,0,0,0,0,0,0,0,0
1320239,3.50756E+14,R5CWA2WRYHV,Samsung,SM-A546B/DS,Grey,,Mobile phone,SM-A546BZKCEUB,REPAIRED,L2,OCTA+Battery+BG+Sim Tray,Refurb,GH82-31231A,1,GH82-35877A,1,GH82-30703A,1,GH98-48072A,1,GH96-15666A,1,0,0,0,0,0,0,0,0,0,0,0,0,0,0,0,0,0,0,0,0
1320240,3.53792E+14,RZCX70FSGZY,Samsung,SM-A156B/DSN,Black,,Mobile phone,SM-A156BZKDEUB,REPAIRED,L2,OCTA+BatteryBG+Sim Tray+FINGER PRINT+ CAMERA DECO,Full refurb,GH96-16582A,1,GH82-33492A,1,GH96-16630A,1,GH98-48940A,1,GH98-48935A,1,GH82-33641A,1,GH82-33638A,1,GH82-33639A,1,0,0,0,0,0,0,0,0,0,0,0,0,0,0
1320244,3.5436E+14,RF8TC0EHNRL,Samsung,SM-A137F/DSN,Black,,Mobile phone,SM-A137FZKVEUB,REPAIRED,L2,OCTA+Battery+BG+FINGER PRINT+Sim Tray+ CAMERA DECO,OCTA+Battery+BG+FINGER PRINT+Sim Tray+ CAMERA DECO,GH98-47323A,1,GH96-15035A,1,GH96-15366A,1,GH98-47319A,1,GH82-28387A,1,GH82-28509A,1,GH82-29228A,1,0,0,0,0,0,0,0,0,0,0,0,0,0,0,0,0
1320246,3.56924E+14,RZCX50ZTCZX,Samsung,SM-A156B/DSN,Blue,,Mobile phone,SM-A156BZBDEUB,REPAIRED,L2,OCTA+BatteryBG+Sim Tray+FINGER PRINT+ CAMERA DECO,OCTA+BatteryBG+Sim Tray+FINGER PRINT+ CAMERA DECO,GH82-33638A,1,GH82-33639A,1,GH82-33492D,1,GH82-33641D,1,GH96-16582D,1,GH98-48935A,1,GH96-16630A,1,GH98-48940D,1,0,0,0,0,0,0,0,0,0,0,0,0,0,0
1320247,3.56715E+14,RZCRC08J70H,Samsung,SM-A528B/DS,Black,,Mobile phone,SM-A528BZKCEUA,REPAIRED,L2,OCTA+Battery+BG+Sim Tray,Full refurb,GH82-26863A,1,GH82-25231A,1,GH82-26858A,1,GH98-46290A,1,GH96-14860A,1,0,0,0,0,0,0,0,0,0,0,0,0,0,0,0,0,0,0,0,0
1320249,3.52433E+14,RZCX41MMLME,Samsung,SM-S921B/DS,Black,,Mobile phone,SM-S921BZKDEUB,REPAIRED,UB,OLED+Frame+Battery+BG+Sim Tray+Repair Kits,Refurb,GH82-33101A,1,GH98-48906A,1,GH96-16507A,1,GH82-33418A,1,GH82-33295A,1,GH82-33286A,1,GH82-33290A,1,0,0,0,0,0,0,0,0,0,0,0,0,0,0,0,0
1320250,3.56924E+14,RZCX52CY1NB,Samsung,SM-A156B/DSN,Blue,,Mobile phone,SM-A156BZBDEUB,REPAIRED,L2,OCTA+BatteryBG+Sim Tray+FINGER PRINT+ CAMERA DECO,Refurb,GH96-15963A,1,GH96-16630A,1,GH96-16582D,1,GH98-48940D,1,GH98-48935A,1,GH82-33492D,1,GH82-33641D,1,GH82-33639A,1,GH82-33638A,1,0,0,0,0,0,0,0,0,0,0,0,0
1320253,3.53792E+14,RZCX81JJGMR,Samsung,SM-A156B/DSN,Blue,,Mobile phone,SM-A156BZBDEUB,REPAIRED,L2,OCTA+BatteryBG+Sim Tray+FINGER PRINT+ CAMERA DECO,OCTA+BatteryBG+Sim Tray+FINGER PRINT+ CAMERA DECO,GH96-16630A,1,GH96-16582D,1,GH98-48940D,1,GH98-48935A,1,GH82-33492D,1,GH82-33641D,1,GH82-33639A,1,GH82-33638A,1,0,0,0,0,0,0,0,0,0,0,0,0,0,0
1320258,3.51104E+14,R5CY22ZW9GK,Samsung,SM-A166B/DS,Black,,Mobile phone,SM-A166BZKDEUB,REPAIRED,L2,OCTA+Battery+Frame+BG+FINGER PRINT+Sim Tray+ CAMERA DECO,Refurb,GH82-36030A,1,GH98-49822A,1,GH98-49824A,1,GH96-18449A,1,GH96-18396A,1,GH98-49821A,1,GH82-36145A,1,GH82-36143A,1,0,0,0,0,0,0,0,0,0,0,0,0,0,0
1320259,3.51104E+14,R5CY62BN6WT,Samsung,SM-A166B/DS,Black,,Mobile phone,SM-A166BZKDEUB,REPAIRED,L2,OCTA+Battery+Frame+BG+FINGER PRINT+Sim Tray+ CAMERA DECO,Refurb,GH82-36143A,1,GH96-18449A,1,GH96-18396A,1,GH98-49822A,1,GH98-49824A,1,GH82-36030A,1,GH82-36145A,1,GH98-49821A,1,0,0,0,0,0,0,0,0,0,0,0,0,0,0
1320261,3.50804E+14,RZ8W10C4R0D,Samsung,SM-A137F/DSN,Light Blue,,Mobile phone,SM-A137FLBVEUB,REPAIRED,L2,OCTA+Battery+BG+FINGER PRINT+Sim Tray+ CAMERA DECO+LDI TRIGG,Refurb,GH82-29228A,1,GH96-15366A,1,GH96-15035B,1,GH98-47323B,1,GH98-47319A,1,GH82-28387B,1,GH82-28509A,1,0,0,0,0,0,0,0,0,0,0,0,0,0,0,0,0
1320263,3.54412E+14,R5CX406AY1H,Samsung,SM-A156B/DSN,Black,,Mobile phone,SM-A156BZKDEUB,REPAIRED,L2,OCTA+BatteryBG+Sim Tray+FINGER PRINT+ CAMERA DECO,Refurb,GH96-16630A,1,GH98-48935A,1,GH96-16582A,1,GH98-48940A,1,GH82-33492A,1,GH82-33638A,1,GH82-33639A,1,GH82-33641A,1,0,0,0,0,0,0,0,0,0,0,0,0,0,0
1320265,3.56924E+14,RZCX510318Z,Samsung,SM-A156B/DSN,Black,,Mobile phone,SM-A156BZKDEUB,REPAIRED,L2,OCTA+BatteryBG+Sim Tray+FINGER PRINT+ CAMERA DECO,Refurb,GH96-16630A,1,GH96-16582A,1,GH98-48940A,1,GH98-48935A,1,GH82-33492A,1,GH82-33641A,1,GH82-33639A,1,GH82-33638A,1,0,0,0,0,0,0,0,0,0,0,0,0,0,0
1320268,3.50804E+14,RZ8TC0ARATX,Samsung,SM-A137F/DSN,Light Blue,,Mobile phone,SM-A137FLBVEUB,REPAIRED,L2,OCTA+Battery+BG+FINGER PRINT+Sim Tray+ CAMERA DECO,full refurb,GH82-28387B,1,GH98-47323B,1,GH96-15035B,1,GH82-28509A,1,GH82-29228A,1,GH98-47319A,1,GH96-15366A,1,0,0,0,0,0,0,0,0,0,0,0,0,0,0,0,0
1320270,3.53629E+14,R83W501KJ2J,Samsung,SM-A145R/DSN,Silver,,Mobile phone,SM-A145RZSUEUB,REPAIRED,L2,OCTA+Battery+BG+FINGER PRINT+Sim Tray+ CAMERA DECO,Refurb,GH81-23541A,1,GH81-23539A,1,GH81-23510A,1,GH81-23537A,1,GH81-23522A,1,GH81-23530A,1,GH81-23515A,1,0,0,0,0,0,0,0,0,0,0,0,0,0,0,0,0
1320272,3.52623E+14,R5CXA1HLN0E,Samsung,SM-A166B/DS,Black,,Mobile phone,SM-A166BZKDEUB,REPAIRED,L2,OCTA+Battery+Frame+BG+FINGER PRINT+Sim Tray+ CAMERA DECO,Refurb,GH96-18449A,1,GH98-49824A,1,GH98-49822A,1,GH96-18396A,1,GH82-36143A,1,GH82-36145A,1,GH98-49821A,1,GH82-36030A,1,0,0,0,0,0,0,0,0,0,0,0,0,0,0
1320274,3.52127E+14,RFCT51MQFAE,Samsung,SM-G990B/DS,Grey,,Mobile phone,SM-G990BZADEUA,REPAIRED,L2,OCTA+Battery+BG+Sim Tray,Refurb,GH82-26414A,1,GH82-26409A,1,GH82-26156A,1,GH98-46790A,1,GH96-14548A,1,0,0,0,0,0,0,0,0,0,0,0,0,0,0,0,0,0,0,0,0
1320281,3.56924E+14,RZCX414YQKD,Samsung,SM-A156B/DSN,Blue,,Mobile phone,SM-A156BZBDEUB,REPAIRED,L2,OCTA+BatteryBG+Sim Tray+FINGER PRINT+ CAMERA DECO,Refurb,GH96-16630A,1,GH96-16582D,1,GH98-48940D,1,GH98-48935A,1,GH82-33492D,1,GH82-33641D,1,GH82-33639A,1,GH82-33638A,1,0,0,0,0,0,0,0,0,0,0,0,0,0,0
1320282,3.50798E+14,R5CY807J2VH,Samsung,SM-F766B,Black,256GB,Mobile phone,SM-F766BZKGEUB,REPAIRED,L2,OCTA+Battery+BG+Sim Tray+FINGER PRINT+Sub screen,full refurb,GH98-50224C,1,GH82-38794C,1,GH82-37820A,1,GH82-37818A,1,GH82-37579A,1,GH82-37582A,1,GH82-37583A,1,0,0,0,0,0,0,0,0,0,0,0,0,0,0,0,0
1320284,3.51555E+14,RFCT112V9MZ,Samsung,SM-A326B/DS,Black,,Mobile phone,SM-A326BZKUEEA,REPAIRED,L2,OCTA+Battery+BG+Sim Tray+Frame,Refurb,GH82-25122A,1,GH96-14158A,1,GH63-19393A,1,GH82-25080A,1,GH97-25939A,1,GH82-25123A,1,0,0,0,0,0,0,0,0,0,0,0,0,0,0,0,0,0,0
1320289,3.51104E+14,R5CY41GNNMX,Samsung,SM-A166B/DS,Black,,Mobile phone,SM-A166BZKDEUB,REPAIRED,L2,OCTA+Battery+Frame+BG+FINGER PRINT+Sim Tray+ CAMERA DECO,refurb,GH98-49821A,1,GH82-36145A,1,GH82-36030A,1,GH82-36143A,1,GH98-49824A,1,GH98-49822A,1,GH96-18396A,1,GH96-18449A,1,0,0,0,0,0,0,0,0,0,0,0,0,0,0
1320291,3.56924E+14,RZCX31G7WGV,Samsung,SM-A156B/DSN,Black,,Mobile phone,SM-A156BZKDEUB,REPAIRED,L2,OCTA+BatteryBG+Sim Tray+FINGER PRINT+ CAMERA DECO,Refurb,GH98-48940A,1,GH98-48935A,1,GH96-16582A,1,GH96-16630A,1,GH82-33492A,1,GH82-33641A,1,GH82-33639A,1,GH82-33638A,1,0,0,0,0,0,0,0,0,0,0,0,0,0,0
1320294,3.52375E+14,RZCW61PS7YT,Samsung,SM-A546B/DS,Light Violet,,Mobile phone,SM-A546BLVCEUB,REPAIRED,L2,OCTA+Battery+BG+Sim Tray,Full refurb,GH82-30703D,1,GH98-48072D,1,GH96-15666A,1,GH82-35877A,1,GH82-31232D,1,0,0,0,0,0,0,0,0,0,0,0,0,0,0,0,0,0,0,0,0
1320295,3.55214E+14,RFCR305ZL4F,Samsung,SM-A326B/DS,Blue,,Mobile phone,SM-A326BZBUEUB,REPAIRED,L2,OCTA+BatterySim TrayFrame+BG,full refurb,GH97-25939C,1,GH82-25080C,1,GH96-14158A,1,GH63-19393C,1,GH82-25123A,1,GH82-25122A,1,0,0,0,0,0,0,0,0,0,0,0,0,0,0,0,0,0,0
1320296,3.51104E+14,R5CY42NKQ0Z,Samsung,SM-A166B/DS,Black,,Mobile phone,SM-A166BZKDEUB,REPAIRED,L2,OCTA+Battery+Frame+BG+FINGER PRINT+Sim Tray+ CAMERA DECO,Refurb,GH98-49824A,1,GH96-18396A,1,GH98-49822A,1,GH82-36030A,1,GH98-49821A,1,GH82-36143A,1,GH82-36145A,1,0,0,0,0,0,0,0,0,0,0,0,0,0,0,0,0
1320298,3.56924E+14,RZCX414YSDY,Samsung,SM-A156B/DSN,Blue,,Mobile phone,SM-A156BZBDEUB,REPAIRED,L2,OCTA+BatteryBG+Sim Tray+FINGER PRINT+ CAMERA DECO,RRefurb,GH82-33638A,1,GH82-33639A,1,GH82-33641D,1,GH82-33492D,1,GH98-48940D,1,GH96-16582D,1,GH98-48935A,1,GH96-16630A,1,0,0,0,0,0,0,0,0,0,0,0,0,0,0
1320300,3.56924E+14,RZCX409S8FJ,Samsung,SM-A156B/DSN,Blue,,Mobile phone,SM-A156BZBDEUB,REPAIRED,L2,OCTA+BatteryBG+Sim Tray+FINGER PRINT+ CAMERA DECO,Refurb,GH82-33492D,1,GH82-33641D,1,GH82-33639A,1,GH82-33638A,1,GH96-16630A,1,GH96-16582D,1,GH98-48940D,1,GH98-48935A,1,0,0,0,0,0,0,0,0,0,0,0,0,0,0
1320302,3.53792E+14,RZCX81AQ2LD,Samsung,SM-A156B/DSN,Black,,Mobile phone,SM-A156BZKDEUB,REPAIRED,L2,OCTA+BatteryBG+Sim Tray+FINGER PRINT+ CAMERA DECO,OCTA+BatteryBG+Sim Tray+FINGER PRINT+ CAMERA DECO,GH98-48940A,1,GH98-48935A,1,GH82-33641A,1,GH96-16630A,1,GH96-16582A,1,GH82-33639A,1,GH82-33638A,1,GH82-33492A,1,0,0,0,0,0,0,0,0,0,0,0,0,0,0
1320307,3.51104E+14,R5CY33BS86L,Samsung,SM-A166B/DS,Black,,Mobile phone,SM-A166BZKDEUB,REPAIRED,L2,OCTA+Battery+Frame+BG+FINGER PRINT+Sim Tray+ CAMERA DECO,Refurb,GH98-49822A,1,GH82-36143A,1,GH98-49824A,1,GH82-36145A,1,GH98-49821A,1,GH82-36030A,1,GH96-18396A,1,GH96-18449A,1,0,0,0,0,0,0,0,0,0,0,0,0,0,0
1320309,3.51166E+14,RFCX8066ZLD,Samsung,SM-A356B/DS,Light Blue,,Mobile phone,SM-A356BLBBEUB,REPAIRED,UB,OCTA+BatteryBG+Sim Tray,full refurb,GH82-34224A,1,GH82-34225B,1,GH82-34228A,1,GH82-33986B,1,GH96-16673A,1,GH98-48993B,1,GH82-34539A,1,0,0,0,0,0,0,0,0,0,0,0,0,0,0,0,0
1320341,3.52776E+14,RZCY425FVDY,Samsung,SM-A566B/DS,Grey,,Mobile phone,SM-A566BZACEUB,REPAIRED,UB,OLED+Frame+Battery+BG+Sim Tray+Repair Kits,"replaced the screen,frame,battery,cover,sim tray and usb port",GH82-36832A,1,GH82-36828B,1,GH82-36831A,1,GH82-36807B,1,GH98-49938B,1,GH82-36830A,1,GH96-19091A,1,GH82-36827A,1,0,0,0,0,0,0,0,0,0,0,0,0,0,0
1320346,3.52776E+14,RZCY31Z0CFY,Samsung,SM-A566B/DS,Grey,,Mobile phone,SM-A566BZACEUB,REPAIRED,UB,OLED+Frame+Battery+BG+Sim Tray+Repair Kits,full refurb,GH82-36831A,1,GH82-36807B,1,GH98-49938B,1,GH82-36827A,1,GH82-36832A,1,GH82-36828B,1,0,0,0,0,0,0,0,0,0,0,0,0,0,0,0,0,0,0
1320362,3.56597E+14,RZCY11TNYGM,Samsung,SM-S938B/DS,Black,,Mobile phone,SM-S938BZKGEUB,REPAIRED,UB,OLED+Frame+BG+Sim TraySpen+Repair Kits,Full refurb,GH82-36522A,1,GH82-36588A,1,GH82-36386A,1,GH82-36353D,1,GH82-36389A,1,GH98-49811A,1,GH96-18791A,1,GH96-18321A,1,GH82-36520A,1,0,0,0,0,0,0,0,0,0,0,0,0
1320364,3.5254E+14,R5CW117MBQV,Samsung,SM-S901B/DS,Light Violet,,Mobile phone,SM-S901BLVDEUB,REPAIRED,L2,OCTA+Battery+BG+Sim Tray,OCTA+Battery+BG+Sim Tray,GH98-47086G,1,GH82-27434J,1,GH82-27494A,1,GH82-27521G,1,0,0,0,0,0,0,0,0,0,0,0,0,0,0,0,0,0,0,0,0,0,0
1320366,3.50197E+14,RFCWA17HXTV,Samsung,SM-S918B/DS,Green,,Mobile phone,SM-S918BZGDEUB,REPAIRED,UB,OLED+Frame+BG+Sim TrayRepair Kits,refurbed,GH82-30400C,1,GH96-15658C,1,GH81-24724A,1,GH82-30459A,1,GH96-15833C,1,GH82-33783A,1,GH98-48039C,1,GH96-15621A,1,0,0,0,0,0,0,0,0,0,0,0,0,0,0
1320372,3.51337E+14,R5CX73L1PEE,Samsung,SM-F741B,Light Blue,512GB,Mobile phone,SM-F741BLBHEUE,REPAIRED,L2,OCTA+BG+Sub screenSim TrayRepair Kits,"Replaced the screen,frame,battery,cover and sim tray",GH82-35182C,1,GH98-49236C,1,GH97-30012C,1,GH82-35014C,1,GH82-35023A,1,GH82-35024A,1,GH82-35141A,1,0,0,0,0,0,0,0,0,0,0,0,0,0,0,0,0
1320377,3.53719E+14,RFCT30PPBKW,Samsung,SM-G990B/DS,Light Violet,,Mobile phone,SM-G990BLVDEUA,REPAIRED,L2,OCTA+BG+Sim Tray,Full refurb,GH82-26420D,1,GH82-26156D,1,GH82-26409A,1,GH98-46790D,1,GH96-14548A,1,0,0,0,0,0,0,0,0,0,0,0,0,0,0,0,0,0,0,0,0
1320379,3.58673E+14,R3CXB00N50R,Samsung,SM-S921B/DS,Grey,,Mobile phone,SM-S921BZADEUB,REPAIRED,UB,OLED+Frame+Battery+BG+Sim Tray+Repair Kits,OLED+Frame+Battery+BG+Sim Tray+Repair Kits,GH82-33418B,1,GH82-33290A,1,GH82-33295A,1,GH82-33286A,1,GH96-16507A,1,GH98-48906B,1,GH82-33101B,1,0,0,0,0,0,0,0,0,0,0,0,0,0,0,0,0
1320382,3.52757E+14,RZCR700PS8F,Samsung,SM-A526B/DS,Black,,Mobile phone,SM-A526BZKDEUA,REPAIRED,L2,OCTA+Battery+BG+Sim Tray,"replaced the screen,frame,battery,cover,sim tray and usb port",GH82-25754A,1,GH96-14374A,1,GH98-46290A,1,GH82-25225A,1,GH82-25231A,1,0,0,0,0,0,0,0,0,0,0,0,0,0,0,0,0,0,0,0,0
1320383,3.52353E+14,R3CW40E8LGT,Samsung,SM-S918B/DS,Black,,Mobile phone,SM-S918BZKDEUB,REPAIRED,UB,OLED+Frame+BG+Repair KitsSim Tray,"replaced the screen,frame,battery,cover,sim and s pen",GH96-15621A,1,GH98-48039A,1,GH96-15658A,1,GH82-30400A,1,GH82-30459A,1,GH96-15833A,1,GH81-24724A,1,GH82-33783A,1,0,0,0,0,0,0,0,0,0,0,0,0,0,0
1320385,3.55929E+14,R5CW606SQBF,Samsung,SM-S918B/DS,Black,,Mobile phone,SM-S918BZKDEUB,REPAIRED,UB,OLED+Frame+BG+Sim TrayRepair Kits,full refurb,GH82-33783A,1,GH81-24724A,1,GH96-15833A,1,GH82-30459A,1,GH82-30400A,1,GH96-15658A,1,GH98-48039A,1,GH96-15621A,1,0,0,0,0,0,0,0,0,0,0,0,0,0,0
1320399,3.56278E+14,RZCY31VT28R,Samsung,SM-S938B/DS,Grey,,Mobile phone,SM-S938BZTDEUB,REPAIRED,UB,grey+OLED+Frame+BG+Spen+Repair Kits,refurbed,GH82-36386A,1,GH82-36522A,1,GH82-36588A,1,GH82-36353A,1,GH96-18791A,1,GH82-36389A,1,GH96-18321A,1,0,0,0,0,0,0,0,0,0,0,0,0,0,0,0,0
1320404,3.56104E+14,R5CXC2BYM0P,Samsung,SM-S938B/DS,Black,,Mobile phone,SM-S938BZKHEUB,REPAIRED,UB,OLED+Frame+BG+Sim TraySpen+Repair Kits,Full refurb,GH82-36588A,1,GH82-36522A,1,GH82-36386A,1,GH82-36389A,1,GH98-49811A,1,GH82-36353D,1,GH96-18791A,1,0,0,0,0,0,0,0,0,0,0,0,0,0,0,0,0
1320409,3.53936E+14,R5CX92RQY8E,Samsung,SM-F741B,Light Blue,256GB,Mobile phone,SM-F741BLBGEUB,REPAIRED,L2,OCTA+BG+Sim TraySub screenRepair Kits,"replaced the screen,frame,batteries,cover and sim tray",GH82-35014C,1,GH82-35023A,1,GH82-35024A,1,GH82-35182C,1,GH98-49236C,1,GH97-30012C,1,GH82-35141A,1,0,0,0,0,0,0,0,0,0,0,0,0,0,0,0,0
1320411,3.51394E+14,R3CT90KVQEJ,Samsung,SM-S908B/DS,Black,128GB,Mobile phone,SM-S908BZKDEEB,REPAIRED,L2,replaced OCTA+Battery+BG+Sim Tray+Spen,replaced OCTA+Battery+BG+Sim Tray+Spen,GH96-15290A,1,GH96-14802A,1,GH98-47138A,1,GH82-27457A,1,GH82-27489A,1,GH82-27484A,1,0,0,0,0,0,0,0,0,0,0,0,0,0,0,0,0,0,0
1320416,3.55929E+14,RFCW819EY1N,Samsung,SM-S918B/DS,Green,,Mobile phone,SM-S918BZGDEUB,REPAIRED,UB,OLED+Frame+BG+Sim TrayRepair Kits,OLED+Frame+BG+Sim TrayRepair Kits,GH82-33783A,1,GH96-15621A,1,GH82-30459A,1,GH81-24724A,1,GH96-15658C,1,GH96-15833C,1,GH82-30400C,1,GH98-48039C,1,0,0,0,0,0,0,0,0,0,0,0,0,0,0
1320419,3.53074E+14,R5CT818LG0X,Samsung,SM-S908B/DS,Black,128GB,Mobile phone,SM-S908BZKDEUB,REPAIRED,L2,OCTA+Battery+BG+Sim Tray+Spen,replaced  OCTA+Battery+BG+Sim Tray+Spen,GH82-27489A,1,GH98-44781A,1,GH96-15290A,1,GH98-47138A,1,GH82-27457A,1,GH82-27484A,1,0,0,0,0,0,0,0,0,0,0,0,0,0,0,0,0,0,0
1320425,3.50197E+14,RFCW91PEGJX,Samsung,SM-S918B/DS,Green,,Mobile phone,SM-S918BZGDEUB,REPAIRED,UB,OLED+Frame+BG+Sim TrayRepair Kits,Full refurb,GH81-24723A,1,GH82-30459A,1,GH81-24724A,1,GH96-15658C,1,GH96-15833C,1,GH82-30400C,1,GH98-48039C,1,GH82-33783A,1,0,0,0,0,0,0,0,0,0,0,0,0,0,0
1320444,3.55002E+14,R5CR9320MLN,Samsung,SM-F711B,Light Violet,128GB,Mobile phone,SM-F711BLVAEUA,REPAIRED,UB,OCTA+Battery+Sub screen+BG+Sim Tray+Repair Kits,Full refurb,GH82-26293D,1,GH82-26271A,1,GH82-26270A,1,GH81-24939A,1,GH81-22922A,2,GH96-14432A,1,GH97-26773D,1,GH82-33949D,1,GH96-14408A,1,GH98-46768D,1,GH82-35108A,1,GH82-35107A,1,0,0,0,0,0,0
1320452,3.54484E+14,R5CTC1RJRYJ,Samsung,SM-S918B/DS,Green,,Mobile phone,SM-S918BZGHEUB,REPAIRED,UB,Black+OLED+Frame+BG+Sim TrayRepair Kits,Full refurb,GH82-30459A,1,GH81-24724A,1,GH96-15658C,1,GH96-15833C,1,GH82-30400C,1,GH98-48039C,1,GH96-15621A,1,GH82-33783A,1,0,0,0,0,0,0,0,0,0,0,0,0,0,0
1320455,3.52776E+14,RZCY216LR5A,Samsung,SM-A566B/DS,Grey,,Mobile phone,SM-A566BZKCEUB,REPAIRED,UB,OLED+Frame+Battery+BG+Sim Tray+Repair Kits+gray,full refurb,GH82-36832A,1,GH82-36827A,1,GH98-49938A,1,GH82-36807A,1,GH82-36831A,1,GH82-36828A,1,0,0,0,0,0,0,0,0,0,0,0,0,0,0,0,0,0,0
1320456,3.55916E+14,RZCX52A86CT,Samsung,SM-S711B/DS,Grey,,Mobile phone,SM-S711BZADEUB,REPAIRED,UB,OLED+Frame+Battery+BG+Sim Tray+Repair Kits,replaced  OLED+Frame+Battery+BG+Sim Tray+Repair Kits,GH82-32856A,1,GH82-33170A,1,GH82-32857A,1,GH82-32860A,1,GH98-48665A,1,GH82-32787A,1,0,0,0,0,0,0,0,0,0,0,0,0,0,0,0,0,0,0
1320458,3.55916E+14,RZCX51EDSJW,Samsung,SM-S711B/DS,Grey,,Mobile phone,SM-S711BZADEUB,REPAIRED,UB,.,Replaced OLED+Frame+Battery+BG+Sim Tray+Repair Kits,GH82-32856A,1,GH82-33170A,1,GH82-32857A,1,GH82-32860A,1,GH98-48665A,1,GH82-32787A,1,GH96-16217A,1,GH96-16237A,1,0,0,0,0,0,0,0,0,0,0,0,0,0,0
1320465,3.51729E+14,RZCY5080W8K,Samsung,SM-A266B/DS,White,,Mobile phone,SM-A266BZWCEUB,REPAIRED,L2,OCTA+Battery+BG+Sim Tray+Repair Kits,replaced OCTA+Battery+BG+Sim Tray+Repair Kits,GH82-37053A,1,GH82-37049B,1,GH98-50024B,1,GH82-37020B,1,GH96-19386A,1,0,0,0,0,0,0,0,0,0,0,0,0,0,0,0,0,0,0,0,0
1320469,3.51729E+14,R5CY62P97LL,Samsung,SM-A266B/DS,Light Green,,Mobile phone,SM-A266BLGCEUB,REPAIRED,L2,OCTA+Battery+BG+Sim Tray+Repair Kits,replaced  OCTA+Battery+BG+Sim Tray+Repair Kits,GH98-50024C,1,GH82-37053A,1,GH96-19386A,1,GH82-37049C,1,GH82-37020C,1,0,0,0,0,0,0,0,0,0,0,0,0,0,0,0,0,0,0,0,0
1320472,3.51328E+14,RFCR1193PVK,Samsung,SM-G781B/DS,Green,,Mobile phone,SM-G781BZGDEUA,REPAIRED,L2,OCTA+Battery+Sim Tray+BG,Full refurb,GH96-13848A,1,GH98-46007D,1,GH82-24223D,1,GH82-24205A,1,GH82-31321D,1,0,0,0,0,0,0,0,0,0,0,0,0,0,0,0,0,0,0,0,0
1320474,3.54709E+14,R5CW20W0W9Z,Samsung,SM-S916B/DS,Light Pink,,Mobile phone,SM-S916BLIDEUB,REPAIRED,UB,OLED+Frame+BG+Battery+Sim Tray+Repair Kits,OLED+Frame+BG+Battery+Sim Tray+Repair Kits,GH98-47996D,1,GH82-30388D,1,GH82-31249A,1,GH82-30555A,1,GH82-30470A,1,GH96-15838D,1,0,0,0,0,0,0,0,0,0,0,0,0,0,0,0,0,0,0
1320475,3.55195E+14,RZCX20E0CVE,Samsung,SM-S711B/DS,Grey,,Mobile phone,SM-S711BZADEUB,REPAIRED,UB,OLED+Frame+Battery+BG+Sim Tray+Repair Kits,OLED+Frame+Battery+BG+Sim Tray+Repair Kits,GH82-32787A,1,GH82-32857A,1,GH82-32856A,1,GH98-48665A,1,GH82-33170A,1,GH82-32860A,1,0,0,0,0,0,0,0,0,0,0,0,0,0,0,0,0,0,0
1320476,3.55916E+14,RZCX412NQ0B,Samsung,SM-S711B/DS,Grey,,Mobile phone,SM-S711BZADEUB,REPAIRED,UB,OLED+Frame+Battery+BG+Sim Tray+Repair Kits,OLED+Frame+Battery+BG+Sim Tray+Repair Kits,GH82-32860A,1,GH82-33170A,1,GH82-32787A,1,GH98-48665A,1,GH96-16210A,1,GH96-16213A,1,GH96-16211A,1,GH82-32856A,1,GH82-32857A,1,0,0,0,0,0,0,0,0,0,0,0,0
1320478,3.50078E+14,R5CTA39FQ0Y,Samsung,SM-F721B,Light Violet,128GB,Mobile phone,SM-F721BLVGEUB,REPAIRED,L2,OCTA+Battery+Sub screen+BG+Sim Tray+Repair Kits,OCTA+Battery+Sub screen+BG+Sim Tray+Repair Kits,GH82-29433A,1,GH82-30238B,1,GH82-29434A,1,GH97-27947B,1,GH81-24714A,1,GH98-47715B,1,GH82-29298B,1,0,0,0,0,0,0,0,0,0,0,0,0,0,0,0,0
1320479,3.55916E+14,RZCX525VHTE,Samsung,SM-S711B/DS,Grey,,Mobile phone,SM-S711BZADEUB,REPAIRED,UB,OLED+Frame+Battery+BG+Sim Tray+Repair Kits,Replaced  OLED+Frame+Battery+BG+Sim Tray+Repair Kits,GH82-32857A,1,GH82-32860A,1,GH82-32787A,1,GH98-48665A,1,GH82-33170A,1,GH82-32856A,1,0,0,0,0,0,0,0,0,0,0,0,0,0,0,0,0,0,0
1320480,3.50078E+14,R5CTA1R08BT,Samsung,SM-F721B,Light Violet,128GB,Mobile phone,SM-F721BLVGEUB,REPAIRED,L2,OCTA+Battery+Sub screen+BG+Sim Tray+Repair Kits,OCTA+Battery+Sub screen+BG+Sim Tray+Repair Kits,GH82-29298B,1,GH82-29434A,1,GH98-47715B,1,GH97-27947B,1,GH81-24714A,1,GH82-29433A,1,GH82-30238B,1,0,0,0,0,0,0,0,0,0,0,0,0,0,0,0,0
1320482,3.50078E+14,R5CTA273F9T,Samsung,SM-F721B,Light Violet,128GB,Mobile phone,SM-F721BLVGEUB,REPAIRED,L2,OCTA+Battery+Sub screen+BG+Sim Tray+Repair Kits,OCTA+Battery+Sub screen+BG+Sim Tray+Repair Kits,GH82-29298B,1,GH98-47715B,1,GH82-30238B,1,GH81-22424A,2,GH82-29433A,1,GH82-29434A,1,GH97-27947B,1,GH81-24714A,1,0,0,0,0,0,0,0,0,0,0,0,0,0,0
1320483,3.50683E+14,R5CX233GWGD,Samsung,SM-S928B/DS,Black,,Mobile phone,SM-S928BZKGEUB,REPAIRED,UB,OLED+Frame+BG+Battery+Sim Tray+Repair Kits+Spen,OLED+Frame+BG+Battery+Sim Tray+Repair Kits+Spen,GH82-33399B,1,GH82-33385A,1,GH82-33387A,1,GH82-33544A,1,GH82-33349B,1,GH98-48962B,1,GH96-16577B,1,0,0,0,0,0,0,0,0,0,0,0,0,0,0,0,0
1320486,3.50078E+14,R5CTA273JVF,Samsung,SM-F721B,Light Violet,128GB,Mobile phone,SM-F721BLVGEUB,REPAIRED,L2,OCTA+Battery+Sub screen+BG+Sim Tray+Repair Kits,OCTA+Battery+Sub screen+BG+Sim Tray+Repair Kits,GH82-29434A,1,GH82-29433A,1,GH98-47715B,1,GH82-29298B,1,GH97-27947B,1,GH81-24714A,1,GH82-30238B,1,0,0,0,0,0,0,0,0,0,0,0,0,0,0,0,0
1320487,3.50078E+14,R5CTC1EH8JZ,Samsung,SM-F721B,Light Violet,128GB,Mobile phone,SM-F721BLVGEUB,REPAIRED,L2,OCTA+Battery+Sub screen+BG+Sim Tray+Repair Kits,OCTA+Battery+Sub screen+BG+Sim Tray+Repair Kits,GH98-47715B,1,GH82-29298B,1,GH81-24714A,1,GH97-27947B,1,GH82-30238B,1,GH82-29433A,1,GH82-29434A,1,0,0,0,0,0,0,0,0,0,0,0,0,0,0,0,0
1320488,3.55195E+14,R5CWC34P0EJ,Samsung,SM-S711B/DS,Grey,,Mobile phone,SM-S711BZADEUB,REPAIRED,UB,OLED+Frame+Battery+BG+Sim Tray+Repair Kits,OLED+Frame+Battery+BG+Sim Tray+Repair Kits,GH82-32787A,1,GH98-48665A,1,GH82-32856A,1,GH82-32857A,1,GH82-32860A,1,GH82-33170A,1,0,0,0,0,0,0,0,0,0,0,0,0,0,0,0,0,0,0
1320490,3.51729E+14,R5CY62RJLTM,Samsung,SM-A266B/DS,Light Green,,Mobile phone,SM-A266BLGCEUB,REPAIRED,L2,OCTA+Battery+BG+Sim Tray+Repair Kits,replaced  OCTA+Battery+BG+Sim Tray+Repair Kits,GH82-37020C,1,GH98-50024C,1,GH82-37049C,1,GH96-19386A,1,GH82-37053A,1,0,0,0,0,0,0,0,0,0,0,0,0,0,0,0,0,0,0,0,0
1320492,3.51729E+14,R5CY62P9BTN,Samsung,SM-A266B/DS,Light Green,,Mobile phone,SM-A266BLGCEUB,REPAIRED,L2,OCTA+Battery+BG+Sim Tray+Repair Kits,replaced  OCTA+Battery+BG+Sim Tray+Repair Kits,GH82-37053A,1,GH96-19386A,1,GH98-50024C,1,GH82-37049C,1,GH82-37020C,1,0,0,0,0,0,0,0,0,0,0,0,0,0,0,0,0,0,0,0,0
1320496,3.51558E+14,RFCY80DWZWA,Samsung,SM-A366B/DS,Light Violet,,Mobile phone,SM-A366BLVGEUB,REPAIRED,L2,OCTA+BG+Sim TrayRepair Kits,"Replaced the screen,frame,battery,cover,sim tray and usb port",GH98-49933D,1,GH82-36830A,1,GH96-19348A,1,GH82-36804D,1,GH82-36843A,1,GH82-36841D,1,0,0,0,0,0,0,0,0,0,0,0,0,0,0,0,0,0,0
1320497,3.51064E+14,RFCW915Q9YA,Samsung,SM-S911B/DS,Light Pink,,Mobile phone,SM-S911BLIDEUB,REPAIRED,UB,OLED+Frame+BG+Battery+Sim Tray+Repair Kits,replaced  OLED+Frame+BG+Battery+Sim Tray+Repair Kits,GH82-31245A,1,GH82-30551A,1,GH98-47996D,1,GH82-30393D,1,GH96-15624D,1,GH82-30483A,1,0,0,0,0,0,0,0,0,0,0,0,0,0,0,0,0,0,0
1320498,3.51448E+14,RZCY50R225A,Samsung,SM-A566B/DS,Grey,,Mobile phone,SM-A566BZKCEUB,REPAIRED,UB,OLED+Frame+Battery+BG+Sim Tray+Repair Kits+gray,Full refurb,GH82-36827A,1,GH82-36832A,1,GH82-36828A,1,GH82-36831A,1,GH82-36807A,1,GH98-49938A,1,0,0,0,0,0,0,0,0,0,0,0,0,0,0,0,0,0,0
1320515,3.52353E+14,R3CWB0CQSSH,Samsung,SM-S918B/DS,Black,,Mobile phone,SM-S918BZKDEUB,REPAIRED,UB,OLED+Frame+Battery+BG+Sim Tray+Spen+Repair Kits,refurbed,GH98-48039A,1,GH96-15658A,1,GH82-33783A,1,GH81-24724A,1,GH82-30400A,1,GH96-15833A,1,GH82-30459A,1,0,0,0,0,0,0,0,0,0,0,0,0,0,0,0,0
1320518,3.52353E+14,R3CW80LB8LX,Samsung,SM-S918B/DS,Black,,Mobile phone,SM-S918BZKDEUB,REPAIRED,UB,OLED+Frame+Battery+BG+Sim Tray+Spen+Repair Kits,OLED+Frame+Battery+BG+Sim Tray+Spen+Repair Kits,GH81-24724A,1,GH96-15658A,1,GH98-48039A,1,GH82-30400A,1,GH82-33783A,1,GH82-30459A,1,GH96-15833A,1,0,0,0,0,0,0,0,0,0,0,0,0,0,0,0,0
1320519,3.50197E+14,RFCW91GP9XZ,Samsung,SM-S918B/DS,Black,,Mobile phone,SM-S918BZKDEUB,REPAIRED,UB,OLED+Frame+Battery+BG+Sim Tray+Spen+Repair Kits,refurbed,GH96-15658A,1,GH98-48039A,1,GH82-30459A,1,GH82-30400A,1,GH82-33783A,1,GH81-24724A,1,GH96-15833A,1,0,0,0,0,0,0,0,0,0,0,0,0,0,0,0,0
1320520,3.50197E+14,RFCWA0YQ0RF,Samsung,SM-S918B/DS,Black,,Mobile phone,SM-S918BZKDEUB,REPAIRED,UB,OLED+Frame+Battery+BG+Sim Tray+Spen+Repair Kits,OLED+Frame+Battery+BG+Sim Tray+Spen+Repair Kits,GH96-15621A,1,GH96-15658A,1,GH82-30400A,1,GH98-48039A,1,GH82-30459A,1,GH96-15833A,1,GH82-33783A,1,GH81-24724A,1,0,0,0,0,0,0,0,0,0,0,0,0,0,0
1320523,3.55929E+14,R5CW522K2YT,Samsung,SM-S918B/DS,Black,,Mobile phone,SM-S918BZKDEUB,REPAIRED,UB,OLED+Frame+Battery+BG+Sim Tray+Spen+Repair Kits,OLED+Frame+Battery+BG+Sim Tray+Spen+Repair Kits,GH82-30400A,1,GH82-30459A,1,GH96-15833A,1,GH82-33783A,1,GH81-24724A,1,GH96-15621A,1,GH96-15658A,1,GH98-48039A,1,0,0,0,0,0,0,0,0,0,0,0,0,0,0
1320525,3.5308E+14,R5CX53314BA,Samsung,SM-S918B/DS,Black,,Mobile phone,SM-S918BZKDEEB,REPAIRED,UB,OLED+Frame+Battery+BG+Sim Tray+Spen+Repair Kits,refurbed,GH82-33783A,1,GH81-24724A,1,GH96-15833A,1,GH82-30459A,1,GH82-30400A,1,GH98-48039A,1,GH96-15658A,1,0,0,0,0,0,0,0,0,0,0,0,0,0,0,0,0
1320526,3.55929E+14,RFCW10TMTFZ,Samsung,SM-S918B/DS,Black,,Mobile phone,SM-S918BZKDEUB,REPAIRED,UB,OLED+Frame+Battery+BG+Sim Tray+Spen+Repair Kits,Full Refurb,GH82-30400A,1,GH82-30459A,1,GH96-15833A,1,GH82-33783A,1,GH81-24724A,1,GH96-15621A,1,GH96-15658A,1,GH98-48039A,1,0,0,0,0,0,0,0,0,0,0,0,0,0,0
1320528,3.52353E+14,R3CW40LZQ9P,Samsung,SM-S918B/DS,Black,,Mobile phone,SM-S918BZKDEUB,REPAIRED,UB,OLED+Frame+Battery+BG+Sim Tray+Spen+Repair Kits,refurbed,GH81-24724A,1,GH82-33783A,1,GH96-15833A,1,GH82-30459A,1,GH98-48039A,1,GH82-30400A,1,GH96-15658A,1,GH96-15621A,1,0,0,0,0,0,0,0,0,0,0,0,0,0,0
1320554,3.52433E+14,RZCX410JM1X,Samsung,SM-S921B/DS,Violet,,Mobile phone,SM-S921BZVDEUB,REPAIRED,UB,OLED+Frame+Battery+BG+Sim TrayRepair Kits,"replaced the screen,frame,battery,cover,sim tray and usb port",GH82-33286A,1,GH82-33295A,1,GH82-33418C,1,GH82-33290A,1,GH82-33101C,1,GH98-48906C,1,GH96-16507A,1,GH59-15732A,1,0,0,0,0,0,0,0,0,0,0,0,0,0,0
1320557,3.54741E+14,RZCX31GAYXL,Samsung,SM-S928B/DS,Titanium,,Mobile phone,SM-S928BZTGEUB,REPAIRED,UB,Oled+Frame+Cover+Sim Tray,"replaced the screen,frame,battery,cover,sim tray,spen and front cam",GH82-33385A,1,GH82-33544A,1,GH82-33399A,1,GH82-33387A,1,GH82-33349A,1,GH98-48962A,1,GH96-16497A,1,GH96-16577A,1,GH96-16299A,1,0,0,0,0,0,0,0,0,0,0,0,0
1320558,3.51885E+14,RFCX20VGSGR,Samsung,SM-S928B/DS,Titanium,,Mobile phone,SM-S928BZTGEUE,REPAIRED,UB,Oled+Frame=Cover+Sim Tray,"Replaced the screen,frame,battery,cover,sim tray and s pen",GH96-16577A,1,GH96-16497A,1,GH98-48962A,1,GH82-33349A,1,GH82-33387A,1,GH82-33399A,1,GH82-33544A,1,GH82-33385A,1,0,0,0,0,0,0,0,0,0,0,0,0,0,0
1320559,3.51558E+14,RZCY611FSXJ,Samsung,SM-A366B/DS,Black,,Mobile phone,SM-A366BZKGEUB,REPAIRED,L2,OCTA+BG+Sim TrayRepair Kits,OCTA+BG+Sim TrayRepair Kits,GH82-36843A,1,GH82-36804A,1,GH98-49933A,1,GH82-36841A,1,0,0,0,0,0,0,0,0,0,0,0,0,0,0,0,0,0,0,0,0,0,0
1320560,3.51558E+14,RZCY611FRSW,Samsung,SM-A366B/DS,Black,,Mobile phone,SM-A366BZKGEUB,REPAIRED,L2,OCTA+BG+Sim TrayRepair Kits,OCTA+BG+Sim TrayRepair Kits,GH98-49933A,1,GH82-36804A,1,GH82-36841A,1,GH82-36843A,1,0,0,0,0,0,0,0,0,0,0,0,0,0,0,0,0,0,0,0,0,0,0
1320561,3.51558E+14,RZCY611HR5H,Samsung,SM-A366B/DS,Black,,Mobile phone,SM-A366BZKGEUB,REPAIRED,L2,OCTA+BG+Sim TrayRepair Kits,OCTA+BG+Sim TrayRepair Kits,GH82-36843A,1,GH82-36841A,1,GH82-36804A,1,GH98-49933A,1,GH82-36830A,1,0,0,0,0,0,0,0,0,0,0,0,0,0,0,0,0,0,0,0,0
1320563,3.51558E+14,RFCY807VFKV,Samsung,SM-A366B/DS,Black,,Mobile phone,SM-A366BZKGEUB,REPAIRED,L2,OCTA+BG+Sim TrayRepair Kits,OCTA+BG+Sim TrayRepair Kits,GH98-49933A,1,GH82-36804A,1,GH82-36843A,1,GH82-36841A,1,0,0,0,0,0,0,0,0,0,0,0,0,0,0,0,0,0,0,0,0,0,0
1320564,3.51729E+14,R5CY41RPKHW,Samsung,SM-A266B/DS,Black,,Mobile phone,SM-A266BZKCEUB,REPAIRED,L2,OCTA+BG+Sim TrayRepair Kits,OCTA+BG+Sim TrayRepair Kits,GH96-19386A,1,GH98-50024A,1,GH82-37020A,1,GH82-37053A,1,GH82-37049A,1,0,0,0,0,0,0,0,0,0,0,0,0,0,0,0,0,0,0,0,0
1320566,3.52353E+14,R3CW50DHCEF,Samsung,SM-S918B/DS,Black,,Mobile phone,SM-S918BZKDEUB,REPAIRED,UB,Oled+Frame+Cover+Sim Tray+S-Pen,"Replaced the screen,frame,battery,cover,sim tray,spen and usb port",GH96-15658A,1,GH96-15621A,1,GH98-48039A,1,GH82-30400A,1,GH82-30459A,1,GH96-15833A,1,GH82-33783A,1,GH81-24724A,1,0,0,0,0,0,0,0,0,0,0,0,0,0,0
1320567,3.52353E+14,R3CW30LKLBP,Samsung,SM-S918B/DS,Black,,Mobile phone,SM-S918BZKDEUB,REPAIRED,UB,Oled+Frame+Cover+Sim Tray+S-Pen,"replaced the screen,frame,battery,cover,sim tray and s pen",GH82-33783A,1,GH81-24724A,1,GH96-15833A,1,GH82-30459A,1,GH82-30400A,1,GH96-15658A,1,GH98-48039A,1,GH96-15621A,1,0,0,0,0,0,0,0,0,0,0,0,0,0,0
1320568,3.52353E+14,R3CW40EAHQV,Samsung,SM-S918B/DS,Black,,Mobile phone,SM-S918BZKDEUB,REPAIRED,UB,Oled+Frame+Cover+S-Pen+Sim Tray,"replaced the screen,frame,battery,cover,sim tray,spen and usb port",GH81-24724A,1,GH82-33783A,1,GH96-15833A,1,GH82-30459A,1,GH82-30400A,1,GH96-15658A,1,GH98-48039A,1,GH96-15621A,1,0,0,0,0,0,0,0,0,0,0,0,0,0,0
1320569,3.52353E+14,R3CW40LZ2GE,Samsung,SM-S918B/DS,Black,,Mobile phone,SM-S918BZKDEUB,REPAIRED,UB,Oled+Frame+Cover+Sim TRay,Oled+Frame+Cover+Sim TRay,GH82-33783A,1,GH96-15833A,1,GH82-30459A,1,GH81-24724A,1,GH82-30400A,1,GH96-15658A,1,GH98-48039A,1,GH96-15621A,1,0,0,0,0,0,0,0,0,0,0,0,0,0,0
1320584,3.54819E+14,R5CYA1YY42B,Samsung,SM-A176B/DS,Black,,Mobile phone,SM-A176BZKAEUB,REPAIRED,L2,Octa+Frame+Cover+Camera Deco+Sim Tray,refurbed,GH98-50411A,1,GH98-50471A,1,GH82-38039A,1,GH98-50510A,1,GH82-38076A,1,GH82-38045A,1,0,0,0,0,0,0,0,0,0,0,0,0,0,0,0,0,0,0
1320585,3.58135E+14,R83W80Z1H1Y,Samsung,SM-A145R/DSN,Black,,Mobile phone,SM-A145RZKUEUB,REPAIRED,L2,Octa+Cover+Camera Deco+Sim Tray,refurbed,GH81-23536A,1,GH81-23521A,1,GH81-23531A,1,GH81-23515A,1,GH81-23541A,1,GH81-23539A,1,GH81-23510A,1,0,0,0,0,0,0,0,0,0,0,0,0,0,0,0,0
1320586,3.54819E+14,R5CYA2A4WHW,Samsung,SM-A176B/DS,Black,,Mobile phone,SM-A176BZKAEUB,REPAIRED,L2,Full Refurb,Full Refurb,GH98-50411A,1,GH98-50510A,1,GH82-38039A,1,GH82-38076A,1,GH82-38045A,1,GH98-50471A,1,GH96-20406A,1,0,0,0,0,0,0,0,0,0,0,0,0,0,0,0,0
1320587,3.50043E+14,R5CY9285C1K,Samsung,SM-A176B/DS,Black,,Mobile phone,SM-A176BZKAEUB,REPAIRED,L2,Full Refurb,Full Refurb,GH82-38039A,1,GH82-38076A,1,GH82-38045A,1,GH98-50510A,1,GH98-50411A,1,GH98-50471A,1,0,0,0,0,0,0,0,0,0,0,0,0,0,0,0,0,0,0
1320588,3.50043E+14,R5CY84DE1TA,Samsung,SM-A176B/DS,Black,,Mobile phone,SM-A176BZKAEUB,REPAIRED,L2,Full Refurb,Full Refurb,GH98-50471A,1,GH98-50411A,1,GH98-50510A,1,GH82-38039A,1,GH82-38076A,1,GH82-38045A,1,0,0,0,0,0,0,0,0,0,0,0,0,0,0,0,0,0,0
1320591,3.58671E+14,R8YWC061K8B,Samsung,SM-A145R/DSN,Silver,,Mobile phone,SM-A145RZSUEUB,REPAIRED,L2,Octa+Cover+Camera Deco+Sim TRay+Fingerprint,refurbed,GH81-23515A,1,GH81-23530A,1,GH81-23522A,1,GH81-23537A,1,GH81-23510A,1,GH81-23539A,1,GH81-23541A,1,0,0,0,0,0,0,0,0,0,0,0,0,0,0,0,0
1320594,3.51031E+14,R5CY7133QMR,Samsung,SM-A156E/DSN,Black,,Mobile phone,SM-A156EZKDMDA,REPAIRED,L2,OCTA+BG+FINGER PRINTSim Tray++ CAMERA DECO,refurb,GH82-33637A,1,GH82-33639A,1,GH96-16582A,1,GH98-48940A,1,GH98-48935A,1,GH82-33492A,1,GH82-33641A,1,0,0,0,0,0,0,0,0,0,0,0,0,0,0,0,0
1320597,3.58671E+14,R8YWB1BVJBV,Samsung,SM-A145R/DSN,Black,,Mobile phone,SM-A145RZKUEUB,REPAIRED,L2,Octa+Cover+Camera Deco+Sim Tray+Fingerprint,refurbed,GH81-23541A,1,GH81-23539A,1,GH81-23510A,1,GH81-23536A,1,GH81-23521A,1,GH81-23531A,1,GH81-23515A,1,0,0,0,0,0,0,0,0,0,0,0,0,0,0,0,0
1320601,3.52555E+14,R8YW50AKDLH,Samsung,SM-A145R/DSN,Black,,Mobile phone,SM-A145RZKUEUB,REPAIRED,L2,Octa+Cover+Camera Deco+Sim Tray+Fingerprint,refurbed,GH81-23541A,1,GH81-23539A,1,GH81-23510A,1,GH81-23536A,1,GH81-23521A,1,GH81-23531A,1,GH81-23515A,1,0,0,0,0,0,0,0,0,0,0,0,0,0,0,0,0
1320604,3.53195E+14,R8YW9131LQB,Samsung,SM-A145R/DSN,Black,,Mobile phone,SM-A145RZKUEUB,REPAIRED,L2,Octa+Cover+Camera Deco+Sim Tray+Fingerprint,refurbed,GH81-23541A,1,GH81-23539A,1,GH81-23510A,1,GH81-23536A,1,GH81-23521A,1,GH81-23531A,1,GH81-23515A,1,0,0,0,0,0,0,0,0,0,0,0,0,0,0,0,0
1320605,3.51104E+14,R5CY23EGBTK,Samsung,SM-A166B/DS,Grey,,Mobile phone,SM-A166BZADEUB,REPAIRED,L2,Full Refurb,Full Refurb,GH82-36030B,1,GH82-36145A,1,GH82-36143A,1,GH98-49821B,1,GH98-49824A,1,GH98-49822B,1,GH96-18449A,1,0,0,0,0,0,0,0,0,0,0,0,0,0,0,0,0
1320606,3.55929E+14,R5CW602RK8J,Samsung,SM-S918B/DS,Green,,Mobile phone,SM-S918BZGDEUB,REPAIRED,UB,Oled+Frame+Cover+Sim Tray,"replaced the screen,frame,battery,cover,sim tray,usb port and s pen",GH96-15621A,1,GH98-48039C,1,GH96-15658C,1,GH82-30400C,1,GH82-30459A,1,GH82-33783A,1,GH81-24724A,1,GH96-15833C,1,0,0,0,0,0,0,0,0,0,0,0,0,0,0
1320610,3.51337E+14,R5CX7029LJN,Samsung,SM-F741B,Light Blue,512GB,Mobile phone,SM-F741BLBHEUB,REPAIRED,L2,octa,refurbed,GH82-35141A,1,GH82-35143A,1,GH97-30012C,1,GH82-35182C,1,GH82-35023A,1,GH82-35024A,1,GH82-35014C,1,0,0,0,0,0,0,0,0,0,0,0,0,0,0,0,0
1320612,3.51104E+14,R5CY60Y8MEF,Samsung,SM-A166B/DS,Grey,,Mobile phone,SM-A166BZADEUB,REPAIRED,L2,OCTA+Frame+Battery+BG+FINGER PRINT+Sim Tray+ CAMERA DECO,OCTA+Frame+Battery+BG+FINGER PRINT+Sim Tray+ CAMERA DECO,GH96-18449A,1,GH98-49822B,1,GH98-49824A,1,GH98-49821B,1,GH82-36030B,1,GH82-36145A,1,GH82-36143A,1,0,0,0,0,0,0,0,0,0,0,0,0,0,0,0,0
1320615,3.51104E+14,R5CY52L279V,Samsung,SM-A166B/DS,Grey,,Mobile phone,SM-A166BZADEUB,REPAIRED,L2,Full Refurb,Full Refurb,GH82-36143A,1,GH82-36145A,1,GH82-36030B,1,GH98-49822B,1,GH98-49824A,1,GH98-49821B,1,GH96-18449A,1,0,0,0,0,0,0,0,0,0,0,0,0,0,0,0,0
1320616,3.52623E+14,R5CXA4LFQKK,Samsung,SM-A166B/DS,Grey,,Mobile phone,SM-A166BZADEUB,REPAIRED,L2,Full Refurb,Full Refurb,GH82-36145A,1,GH82-36030B,1,GH98-49821B,1,GH98-49824A,1,GH98-49822B,1,GH82-36143A,1,GH96-18449A,1,0,0,0,0,0,0,0,0,0,0,0,0,0,0,0,0
1320618,3.53195E+14,R8YW912LBCY,Samsung,SM-A145R/DSN,Black,,Mobile phone,SM-A145RZKUEUB,REPAIRED,L2,Octa+Cover+Camera Deco+Sim Tray+Fingerprint,refurbed,GH81-23515A,1,GH81-23531A,1,GH81-23521A,1,GH81-23536A,1,GH81-23510A,1,GH81-23539A,1,GH81-23541A,1,0,0,0,0,0,0,0,0,0,0,0,0,0,0,0,0
1320619,3.56681E+14,R8YWB1146AM,Samsung,SM-A145R/DSN,Black,,Mobile phone,SM-A145RZKUEUE,REPAIRED,L2,Octa+Cover+Camera Deco+Sim TRAY,refurbed,GH81-23541A,1,GH81-23539A,1,GH81-23510A,1,GH81-23536A,1,GH81-23531A,1,GH81-23521A,1,GH81-23515A,1,0,0,0,0,0,0,0,0,0,0,0,0,0,0,0,0
1320621,3.50043E+14,R5CY80VCGPA,Samsung,SM-A176B/DS,Blue,,Mobile phone,SM-A176BZBAEUB,REPAIRED,L2,"[Defect HW, SW, App]",replaced Octa+Frame+Cover+Camera Deco+Sim Tray,GH82-38045A,1,GH82-38076A,1,GH82-38039C,1,GH98-50471C,1,GH98-50411C,1,GH98-50510C,1,GH96-20406C,1,GH96-19395A,1,GH96-18436A,1,0,0,0,0,0,0,0,0,0,0,0,0
1320622,3.56681E+14,R8YWA12CSXP,Samsung,SM-A145R/DSN,Black,,Mobile phone,SM-A145RZKUEUE,REPAIRED,L2,Octa+Cover+Camera Deco+Sim Tray+Fingerprint+LDI Triggered,refurb,GH81-23515A,1,GH81-23521A,1,GH81-23510A,1,GH81-23536A,1,GH81-23531A,1,GH81-23539A,1,GH81-23541A,1,0,0,0,0,0,0,0,0,0,0,0,0,0,0,0,0
1320623,3.51885E+14,RFCX115BGWV,Samsung,SM-S928B/DS,Black,,Mobile phone,SM-S928BZKGEUB,REPAIRED,UB,Oled+Frame+Cover+Sim Tray+S-Pen,"Replaced the screen,frame,battery,cover,sim tray and s pen",GH98-48962B,1,GH96-16497A,1,GH82-33385A,1,GH82-33544A,1,GH82-33399B,1,GH82-33387A,1,GH82-33349B,1,GH96-16577B,1,0,0,0,0,0,0,0,0,0,0,0,0,0,0
1320628,3.54484E+14,R5CW127MNYJ,Samsung,SM-S918B/DS,Green,,Mobile phone,SM-S918BZGHEUB,REPAIRED,UB,Oled+Frame+Cover+S-Pen+Sim Tray,Oled+Frame+Cover+S-Pen+Sim Tray,GH98-48039C,1,GH96-15658C,1,GH82-30400C,1,GH81-24724A,1,GH82-30459A,1,GH96-15833C,1,GH82-33783A,1,GH96-15621A,1,0,0,0,0,0,0,0,0,0,0,0,0,0,0
1320629,3.52623E+14,R5CXA3FEMDV,Samsung,SM-A166B/DS,Grey,,Mobile phone,SM-A166BZADEUB,REPAIRED,L2,Full Refurb,Full Refurb,GH96-18449A,1,GH98-49822B,1,GH82-36145A,1,GH82-36143A,1,GH82-36030B,1,GH98-49821B,1,GH98-49824A,1,0,0,0,0,0,0,0,0,0,0,0,0,0,0,0,0
1320630,3.53521E+14,RZCY115LMAK,Samsung,SM-A166B/DS,Grey,,Mobile phone,SM-A166BZADEUB,REPAIRED,L2,OCTA+BG+Sim TrayFINGER PRINT+ CAMERA DECO,OCTA+BG+Sim TrayFINGER PRINT+ CAMERA DECO,GH82-36143A,1,GH82-36145A,1,GH82-36030B,1,GH96-18449A,1,GH98-49822B,1,GH96-18396B,1,GH98-49824A,1,GH98-49821B,1,0,0,0,0,0,0,0,0,0,0,0,0,0,0
1320633,3.52623E+14,R5CXB242TEL,Samsung,SM-A166B/DS,Light Green,,Mobile phone,SM-A166BLGDEUB,REPAIRED,L2,OCTA+BG+Sim TrayFINGER PRINTSim Tray+ CAMERA DECO,OCTA+BG+Sim TrayFINGER PRINTSim Tray+ CAMERA DECO,GH98-49824A,1,GH96-18449A,1,GH96-18396C,1,GH98-49822D,1,GH82-36143A,1,GH82-36145A,1,GH82-36030D,1,GH98-49821D,1,0,0,0,0,0,0,0,0,0,0,0,0,0,0
1320635,3.57067E+14,RZCY617TCDM,Samsung,SM-S721B/DS,Black,,Mobile phone,SM-S721BZKDEUB,REPAIRED,UB,Oled+Frame+Cover+Sim Tray,Full refurb,GH82-35850A,1,GH82-35930A,1,GH82-35851A,1,GH82-35853A,1,GH82-35832A,1,GH98-49571A,1,0,0,0,0,0,0,0,0,0,0,0,0,0,0,0,0,0,0
1320636,3.57067E+14,RZCY201DJMA,Samsung,SM-S721B/DS,Light Blue,,Mobile phone,SM-S721BLBDEUB,REPAIRED,UB,Oled+Frame+Cover+Sim Tray,Full refurb,GH98-49571B,1,GH82-35832E,1,GH82-35851B,1,GH82-35930A,1,GH82-35850A,1,GH82-35853A,1,0,0,0,0,0,0,0,0,0,0,0,0,0,0,0,0,0,0
1320637,3.53521E+14,RZCY12JL1EB,Samsung,SM-A166B/DS,Grey,,Mobile phone,SM-A166BZADEUB,REPAIRED,L2,OCTA+BG+FINGER PRINTSim Tray+ CAMERA DECO,OCTA+BG+FINGER PRINTSim Tray+ CAMERA DECO,GH82-36143A,1,GH98-49822B,1,GH96-18396B,1,GH96-18449A,1,GH82-36145A,1,GH98-49821B,1,GH82-36030B,1,GH98-49824A,1,0,0,0,0,0,0,0,0,0,0,0,0,0,0
1320638,3.53521E+14,RZCXB1QSP7X,Samsung,SM-A166B/DS,Grey,,Mobile phone,SM-A166BZADEUB,REPAIRED,L2,OCTA+BG+Sim TrayFINGER PRINT+ CAMERA DECO,"replaced the screen,frame,battery,cover,sim tray and usb port",GH96-18449A,1,GH96-18396B,1,GH82-36143A,1,GH82-36145A,1,GH98-49821B,1,GH98-49822B,1,GH98-49824A,1,GH82-36030B,1,0,0,0,0,0,0,0,0,0,0,0,0,0,0
1320640,3.53521E+14,RZCY10V2ANE,Samsung,SM-A166B/DS,Grey,,Mobile phone,SM-A166BZADEUB,REPAIRED,L2,OCTA+BG+Sim TrayFINGER PRINT+ CAMERA DECO,OCTA+BG+Sim TrayFINGER PRINT+ CAMERA DECO,GH96-18396B,1,GH98-49822B,1,GH98-49821B,1,GH82-36030B,1,GH82-36145A,1,GH82-36143A,1,GH98-49824A,1,GH96-18449A,1,0,0,0,0,0,0,0,0,0,0,0,0,0,0
1320641,3.52623E+14,R5CXA1BFNBN,Samsung,SM-A166B/DS,Grey,,Mobile phone,SM-A166BZADEUB,REPAIRED,L2,OCTA+BG+Sim TrayFINGER PRINT+ CAMERA DECO,"replaced the screen,frame,battery,cover,sim tray and usb port",GH98-49824A,1,GH96-18449A,1,GH96-18396B,1,GH98-49822B,1,GH82-36030B,1,GH98-49821B,1,GH82-36145A,1,GH82-36143A,1,0,0,0,0,0,0,0,0,0,0,0,0,0,0
1320642,3.53521E+14,RZCY11DH3GP,Samsung,SM-A166B/DS,Grey,,Mobile phone,SM-A166BZADEUB,REPAIRED,L2,OCTA+BG+Sim TrayFINGER PRINT+ CAMERA DECO,"replaced the screen,frame,battery,cover,sim tray and usb port",GH82-36143A,1,GH82-36145A,1,GH98-49821B,1,GH82-36030B,1,GH98-49824A,1,GH98-49822B,1,GH96-18449A,1,GH96-18396B,1,0,0,0,0,0,0,0,0,0,0,0,0,0,0
1320644,3.52623E+14,R5CXA3FHQJW,Samsung,SM-A166B/DS,Grey,,Mobile phone,SM-A166BZADEUB,REPAIRED,L2,OCTA+BG+Sim TrayFINGER PRINT+ CAMERA DECO,OCTA+BG+Sim TrayFINGER PRINT+ CAMERA DECO,GH82-36143A,1,GH82-36145A,1,GH82-36030B,1,GH98-49821B,1,GH98-49822B,1,GH96-18396B,1,GH98-49824A,1,GH96-18449A,1,0,0,0,0,0,0,0,0,0,0,0,0,0,0
1320645,3.52623E+14,R5CXB17Z33D,Samsung,SM-A166B/DS,Grey,,Mobile phone,SM-A166BZADEUB,REPAIRED,L2,Full Refurb,Full Refurb,GH96-18449A,1,GH98-49822B,1,GH98-49824A,1,GH98-49821B,1,GH82-36030B,1,GH82-36145A,1,GH82-36143A,1,0,0,0,0,0,0,0,0,0,0,0,0,0,0,0,0
1320646,3.52623E+14,R5CXA2DLS2D,Samsung,SM-A166B/DS,Grey,,Mobile phone,SM-A166BZADEUB,REPAIRED,L2,Full Refurb,Full Refurb,GH96-18449A,1,GH98-49822B,1,GH82-36030B,1,GH98-49821B,1,GH82-36143A,1,GH82-36145A,1,GH98-49824A,1,0,0,0,0,0,0,0,0,0,0,0,0,0,0,0,0
1320647,3.51064E+14,RFCW9192J9N,Samsung,SM-S911B/DS,Black,,Mobile phone,SM-S911BZKDEUB,REPAIRED,UB,Oled+Frame+Cover+Sim Tray,replaced  Oled+Frame+Cover+Sim Tray,GH98-47996A,1,GH96-15624A,1,GH96-15629A,1,GH82-30551A,1,GH82-30483A,1,GH82-30393A,1,GH82-31245A,1,0,0,0,0,0,0,0,0,0,0,0,0,0,0,0,0
1320657,3.59847E+14,RFCN80A5QEV,Samsung,SM-G986B/DS,Black,,Mobile phone,SM-G986BZKDEUA,REPAIRED,L2,OCTA+Battery+BG+Sim Tray,OCTA+Battery+BG+Sim Tray,GH82-22133A,1,GH82-21634A,1,GH98-45005A,1,GH82-22134A,1,0,0,0,0,0,0,0,0,0,0,0,0,0,0,0,0,0,0,0,0,0,0
1320662,3.51064E+14,RFCW91SQJSA,Samsung,SM-S911B/DS,Black,,Mobile phone,SM-S911BZKDEUB,REPAIRED,UB,Oled+Frame+Cover+Sim Tray,refurbed,GH82-30393A,1,GH98-47996A,1,GH82-31245A,1,GH82-30551A,1,GH82-30483A,1,GH96-15624A,1,0,0,0,0,0,0,0,0,0,0,0,0,0,0,0,0,0,0
1320670,3.51729E+14,RZCY41PW4QF,Samsung,SM-A266B/DS,Black,,Mobile phone,SM-A266BZKCEUB,REPAIRED,L2,OCTA+BG+Sim TrayRepair Kits,OCTA+BG+Sim TrayRepair Kits,GH82-37049A,1,GH82-37053A,1,GH82-37020A,1,GH96-19386A,1,GH98-50024A,1,0,0,0,0,0,0,0,0,0,0,0,0,0,0,0,0,0,0,0,0
1320671,3.51729E+14,R5CY62K9KFT,Samsung,SM-A266B/DS,Black,,Mobile phone,SM-A266BZKCEUB,REPAIRED,L2,OCTA+BG+Sim TrayRepair Kits,OCTA+BG+Sim TrayRepair Kits,GH96-19386A,1,GH98-50024A,1,GH96-19397A,1,GH82-37049A,1,GH82-37053A,1,GH82-37020A,1,0,0,0,0,0,0,0,0,0,0,0,0,0,0,0,0,0,0
1320673,3.51729E+14,R5CY640D42E,Samsung,SM-A266B/DS,Black,,Mobile phone,SM-A266BZKCEUB,REPAIRED,L2,OCTA+BG+Sim TrayRepair Kits,OCTA+BG+Sim TrayRepair Kits,GH82-37049A,1,GH82-37053A,1,GH82-37020A,1,GH98-50024A,1,GH96-19386A,1,0,0,0,0,0,0,0,0,0,0,0,0,0,0,0,0,0,0,0,0
1320674,3.51729E+14,R5CY81L2E1H,Samsung,SM-A266B/DS,Black,,Mobile phone,SM-A266BZKCEUB,REPAIRED,L2,OCTA+BG+Sim TrayRepair Kits,OCTA+BG+Sim TrayRepair Kits,GH82-37049A,1,GH82-37053A,1,GH82-37020A,1,GH98-50024A,1,GH96-19386A,1,0,0,0,0,0,0,0,0,0,0,0,0,0,0,0,0,0,0,0,0
1320675,3.51729E+14,RZCY41PVZZD,Samsung,SM-A266B/DS,Black,,Mobile phone,SM-A266BZKCEUB,REPAIRED,L2,OCTA+BG+Sim TrayRepair Kits,OCTA+BG+Sim TrayRepair Kits,GH82-37049A,1,GH82-37053A,1,GH82-37020A,1,GH98-50024A,1,GH96-19386A,1,GH96-19397A,1,0,0,0,0,0,0,0,0,0,0,0,0,0,0,0,0,0,0
1320676,3.51729E+14,RZCY506AARB,Samsung,SM-A266B/DS,Black,,Mobile phone,SM-A266BZKCEUB,REPAIRED,L2,OCTA+Spen+Sim TrayRepair Kits,OCTA+Spen+Sim TrayRepair Kits,GH82-37049A,1,GH96-19386A,1,GH98-50024A,1,GH82-37020A,1,GH82-37053A,1,0,0,0,0,0,0,0,0,0,0,0,0,0,0,0,0,0,0,0,0
1320780,3.54819E+14,R5CYA1NYZJF,Samsung,SM-A176B/DS,Blue,,Mobile phone,SM-A176BZBAEUB,REPAIRED,L2,Octa+Frame+Cover+Sim Tray,refurbed,GH82-38076A,1,GH82-38039C,1,GH98-50471C,1,GH98-50411C,1,GH98-50510C,1,GH82-38045A,1,0,0,0,0,0,0,0,0,0,0,0,0,0,0,0,0,0,0
1320783,3.50043E+14,R5CY91J86PN,Samsung,SM-A176B/DS,Blue,,Mobile phone,SM-A176BZBAEUB,REPAIRED,L2,"replaced  Octa+Camera Deco+battery,cover,camera","replaced  Octa+Camera Deco+battery,cover,camera",GH82-38045A,1,GH82-38076A,1,GH82-38039C,1,GH98-50411C,1,GH98-50510C,1,GH98-50471C,1,GH96-18438A,1,0,0,0,0,0,0,0,0,0,0,0,0,0,0,0,0
1320788,3.50043E+14,R5CY92YNCQX,Samsung,SM-A176B/DS,Blue,,Mobile phone,SM-A176BZBAEUB,REPAIRED,L2,Octa+Cover+Camera Deco,Octa+Cover+Camera Deco,GH82-38045A,1,GH82-38076A,1,GH82-38039C,1,GH98-50411C,1,GH96-20346A,1,GH98-50510C,1,GH98-50471C,1,0,0,0,0,0,0,0,0,0,0,0,0,0,0,0,0
1320790,3.50043E+14,R5CY91J51SY,Samsung,SM-A176B/DS,Blue,,Mobile phone,SM-A176BZBAEUB,REPAIRED,L2,Full Refurb,Full Refurb,GH96-20406C,1,GH96-20346A,1,GH98-50471C,1,GH98-50411C,1,GH98-50510C,1,GH82-38039C,1,GH82-38076A,1,GH82-38045A,1,0,0,0,0,0,0,0,0,0,0,0,0,0,0
1321005,3.58154E+14,R5CW80W6YJM,Samsung,SM-S918B/DS,Green,,Mobile phone,SM-S918BZGHEUB,REPAIRED,UB,screen is now all gone green and black and screen is flicker,"Replaced screen, frame, battery",GH82-33783A,1,GH81-24724A,1,GH96-15833C,1,GH82-30459A,1,GH81-24723A,1,0,0,0,0,0,0,0,0,0,0,0,0,0,0,0,0,0,0,0,0
1321006,3.58224E+14,RZCY40MBZFH,Samsung,SM-F741B,Light Blue,256GB,Mobile phone,SM-F741BLBGEUB,REPAIRED,L2,The volume button is hard to press and sometimes the screen,replaced screen/batteries/tapes/sub screen,GH82-35143A,1,GH82-35141A,1,GH97-30012C,1,GH82-35024A,1,GH82-35023A,1,GH82-35014C,1,0,0,0,0,0,0,0,0,0,0,0,0,0,0,0,0,0,0
1321588,3.51729E+14,R5CY33CQA1D,Samsung,SM-A266B/DS,Black,,Mobile phone,SM-A266BZKCEUB,REPAIRED,L2,Octa+Cover+Sim Tray,"New screen, cover, battery and sim tray",GH98-50024A,1,GH82-37020A,1,GH82-37053A,1,GH82-37049A,1,0,0,0,0,0,0,0,0,0,0,0,0,0,0,0,0,0,0,0,0,0,0
1321590,3.50396E+14,R58NC3XSXMR,Samsung,SM-A125F/DSN,Black,,Mobile phone,SM-A125FZKVEUA,REPAIRED,L2,Octa,"replaced the screen,frame,battery,cover and sim tray",GH82-28509A,1,GH96-14044A,1,GH98-46124A,1,GH82-24490A,1,GH82-24487A,1,0,0,0,0,0,0,0,0,0,0,0,0,0,0,0,0,0,0,0,0
1321594,3.53341E+14,R58T5077CDF,Samsung,SM-A135F/DSN,Black,,Mobile phone,SM-A135FZKVEUB,REPAIRED,L2,Octa+Cover+Camera Deco+Sim Tray+Fingerprint,replaced Octa+Cover+Camera Deco+Sim Tray+Fingerprint,GH82-28387A,1,GH96-15062A,1,GH82-28509A,1,GH31-00744A,1,GH96-15035A,1,GH98-47323A,1,GH98-47319A,1,GH82-28653A,1,0,0,0,0,0,0,0,0,0,0,0,0,0,0
1321597,3.54412E+14,R5CX14YMCAN,Samsung,SM-A156B/DSN,Black,,Mobile phone,SM-A156BZKDEUB,REPAIRED,L2,Octa+Cover+Camera Deco+Sim Tray+Fingerprint,"Replaced - Screen, Battery, Frame, Backglass, Sim tray, Deco Cam and F",GH96-16582A,1,GH98-48940A,1,GH82-33641A,1,GH82-33492A,1,GH98-48935A,1,GH82-33639A,1,GH82-33638A,1,0,0,0,0,0,0,0,0,0,0,0,0,0,0,0,0
1321600,3.53792E+14,RZCX7241HMJ,Samsung,SM-A156B/DSN,Black,,Mobile phone,SM-A156BZKDEUB,REPAIRED,L2,Octa+Cover+Camera Deco+Sim Tray,refurbed,GH96-16630A,1,GH96-16582A,1,GH98-48935A,1,GH82-33638A,1,GH82-33492A,1,GH82-33639A,1,GH98-48940A,1,GH82-33641A,1,0,0,0,0,0,0,0,0,0,0,0,0,0,0
1321604,3.56924E+14,RZCX52EZVWT,Samsung,SM-A156B/DSN,Black,,Mobile phone,SM-A156BZKDEUB,REPAIRED,L2,Octa+Cover+Camera Deco+Sim TRay+Fingerprint,"New screen, cover, rear, battery, cam deco, sim tray, fingerprint",GH96-16582A,1,GH98-48940A,1,GH98-48935A,1,GH82-33639A,1,GH82-33638A,1,GH82-33492A,1,GH82-33641A,1,0,0,0,0,0,0,0,0,0,0,0,0,0,0,0,0
1321605,3.56924E+14,RZCX518RT6J,Samsung,SM-A156B/DSN,Black,,Mobile phone,SM-A156BZKDEUB,REPAIRED,L2,Octa+Cover+Camera Deco+Sim Tray+Fingerprint,Octa+Cover+Camera Deco+Sim Tray+Fingerprint,GH82-33638A,1,GH82-33639A,1,GH96-16582A,1,GH98-48940A,1,GH82-33492A,1,GH98-48935A,1,GH82-33641A,1,0,0,0,0,0,0,0,0,0,0,0,0,0,0,0,0
1321608,3.52623E+14,R5CXA2M326R,Samsung,SM-A166B/DS,Black,,Mobile phone,SM-A166BZKDEUB,REPAIRED,L2,Octa+Frame+Cover+Camera Deco,"OOW-screen,†battery,†rear†case,†back†cover",GH82-36030A,1,GH98-49824A,1,GH96-18396A,1,GH98-49821A,1,GH82-36145A,1,GH82-36143A,1,0,0,0,0,0,0,0,0,0,0,0,0,0,0,0,0,0,0
1321609,3.50804E+14,RZ8TC0BWZJD,Samsung,SM-A137F/DSN,Light Blue,,Mobile phone,SM-A137FLBVEUB,REPAIRED,L2,Octa+Cover+Camera Deco+Sim Tray+Fingerprint,Full refurb,GH96-15035B,1,GH98-47323B,1,GH82-29228A,1,GH82-28509A,1,GH98-47319A,1,GH82-28387B,1,0,0,0,0,0,0,0,0,0,0,0,0,0,0,0,0,0,0
1321615,3.56924E+14,RZCX41539VV,Samsung,SM-A156B/DSN,Black,,Mobile phone,SM-A156BZKDEUB,REPAIRED,L2,Octa+Cover+Camera Deco+Sim Tray,"New†screen,†battery,†cover,†sim†tray,†, sub pba, rear,†cam†deco",GH82-33638A,1,GH82-33639A,1,GH82-33492A,1,GH98-48935A,1,GH98-48940A,1,GH82-33641A,1,GH96-16630A,1,0,0,0,0,0,0,0,0,0,0,0,0,0,0,0,0
1321617,3.56924E+14,RZCX5102LQZ,Samsung,SM-A156B/DSN,Black,,Mobile phone,SM-A156BZKDEUB,REPAIRED,L2,Octa+Cover+Camera Deco+Sim Tray,"Replaced - Screen, battery, Frame, Cover, Camera Deco and Sim tray",GH82-33638A,1,GH82-33639A,1,GH82-33492A,1,GH98-48935A,1,GH98-48940A,1,GH82-33641A,1,0,0,0,0,0,0,0,0,0,0,0,0,0,0,0,0,0,0
1321618,3.52623E+14,R5CXB1AMQPD,Samsung,SM-A166B/DS,Black,,Mobile phone,SM-A166BZKDEUB,REPAIRED,L2,Octa+Frame+Cover+Camera Deco+Sim Tray,"OOW-screen, battery, rear case, back cover",GH82-36143A,1,GH98-49822A,1,GH82-36030A,1,GH82-36145A,1,GH98-49821A,1,GH98-49824A,1,GH96-18469A,1,0,0,0,0,0,0,0,0,0,0,0,0,0,0,0,0
1321619,3.52009E+14,RZCW920N5GW,Samsung,SM-A546B/DS,Light Violet,,Mobile phone,SM-A546BLVCEUB,REPAIRED,L2,Octa+Cover,Full refurb,GH82-31232D,1,GH82-35877A,1,GH82-30703D,1,0,0,0,0,0,0,0,0,0,0,0,0,0,0,0,0,0,0,0,0,0,0,0,0
1321620,3.53244E+14,R58T90FJ8YH,Samsung,SM-A137F/DSN,Black,,Mobile phone,SM-A137FZKVEUB,REPAIRED,L2,Octa+Cover+Camera Deco,Full refurb,GH96-15366A,1,GH98-47319A,1,GH82-28387A,1,GH82-28509A,1,GH82-29228A,1,0,0,0,0,0,0,0,0,0,0,0,0,0,0,0,0,0,0,0,0
1321621,3.51729E+14,RZCY51FVQEJ,Samsung,SM-A266B/DS,Black,,Mobile phone,SM-A266BZKCEUB,REPAIRED,AE,Sim Tray,Replaced - Sim tray,GH98-50024A,1,0,0,0,0,0,0,0,0,0,0,0,0,0,0,0,0,0,0,0,0,0,0,0,0,0,0,0,0
1321624,3.51729E+14,R5CY6129KVL,Samsung,SM-A266B/DS,White,,Mobile phone,SM-A266BZWCEUB,REPAIRED,L2,Octa+Cover+Sim Tray,"Replaced - Screen, battery, backglass and sim tray",GH98-50024B,1,GH82-37020B,1,GH82-37053A,1,GH82-37049B,1,0,0,0,0,0,0,0,0,0,0,0,0,0,0,0,0,0,0,0,0,0,0
1321625,3.51104E+14,R5CY61474CV,Samsung,SM-A166B/DS,Black,,Mobile phone,SM-A166BZKDEUB,REPAIRED,L2,Octa+Frame+Cover+Camera Deco+Sim Tray+LDI Triggered,Full refurb,GH98-49822A,1,GH98-49824A,1,GH96-18396A,1,GH96-18449A,1,GH98-49821A,1,GH82-36030A,1,GH82-36145A,1,GH82-36143A,1,0,0,0,0,0,0,0,0,0,0,0,0,0,0
1321626,3.53521E+14,RZCXC1DWXPJ,Samsung,SM-A166B/DS,Black,,Mobile phone,SM-A166BZKDEUB,REPAIRED,L2,Octa+Frame+Cover+Camera Deco+Sim Tray,"OOW-screen, battery, rear case, back cover",GH82-36143A,1,GH82-36145A,1,GH98-49822A,1,GH98-49821A,1,GH98-49824A,1,GH96-18396A,1,GH82-36030A,1,0,0,0,0,0,0,0,0,0,0,0,0,0,0,0,0
1321638,3.57067E+14,RZCY617THST,Samsung,SM-S721B/DS,Grey,,Mobile phone,SM-S721BZKDEUB,REPAIRED,UB,Oled+Frame+Cover+Sim Tray,"New screen, tapes, frame, battery, cover and sim tray",GH82-35850A,1,GH82-35930A,1,GH82-35851A,1,GH82-35853A,1,GH82-35832A,1,GH98-49571A,1,0,0,0,0,0,0,0,0,0,0,0,0,0,0,0,0,0,0
1321639,3.51104E+14,R5CY33KD1RB,Samsung,SM-A166B/DS,Grey,,Mobile phone,SM-A166BZADEUB,REPAIRED,L2,Octa+Frame+Cover+Camera Deco+Sim Tray,"OOW-screen, battery, rear case, back cover",GH82-36143A,1,GH82-36145A,1,GH98-49821B,1,GH96-18449A,1,GH98-49824A,1,GH82-36030B,1,0,0,0,0,0,0,0,0,0,0,0,0,0,0,0,0,0,0
1321653,3.56924E+14,RZCX412VBFE,Samsung,SM-A156B/DSN,Blue,,Mobile phone,SM-A156BZBDEUB,REPAIRED,L2,"DAMAGE, , Bent over and phone dropped out of my pocket onto","replaced screen, batt and tape",GH82-33492D,1,GH82-33639A,1,GH82-33638A,1,0,0,0,0,0,0,0,0,0,0,0,0,0,0,0,0,0,0,0,0,0,0,0,0
1321654,3.51496E+14,R5CYA30Q5HT,Samsung,SM-F761B,Black,128GB,Mobile phone,SM-F761BZKGEUB,REPAIRED,UB,"DAMAGE, , Broken screen    Quote if PBA or Cameras are requi","replaced screen, sub screen, tapes, deco and sp",GH82-37735A,1,GH81-27995A,2,GH97-30985A,1,GH82-35141A,1,GH82-35143A,1,GH82-35145A,1,0,0,0,0,0,0,0,0,0,0,0,0,0,0,0,0,0,0
1321656,3.51729E+14,R5CY339990X,Samsung,SM-A266B/DS,Black,,Mobile phone,SM-A266BZKCEUB,REPAIRED,L2,"DAMAGE, , It fell from the dining table    Quote if PBA or C",replaced screen/battery/tape,GH82-37053A,1,GH81-27147A,1,GH82-37049A,1,0,0,0,0,0,0,0,0,0,0,0,0,0,0,0,0,0,0,0,0,0,0,0,0
1322197,3.56681E+14,R8YWB14SP1W,Samsung,SM-A145R/DSN,Black,,Mobile phone,SM-A145RZKUEUB,REPAIRED,L2,"DAMAGE, , I was in our kitchen late evening and the light ha",replaced the screen and battery,GH81-23541A,1,GH81-23539A,1,0,0,0,0,0,0,0,0,0,0,0,0,0,0,0,0,0,0,0,0,0,0,0,0,0,0
1322209,3.53521E+14,RZCY1176MFB,Samsung,SM-A166B/DS,Grey,,Mobile phone,SM-A166BZADEUB,REPAIRED,L2,Phone fell out of pocket and now the screen is damaged,"replaced screen, batt and cover",GH82-36143A,1,GH82-36030B,1,GH82-36145A,1,0,0,0,0,0,0,0,0,0,0,0,0,0,0,0,0,0,0,0,0,0,0,0,0
1322402,3.53936E+14,R5CX92KYMXM,Samsung,SM-F741B,Silver,256GB,Mobile phone,SM-F741BZSGEUB,REPAIRED,L2,The customer needs to claim as the bottom half of the screen,"replaced screen, batteries, sub screen and tapes",GH97-30012A,1,GH82-35143A,1,GH82-35141A,1,GH82-35023A,1,GH82-35024A,1,GH82-35014A,1,0,0,0,0,0,0,0,0,0,0,0,0,0,0,0,0,0,0
1310128,3.50725E+14,RFCT71HEE3E,Samsung,SM-F936B/DS,Black,512GB,Mobile phone,SM-F936BZKCEUB,REPAIRED,L2,Cracked front glass and damaged display,"replaced screen, batts, tapes",GH82-29450A,1,GH82-29456A,1,GH82-29461A,1,GH82-29454A,1,GH82-29451A,1,0,0,0,0,0,0,0,0,0,0,0,0,0,0,0,0,0,0,0,0
1310906,3.59413E+14,RZCX811EC9M,Samsung,SM-F741B,Yellow,512GB,Mobile phone,SM-F741BZYHEUB,REPAIRED,L2,Cracked front glass and damaged display,"New screen, batts and tapes",GH82-35014B,1,GH82-35141A,1,GH82-35143A,1,GH82-35023A,1,GH82-35024A,1,0,0,0,0,0,0,0,0,0,0,0,0,0,0,0,0,0,0,0,0
1313374,3.51798E+14,R5CW90R83PW,Samsung,SM-F731B,Grey,512GB,Mobile phone,SM-F731BZAHEUB,REPAIRED,L2,Cracked front glass,"Replaced screen, battery, tape",GH81-24680A,1,GH82-31827A,1,GH82-31700A,1,GH82-35929A,1,GH82-31699A,1,0,0,0,0,0,0,0,0,0,0,0,0,0,0,0,0,0,0,0,0
1315043,3.51798E+14,,Samsung,SM-F731B,Pink,,Mobile phone,SM-F731BLIHEUB,REPAIRED,L2,Cracked front glass Cracked front glass and damaged displayS,Needs Octa Batts Kits and Sub Screen,GH82-31827C,1,GH82-31700A,1,GH82-31699A,1,GH82-35929A,1,GH82-35928A,1,GH97-29135A,1,0,0,0,0,0,0,0,0,0,0,0,0,0,0,0,0,0,0
1315045,3.56299E+14,R5CXC0SZFWA,Samsung,SM-G556B,Black,128GB,Mobile phone,SM-G556BZKDEEB,REPAIRED,AE,Cracked front glass and damaged display,replaced battery,GH43-05199A,1,0,0,0,0,0,0,0,0,0,0,0,0,0,0,0,0,0,0,0,0,0,0,0,0,0,0,0,0
1315051,3.55235E+14,RFCW80YLBVR,Samsung,SM-F946B/DS,Black,,Mobile phone,SM-F946BZKCEUB,REPAIRED,UB,Cracked rear glass Cracked front glass and damaged display,replaced screen/tapes/screen protector,GH81-24926A,1,GH81-24613A,1,GH81-24686A,1,GH81-23916A,2,GH82-32950A,1,0,0,0,0,0,0,0,0,0,0,0,0,0,0,0,0,0,0,0,0
1315120,3.55195E+14,RZCWB13NT6A,Samsung,SM-S711B/DS,White,,Mobile phone,SM-S711BZWDEUB,REPAIRED,UB,passcode: 0703 - Cracked front glass and damaged display,screen cover main board all cams,GH96-16212A,1,GH82-33089A,1,GH82-32787B,1,GH82-33170A,1,GH82-32856A,1,GH96-16211A,1,GH96-16210A,1,GH96-16213A,1,0,0,0,0,0,0,0,0,0,0,0,0,0,0
1315658,3.50966E+14,RFCY80KDE6D,Samsung,SM-F966B/DS,Silver,,Mobile phone,SM-F966BZSBEUB,REPAIRED,UB,Cracked front glass and damaged display,"replaced screen, deco, tapes, sp",GH82-38023A,1,GH82-37822A,1,GH82-37543A,1,GH81-27757A,2,GH82-37824A,1,0,0,0,0,0,0,0,0,0,0,0,0,0,0,0,0,0,0,0,0
1316147,3.54223E+14,R5CY717051M,Samsung,SM-S938B/DS,Absolute Black,,Mobile phone,SM-S938BAKDEUB,REPAIRED,UB,"Water damage, Cracked front glass and damaged display",oled tapes,GH82-37696A,1,GH82-36588A,1,GH82-36522A,1,0,0,0,0,0,0,0,0,0,0,0,0,0,0,0,0,0,0,0,0,0,0,0,0
1319430,3.51337E+14,R5CX612TTQB,Samsung,SM-F741B,Yellow,,Mobile phone,SM-F741BZYBXEF,REPAIRED,L2,Cracked front glass and damaged display,"Replaced screen, batteries, tapes",GH82-35014B,1,GH82-35024A,1,GH82-35023A,1,GH82-35143A,1,GH82-35141A,1,0,0,0,0,0,0,0,0,0,0,0,0,0,0,0,0,0,0,0,0
1319591,3.54506E+14,R5CRA244GDB,Samsung,SM-G998B/DS,Black,,Mobile phone,SM-G998BZKDEUA,REPAIRED,L2,"Cracked front glass and damaged display, Structural damage t","Screen, battery, cover.",GH82-24499A,1,GH82-24592A,1,GH82-26035A,1,0,0,0,0,0,0,0,0,0,0,0,0,0,0,0,0,0,0,0,0,0,0,0,0
1321438,3.53409E+14,R5CT72ER6TH,Samsung,SM-S901U,Black,,Mobile phone,SM-S901UZKAVZW,REPAIRED,UB,Cracked front glass,replaced screen/tapes,GH82-27496A,1,GH82-30244A,1,GH82-37368A,1,0,0,0,0,0,0,0,0,0,0,0,0,0,0,0,0,0,0,0,0,0,0,0,0
1292167,3.50177E+14,RFCY403EELK,Samsung,SM-S921B/DS,Violet,,Mobile phone,SM-S921BZVGEUE,REPAIRED,UB,Unit has a faulty display. There is cluster of dead pixels o,"OOW-screen, tapes",GH82-33293A,1,GH82-33286A,1,GH82-33295A,1,0,0,0,0,0,0,0,0,0,0,0,0,0,0,0,0,0,0,0,0,0,0,0,0
1295563,3.55089E+14,R3CX800BBER,Samsung,SM-S926B/DS,Violet,,Mobile phone,SM-S926BZVDEUB,REPAIRED,SU,Unit stops part way on the boot screen. Unit is heating up a,"Software issue, flashed device fixed bootlooping issue.",0,0,0,0,0,0,0,0,0,0,0,0,0,0,0,0,0,0,0,0,0,0,0,0,0,0,0,0,0,0
1314655,3.54589E+14,R5CYA2D4GDL,Samsung,SM-S731B/DS,Dark Blue,,Mobile phone,SM-S731BDBGEUE,REPAIRED,SU,Powered onto setup. Setup and no issues with beeping or mois,factory reset and flashed device,0,0,0,0,0,0,0,0,0,0,0,0,0,0,0,0,0,0,0,0,0,0,0,0,0,0,0,0,0,0
1303848,3.51446E+14,R7AY40CV00X,Samsung,SM-A057G/DSN,Black,64GB,Mobile phone,SM-A057GZKUEUB,REPAIRED,L2,SCREEN DAMAGED,screen and battery,GH81-24364A,1,GH81-24363A,1,GH81-24411A,1,GH81-24649A,1,0,0,0,0,0,0,0,0,0,0,0,0,0,0,0,0,0,0,0,0,0,0
1307395,3.57067E+14,RZCXB26CBPK,Samsung,SM-S721B/DS,Black,128GB,Mobile phone,SM-S721BZKDEUB,REPAIRED,UB,SCREEN IS BROKEN OR CRACKED,Screen replaced,GH82-35850A,1,GH82-35930A,1,GH81-26418A,1,0,0,0,0,0,0,0,0,0,0,0,0,0,0,0,0,0,0,0,0,0,0,0,0
1307400,3.53325E+14,R3CT701GVTV,Samsung,SM-S901B/DS,Black,128GB,Mobile phone,SM-S901BZKDEUB,REPAIRED,L2,SCREEN IS BROKEN OR CRACKED,"New screen, battery, cover and tape",GH82-27521A,1,GH82-27494A,1,GH82-27496A,1,GH82-27434A,1,0,0,0,0,0,0,0,0,0,0,0,0,0,0,0,0,0,0,0,0,0,0
1310855,,,Samsung,SM-A176B/DS,Black,,Mobile phone,SM-A176BZKAEUB,REPAIRED,L2,smashed screen,"replaced octa, battery, tape",GH82-38045A,1,GH82-38076A,1,GH81-27932A,1,0,0,0,0,0,0,0,0,0,0,0,0,0,0,0,0,0,0,0,0,0,0,0,0
1312836,3.52319E+14,R7AY50YKGJA,Samsung,SM-A057G/DSN,Light Green,,Mobile phone,SM-A057GLGUEUB,REPAIRED,L2,Damaged screen - Please Replace Screen damage,"replaced the screen,battery,tapes and main board",GH81-24364A,1,GH81-24373A,1,GH81-24359A,1,GH81-24651A,1,GH81-24366A,1,GH81-24390A,1,GH81-24363A,1,0,0,0,0,0,0,0,0,0,0,0,0,0,0,0,0
1315148,3.55102E+14,R5CY71H4R6D,Samsung,SM-F761B,Black,,Mobile phone,SM-F761BZKHEUB,REPAIRED,L2,SCREEN IS BROKEN OR CRACKED,SCREEN IS BROKEN OR CRACKED,GH82-35141A,1,GH82-37737A,1,GH82-37736A,1,GH82-37734A,1,GH82-35143A,1,0,0,0,0,0,0,0,0,0,0,0,0,0,0,0,0,0,0,0,0
1315609,3.57067E+14,RZCY713VWQE,Samsung,SM-S721B/DS,Black,,Mobile phone,SM-S721BZKDEUB,REPAIRED,UB,SCREEN IS BROKEN OR CRACKED,"Replaced screen, frame, battery",GH82-35853A,1,GH82-35930A,1,GH82-35851A,1,GH82-35850A,1,0,0,0,0,0,0,0,0,0,0,0,0,0,0,0,0,0,0,0,0,0,0
1316982,3.52623E+14,R5CXA4E47JB,Samsung,SM-A166B/DS,Grey,,Mobile phone,SM-A166BZADEUB,REPAIRED,L2,Damaged screen - Please Replace Screen damage,"replaced screen, frame, batt, cover",GH82-36030B,1,GH98-49821B,1,GH82-36145A,1,GH82-36143A,1,0,0,0,0,0,0,0,0,0,0,0,0,0,0,0,0,0,0,0,0,0,0
1259219,3.50396E+14,RZCX313F31M,Samsung,SM-A346B/DSN,Black,,Mobile phone,SM-A346BZKAEEB,REPAIRED,IP,No power,NO FAULT FOUND - COULD NOT REPLICATE ISSUES - SOWTWARE RESET,0,0,0,0,0,0,0,0,0,0,0,0,0,0,0,0,0,0,0,0,0,0,0,0,0,0,0,0,0,0
1261396,3.52502E+14,RZCT60C0X8R,Samsung,SM-A536B/DS,Black,,Mobile phone,SM-A536BZKNEEB,REPAIRED,IP,Unable To Finish Setup,"Customer reported unable to finish set up, Device MDM locked so unable",0,0,0,0,0,0,0,0,0,0,0,0,0,0,0,0,0,0,0,0,0,0,0,0,0,0,0,0,0,0
1279766,3.55451E+14,RZCX20GLC2X,Samsung,SM-A546B/DS,Black,,Mobile phone,SM-A546BZKCEEB,REPAIRED,L1,frp locked,frp unlocked,0,0,0,0,0,0,0,0,0,0,0,0,0,0,0,0,0,0,0,0,0,0,0,0,0,0,0,0,0,0
1279777,3.55451E+14,,Samsung,SM-A546B/DS,Black,,Mobile phone,,REPAIRED,L1,"frp lockedMDM Lock , needs mdm lock remove by customer",frp unocked,0,0,0,0,0,0,0,0,0,0,0,0,0,0,0,0,0,0,0,0,0,0,0,0,0,0,0,0,0,0
1282570,3.53452E+14,RZCX914KLZL,Samsung,SM-A546B/DS,Black,,Mobile phone,SM-A546BZKCEEB,REPAIRED,SU,FRP locked,FRP removed,0,0,0,0,0,0,0,0,0,0,0,0,0,0,0,0,0,0,0,0,0,0,0,0,0,0,0,0,0,0
1287367,3.55451E+14,RZCX21T335W,Samsung,SM-A546B/DS,Black,,Mobile phone,SM-A546BZKCEEB,REPAIRED,L1,"frp lockedMDM Lock , needs mdm lock remove by customer",frp unlocked,0,0,0,0,0,0,0,0,0,0,0,0,0,0,0,0,0,0,0,0,0,0,0,0,0,0,0,0,0,0
1287416,3.50396E+14,RZCX81LL9TE,Samsung,SM-A346B/DSN,Black,,Mobile phone,SM-A346BZKAEEB,REPAIRED,L2,stuck on splash screen,Replaced pba,GH82-31198A,1,0,0,0,0,0,0,0,0,0,0,0,0,0,0,0,0,0,0,0,0,0,0,0,0,0,0,0,0
1287417,3.53452E+14,RZCX82BSR6D,Samsung,SM-A546B/DS,Black,,Mobile phone,SM-A546BZKCEEB,REPAIRED,SU,frp locked,Removed frp lock,0,0,0,0,0,0,0,0,0,0,0,0,0,0,0,0,0,0,0,0,0,0,0,0,0,0,0,0,0,0
1293840,3.50337E+14,RZCY613K88A,Samsung,SM-A566B/DS,Black,,Mobile phone,SM-A566BZKAEEB,REPAIRED,IP,restarting itself,"NDF,fully tested device, unable to find any issue. MDM active",0,0,0,0,0,0,0,0,0,0,0,0,0,0,0,0,0,0,0,0,0,0,0,0,0,0,0,0,0,0
1293841,3.57263E+14,RZCX70NVZKH,Samsung,SM-A556B/DS,Black,,Mobile phone,SM-A556BZKAEEB,REPAIRED,SU,Device lock,OOW-device flash  and frp remove,0,0,0,0,0,0,0,0,0,0,0,0,0,0,0,0,0,0,0,0,0,0,0,0,0,0,0,0,0,0
1293842,3.50396E+14,RZCX81LL22X,Samsung,SM-A346B/DSN,Black,,Mobile phone,SM-A346BZKAEEB,REPAIRED,AE,FRP LOCKING MISSING SIM TRAY,Replaced Sim tray and removed FRP,GH98-48063A,1,0,0,0,0,0,0,0,0,0,0,0,0,0,0,0,0,0,0,0,0,0,0,0,0,0,0,0,0
1293843,3.50396E+14,RZCX81LLZYP,Samsung,SM-A346B/DSN,Black,,Mobile phone,SM-A346BZKAEEB,REPAIRED,L1,frp locked,frp unlocked,0,0,0,0,0,0,0,0,0,0,0,0,0,0,0,0,0,0,0,0,0,0,0,0,0,0,0,0,0,0
1298179,3.50396E+14,RZCX81LKR4J,Samsung,SM-A346B/DSN,Black,,Mobile phone,SM-A346BZKAEEB,REPAIRED,,unable to reset,removed frp lock,0,0,0,0,0,0,0,0,0,0,0,0,0,0,0,0,0,0,0,0,0,0,0,0,0,0,0,0,0,0
1298186,3.53632E+14,R5CY33CG2PH,Samsung,SM-A566B/DS,Black,,Mobile phone,SM-A566BZKAEEB,REPAIRED,SU,Software correction,Software correction,0,0,0,0,0,0,0,0,0,0,0,0,0,0,0,0,0,0,0,0,0,0,0,0,0,0,0,0,0,0
1303741,3.53452E+14,RZCX40QYZVX,Samsung,SM-A546B/DS,Black,,Mobile phone,SM-A546BZKCEEB,REPAIRED,SU,Device lock,FRP,0,0,0,0,0,0,0,0,0,0,0,0,0,0,0,0,0,0,0,0,0,0,0,0,0,0,0,0,0,0
1303748,3.50043E+14,RZCX30DBVCL,Samsung,SM-A346B/DSN,Black,,Mobile phone,SM-A346BZKAEEB,REPAIRED,,Device lock,FRP,0,0,0,0,0,0,0,0,0,0,0,0,0,0,0,0,0,0,0,0,0,0,0,0,0,0,0,0,0,0
1312295,3.53452E+14,RZCXA03B56K,Samsung,SM-A546B/DS,Black,,Mobile phone,SM-A546BZKCEEB,REPAIRED,L2,Replacement USB port / FPR Removal,Replacement USB port / FPR Removal,GH96-15666A,1,0,0,0,0,0,0,0,0,0,0,0,0,0,0,0,0,0,0,0,0,0,0,0,0,0,0,0,0
1312296,3.52502E+14,RZCT60C0KXW,Samsung,SM-A536B/DS,Black,,Mobile phone,SM-A536BZKNEEB,REPAIRED,SU,Device Flashed,Device Flashed,0,0,0,0,0,0,0,0,0,0,0,0,0,0,0,0,0,0,0,0,0,0,0,0,0,0,0,0,0,0
1312300,3.50043E+14,RZCX30F09HA,Samsung,SM-A346B/DSN,Black,,Mobile phone,SM-A346BZKAEEB,REPAIRED,SU,unable to finish set up,FRP,0,0,0,0,0,0,0,0,0,0,0,0,0,0,0,0,0,0,0,0,0,0,0,0,0,0,0,0,0,0
1312316,3.53452E+14,RZCX52JQNSR,Samsung,SM-A546B/DS,Black,,Mobile phone,SM-A546BZKCEEB,REPAIRED,SU,frp locked,FRP,0,0,0,0,0,0,0,0,0,0,0,0,0,0,0,0,0,0,0,0,0,0,0,0,0,0,0,0,0,0
1312325,3.53632E+14,R5CY33F263R,Samsung,SM-A566B/DS,Black,,Mobile phone,SM-A566BZKAEEB,REPAIRED,UB,blank screen,"OOW-screen,†tapes",GH82-36827A,1,GH81-27023A,1,GH82-36832A,1,0,0,0,0,0,0,0,0,0,0,0,0,0,0,0,0,0,0,0,0,0,0,0,0
1313800,3.53632E+14,R5CY22NQJTX,Samsung,SM-A566B/DS,Black,,Mobile phone,SM-A566BZKAEEB,REPAIRED,L2,Moisture Detected In Charging Port,"Sub pba, tape.",GH81-27023A,1,GH96-19091A,1,0,0,0,0,0,0,0,0,0,0,0,0,0,0,0,0,0,0,0,0,0,0,0,0,0,0
1309389,3.50015E+14,R7AX712P95Z,Samsung,SM-A057G/DSN,Black,,Mobile phone,SM-A057GZKUEUB,REPAIRED,L2,No Screen,"Replaced screen, battery, cover, sub pba, mainboard",GH81-24649A,1,GH81-24363A,1,GH81-24364A,1,GH81-24359A,1,GH81-24366A,1,0,0,0,0,0,0,0,0,0,0,0,0,0,0,0,0,0,0,0,0
1310646,3.53196E+14,RZCY40Y7EHH,Samsung,SM-A166B/DS,Black,,Mobile phone,SM-A166BZKDEUE,REPAIRED,L2,No power,"replaced screen, batt, usb, ctc, and tape",GH81-26599A,1,GH96-18449A,1,GH82-36145A,1,GH82-36147A,1,GH82-36143A,1,0,0,0,0,0,0,0,0,0,0,0,0,0,0,0,0,0,0,0,0
1322481,3.51558E+14,RZCY417BVJV,Samsung,SM-A366B/DS,Light Violet,,Mobile phone,SM-A366BLVGEUB,REPAIRED,L2,Broken screen,"Screen, battery, cover.",GH82-36842A,1,GH81-27038A,1,GH82-36843A,1,GH82-36841D,1,GH82-36804D,1,0,0,0,0,0,0,0,0,0,0,0,0,0,0,0,0,0,0,0,0
1313454,3.51337E+14,R5CX72DR47L,Samsung,SM-F741B,Light Blue,512GB,Mobile phone,SM-F741BLBHEUB,REPAIRED,UB,Missing screen protector. Needs one installing,oled taoes,GH02-25963A,1,GH81-26116A,1,GH82-35022A,1,GH82-35145A,1,GH81-26035A,1,0,0,0,0,0,0,0,0,0,0,0,0,0,0,0,0,0,0,0,0
1313458,3.53936E+14,R5CX701MX3B,Samsung,SM-F741B,Light Blue,256GB,Mobile phone,SM-F741BLBGEUB,REPAIRED,L2,Screen is dead/not displaying,octa batt tape,GH82-35023A,1,GH82-35014C,1,GH81-26116A,1,GH02-25963A,1,GH82-35024A,1,0,0,0,0,0,0,0,0,0,0,0,0,0,0,0,0,0,0,0,0
1313461,3.53936E+14,R5CX63D4CPA,Samsung,SM-F741B,Silver,256GB,Mobile phone,SM-F741BZSGEUB,REPAIRED,UB,"OOW-device screen need replacement, there is a dent at the u","OOW-screen, front deco, screen protector",GH82-35022A,1,GH82-35145A,1,GH81-26035A,1,GH82-35143A,1,GH82-35141A,1,0,0,0,0,0,0,0,0,0,0,0,0,0,0,0,0,0,0,0,0
1292417,3.52698E+14,RZCW21SC2TL,Samsung,SM-A336B/DSN,Black,,Mobile phone,SM-A336BZKGEEB,REPAIRED,L2,Smashed Screen,octaa batt cover,GH81-22141A,1,GH82-28172A,1,GH82-28146A,1,GH82-28144A,1,0,0,0,0,0,0,0,0,0,0,0,0,0,0,0,0,0,0,0,0,0,0
1301882,3.55839E+14,RFCY50F8TYV,Samsung,SM-A366B/DS,Black,,Mobile phone,SM-A366BZKBEEB,REPAIRED,L2,Missing volume buttons,OW-Volume†Key,GH81-27038A,1,GH98-50010A,1,0,0,0,0,0,0,0,0,0,0,0,0,0,0,0,0,0,0,0,0,0,0,0,0,0,0
1307934,3.56299E+14,R5CY30EMK5L,Samsung,SM-G556B,Black,128GB,Mobile phone,SM-G556BZKDEEB,REPAIRED,AE,Phone not charging,Phone not charging,GH43-05199A,1,0,0,0,0,0,0,0,0,0,0,0,0,0,0,0,0,0,0,0,0,0,0,0,0,0,0,0,0
1307937,3.56299E+14,R5CY30EN7FH,Samsung,SM-G556B,Black,128GB,Mobile phone,SM-G556BZKDEEB,REPAIRED,L2,Smashed screen and faulty battery,"Replaced screen, battery",GH43-05199A,1,GH82-33685A,1,0,0,0,0,0,0,0,0,0,0,0,0,0,0,0,0,0,0,0,0,0,0,0,0,0,0
1307939,3.56299E+14,R5CY30EKC8D,Samsung,SM-G556B,Black,128GB,Mobile phone,SM-G556BZKDEEB,REPAIRED,AE,Battery fault,battery only,GH43-05199A,1,0,0,0,0,0,0,0,0,0,0,0,0,0,0,0,0,0,0,0,0,0,0,0,0,0,0,0,0
1307941,3.56299E+14,R5CY30ENLSZ,Samsung,SM-G556B,Black,128GB,Mobile phone,SM-G556BZKDEEB,REPAIRED,AE,Phone not charging,battery only,GH43-05199A,1,0,0,0,0,0,0,0,0,0,0,0,0,0,0,0,0,0,0,0,0,0,0,0,0,0,0,0,0
1307948,3.56299E+14,R5CY30ELFRK,Samsung,SM-G556B,Black,128GB,Mobile phone,SM-G556BZKDEEB,REPAIRED,L2,Smashed screen,replaced screen/frame/battery,GH98-49052A,1,GH82-33685A,1,GH43-05199A,1,GH02-24129A,1,0,0,0,0,0,0,0,0,0,0,0,0,0,0,0,0,0,0,0,0,0,0
1307950,3.56299E+14,R5CY301GW2W,Samsung,SM-G556B,Black,128GB,Mobile phone,SM-G556BZKDEEB,REPAIRED,AE,Phone not charging,Phone not charging,GH43-05199A,1,0,0,0,0,0,0,0,0,0,0,0,0,0,0,0,0,0,0,0,0,0,0,0,0,0,0,0,0
1307951,3.56299E+14,R5CY30EJXEJ,Samsung,SM-G556B,Black,128GB,Mobile phone,SM-G556BZKDEEB,REPAIRED,AE,Phone not charging,Battery,GH43-05199A,1,0,0,0,0,0,0,0,0,0,0,0,0,0,0,0,0,0,0,0,0,0,0,0,0,0,0,0,0
1307953,3.56299E+14,R5CY308KV6B,Samsung,SM-G556B,Black,128GB,Mobile phone,SM-G556BZKDEEB,REPAIRED,L2,Damaged Screen,Damaged Screen,GH43-05199A,1,GH82-33685A,1,0,0,0,0,0,0,0,0,0,0,0,0,0,0,0,0,0,0,0,0,0,0,0,0,0,0
1307954,3.56299E+14,R5CY308JC9Y,Samsung,SM-G556B,Black,128GB,Mobile phone,SM-G556BZKDEEB,REPAIRED,AE,Will not turn on - spilliage?,battery,GH43-05199A,1,0,0,0,0,0,0,0,0,0,0,0,0,0,0,0,0,0,0,0,0,0,0,0,0,0,0,0,0
1313831,3.56299E+14,R5CXC1JDPND,Samsung,SM-G556B,Black,128GB,Mobile phone,SM-G556BZKDEEB,REPAIRED,L2,Cracked screen,"oow due to damage screen and mdm lock , quote accepted , replaced scre",GH82-33686A,1,0,0,0,0,0,0,0,0,0,0,0,0,0,0,0,0,0,0,0,0,0,0,0,0,0,0,0,0
1313832,3.56299E+14,R5CY31YM63W,Samsung,SM-G556B,Black,128GB,Mobile phone,SM-G556BZKDEEB,REPAIRED,L2,Faulty screen,replaced screen/tape,GH82-33685A,1,GH02-24129A,1,0,0,0,0,0,0,0,0,0,0,0,0,0,0,0,0,0,0,0,0,0,0,0,0,0,0
1313833,3.56299E+14,R5CY31YJZBB,Samsung,SM-G556B,Black,128GB,Mobile phone,SM-G556BZKDEEB,REPAIRED,AE,Battery fault,replaced battery,GH43-05199A,1,0,0,0,0,0,0,0,0,0,0,0,0,0,0,0,0,0,0,0,0,0,0,0,0,0,0,0,0
1313834,3.56299E+14,R5CY30EKK6F,Samsung,SM-G556B,Black,128GB,Mobile phone,SM-G556BZKDEEB,REPAIRED,AE,Power fault,"oow due to knox lock , replaced battery",GH43-05199A,1,0,0,0,0,0,0,0,0,0,0,0,0,0,0,0,0,0,0,0,0,0,0,0,0,0,0,0,0
1313835,3.56299E+14,R5CY3144N5P,Samsung,SM-G556B,Black,128GB,Mobile phone,SM-G556BZKDEEB,REPAIRED,AE,Power fault,"oow due to knox lock , replaced battery",GH43-05199A,1,0,0,0,0,0,0,0,0,0,0,0,0,0,0,0,0,0,0,0,0,0,0,0,0,0,0,0,0
1313836,3.56299E+14,R5CX820L19N,Samsung,SM-G556B,Black,128GB,Mobile phone,SM-G556BZKDEEB,REPAIRED,AE,BATTERY FAULT,REPLACED  BATTERY,GH43-05199A,1,0,0,0,0,0,0,0,0,0,0,0,0,0,0,0,0,0,0,0,0,0,0,0,0,0,0,0,0
1313837,3.56299E+14,R5CY30WE6RK,Samsung,SM-G556B,Black,128GB,Mobile phone,SM-G556BZKDEEB,REPAIRED,AE,Battery fault,batt oonly,GH43-05199A,1,0,0,0,0,0,0,0,0,0,0,0,0,0,0,0,0,0,0,0,0,0,0,0,0,0,0,0,0
1313838,3.56299E+14,R5CX92CJ75R,Samsung,SM-G556B,Black,128GB,Mobile phone,SM-G556BZKDEEB,REPAIRED,L2,Scratched Screen,OCTA TAPE BATT,GH43-05199A,1,GH82-33685A,1,GH02-24129A,1,0,0,0,0,0,0,0,0,0,0,0,0,0,0,0,0,0,0,0,0,0,0,0,0
1313839,3.56299E+14,R5CY31YKEGK,Samsung,SM-G556B,Black,128GB,Mobile phone,SM-G556BZKDEEB,REPAIRED,L2,Cracked screen,OCTA TAPE,GH82-33686A,1,GH02-24129A,1,0,0,0,0,0,0,0,0,0,0,0,0,0,0,0,0,0,0,0,0,0,0,0,0,0,0
1313840,3.56299E+14,R5CX91DLJVZ,Samsung,SM-G556B,Black,128GB,Mobile phone,SM-G556BZKDEEB,REPAIRED,AE,Power fault,batt,GH43-05199A,1,0,0,0,0,0,0,0,0,0,0,0,0,0,0,0,0,0,0,0,0,0,0,0,0,0,0,0,0
1313841,3.56299E+14,R5CY3141RAB,Samsung,SM-G556B,Black,128GB,Mobile phone,SM-G556BZKDEEB,REPAIRED,AE,Power Fault,replaced battery,GH43-05199A,1,0,0,0,0,0,0,0,0,0,0,0,0,0,0,0,0,0,0,0,0,0,0,0,0,0,0,0,0
1313842,3.56299E+14,R5CX92CK1KB,Samsung,SM-G556B,Black,128GB,Mobile phone,SM-G556BZKDEEB,REPAIRED,AE,Battery fault,Battery fault,GH43-05199A,1,0,0,0,0,0,0,0,0,0,0,0,0,0,0,0,0,0,0,0,0,0,0,0,0,0,0,0,0
1313844,3.56299E+14,R5CY31YKGQT,Samsung,SM-G556B,Black,128GB,Mobile phone,SM-G556BZKDEEB,REPAIRED,L2,Cracked screen,Cracked screen,GH43-05199A,1,GH82-33685A,1,0,0,0,0,0,0,0,0,0,0,0,0,0,0,0,0,0,0,0,0,0,0,0,0,0,0
1313845,3.56299E+14,R5CY30XRXAF,Samsung,SM-G556B,Black,128GB,Mobile phone,SM-G556BZKDEEB,REPAIRED,AE,BATTERY FAULT,batt replaced -mdm lock,GH43-05199A,1,0,0,0,0,0,0,0,0,0,0,0,0,0,0,0,0,0,0,0,0,0,0,0,0,0,0,0,0
1313847,3.56299E+14,R5CY31YKHHE,Samsung,SM-G556B,Black,128GB,Mobile phone,SM-G556BZKDEEB,REPAIRED,L2,Cracked camera,rear replaced,GH02-24129A,1,GH98-49052A,1,0,0,0,0,0,0,0,0,0,0,0,0,0,0,0,0,0,0,0,0,0,0,0,0,0,0
1313848,3.56299E+14,R5CY31YKD8D,Samsung,SM-G556B,Black,128GB,Mobile phone,SM-G556BZKDEEB,REPAIRED,L2,Cracked screen and faulty battery,Replaced Screen and Battery.,GH82-33684A,1,GH43-05199A,1,GH82-33685A,1,0,0,0,0,0,0,0,0,0,0,0,0,0,0,0,0,0,0,0,0,0,0,0,0
1313849,3.56299E+14,R5CY308HFEA,Samsung,SM-G556B,Black,128GB,Mobile phone,SM-G556BZKDEEB,REPAIRED,L2,Cracked screen,"replaced screen, batt and tape",GH82-33685A,1,GH02-24129A,1,GH43-05199A,1,0,0,0,0,0,0,0,0,0,0,0,0,0,0,0,0,0,0,0,0,0,0,0,0
1313850,3.56299E+14,R5CY30XRKAW,Samsung,SM-G556B,Black,128GB,Mobile phone,SM-G556BZKDEEB,REPAIRED,L2,Cracked screen,replaced screen,GH02-24129A,1,GH82-33685A,1,0,0,0,0,0,0,0,0,0,0,0,0,0,0,0,0,0,0,0,0,0,0,0,0,0,0
1313851,3.56299E+14,R5CY308KH9Z,Samsung,SM-G556B,Black,128GB,Mobile phone,SM-G556BZKDEEB,REPAIRED,AE,Power fault,batt replaced -mdm lock,GH43-05199A,1,0,0,0,0,0,0,0,0,0,0,0,0,0,0,0,0,0,0,0,0,0,0,0,0,0,0,0,0
1313852,3.56299E+14,R5CY60NBYZL,Samsung,SM-G556B,Black,128GB,Mobile phone,SM-G556BZKDEEB,REPAIRED,L2,Stuck factory reseting,main board and batt,GH43-05199A,1,GH02-24129A,1,GH82-33684A,1,0,0,0,0,0,0,0,0,0,0,0,0,0,0,0,0,0,0,0,0,0,0,0,0
1313853,3.56299E+14,R5CY30EMNHM,Samsung,SM-G556B,Black,,Mobile phone,SM-G556BZKDEEB,REPAIRED,AE,Battery fault,batt replaced -mdm lock,GH43-05199A,1,0,0,0,0,0,0,0,0,0,0,0,0,0,0,0,0,0,0,0,0,0,0,0,0,0,0,0,0
1314153,3.56299E+14,R5CX91DM8CX,Samsung,SM-G556B,Black,128GB,Mobile phone,SM-G556BZKDEEB,REPAIRED,AE,Faulty Battery,replaced batt -mdm lock,GH43-05199A,1,0,0,0,0,0,0,0,0,0,0,0,0,0,0,0,0,0,0,0,0,0,0,0,0,0,0,0,0
1314154,3.56299E+14,R5CY3145NLH,Samsung,SM-G556B,Black,128GB,Mobile phone,SM-G556BZKDEEB,REPAIRED,AE,Faulty Battery,batt replaced -mdm lock,GH43-05199A,1,0,0,0,0,0,0,0,0,0,0,0,0,0,0,0,0,0,0,0,0,0,0,0,0,0,0,0,0
1314155,3.56299E+14,R5CY30EKZ1V,Samsung,SM-G556B,Black,128GB,Mobile phone,SM-G556BZKDEEB,REPAIRED,AE,Faulty Battery,replaced batt -mdm lock,GH43-05199A,1,0,0,0,0,0,0,0,0,0,0,0,0,0,0,0,0,0,0,0,0,0,0,0,0,0,0,0,0
1314156,3.56299E+14,R5CY30EMASX,Samsung,SM-G556B,Black,128GB,Mobile phone,SM-G556BZKDEEB,REPAIRED,L2,Faulty charging port,usb port and batt,GH43-05199A,1,GH96-14978A,1,GH02-24129A,1,0,0,0,0,0,0,0,0,0,0,0,0,0,0,0,0,0,0,0,0,0,0,0,0
1318443,3.50891E+14,R3GYB0DJHTP,Samsung,SM-S931B/DS,Light Blue,,Mobile phone,SM-S931BLBDEUB,REPAIRED,L2,"Charging port faulty, the charging port and charging is very","Replaced usb-port, pba",GH82-36326A,1,GH82-36476A,1,GH96-18238A,1,GH82-36295C,1,0,0,0,0,0,0,0,0,0,0,0,0,0,0,0,0,0,0,0,0,0,0
1312136,3.52689E+14,R3CY60DY5WN,Samsung,SM-S931B/DS,Light Blue,128GB,Mobile phone,SM-S931BLBDEUB,REPAIRED,UB,HEAVY WEAR ON SCREEN,"Replaced oled,tapes",GH82-36476A,1,GH82-36327A,1,GH82-36478A,1,0,0,0,0,0,0,0,0,0,0,0,0,0,0,0,0,0,0,0,0,0,0,0,0
1312137,3.54322E+14,R3CT404RGNZ,Samsung,SM-S908B/DS,Green,,Mobile phone,SM-S908BZGGEUE,REPAIRED,UB,HEAVY WEAR ON SCREEN AND SIDES,replaced screen and frame,GH96-15270D,1,GH82-37366A,1,GH82-27484A,1,0,0,0,0,0,0,0,0,0,0,0,0,0,0,0,0,0,0,0,0,0,0,0,0
1312139,3.58673E+14,R3CXA0PLXWV,Samsung,SM-S921B/DS,Grey,,Mobile phone,SM-S921BZADEUB,REPAIRED,UB,Full Refurb,Full Refurb,GH96-16507A,1,GH82-33286A,1,GH82-33295A,1,GH82-33293A,1,0,0,0,0,0,0,0,0,0,0,0,0,0,0,0,0,0,0,0,0,0,0
1312140,3.53056E+14,R3CTA0VDNBY,Samsung,SM-S906B/DS,Black,,Mobile phone,SM-S906BZKDEUB,REPAIRED,L2,Replacement OCTA and battery,Replacement OCTA and battery,GH81-22958A,1,GH98-47118A,1,GH98-47110A,1,GH82-27501A,1,GH82-27502A,1,0,0,0,0,0,0,0,0,0,0,0,0,0,0,0,0,0,0,0,0
1312142,3.55416E+14,RFCW20YA89N,Samsung,SM-S901B/DS,Black,,Mobile phone,SM-S901BZKDEUE,REPAIRED,UB,HEAVY WEAR ON SCREEN AND REAR GLASS,"Replaced oled, cover",GH82-37368A,1,GH82-27434A,1,GH82-30244A,1,0,0,0,0,0,0,0,0,0,0,0,0,0,0,0,0,0,0,0,0,0,0,0,0
1312144,3.5007E+14,RFCX217JPHB,Samsung,SM-S921B/DS,Violet,256GB,Mobile phone,SM-S921BZVGEUB,REPAIRED,UB,Cracked Screen,Replaced OLED and tapes,GH82-33293A,1,GH82-33286A,1,GH82-33295A,1,0,0,0,0,0,0,0,0,0,0,0,0,0,0,0,0,0,0,0,0,0,0,0,0
1312146,3.55814E+14,RZCW930N07D,Samsung,SM-S916B/DS,Green,,Mobile phone,SM-S916BZGDEUB,REPAIRED,UB,Cracked Screen,magpie functional  refurb,GH82-30556A,1,GH82-30555A,1,GH82-31249A,1,0,0,0,0,0,0,0,0,0,0,0,0,0,0,0,0,0,0,0,0,0,0,0,0
1312147,3.54602E+14,RFCT81F3NPK,Samsung,SM-S906B/DS,Green,,Mobile phone,SM-S906BZGDEUB,REPAIRED,UB,SCREENBURN and HWT,magpie functional  refurb,GH96-14785A,1,GH82-27503A,1,GH82-30245A,1,0,0,0,0,0,0,0,0,0,0,0,0,0,0,0,0,0,0,0,0,0,0,0,0
1312149,3.51394E+14,R3CT90P71AX,Samsung,SM-S908B/DS,Black,128GB,Mobile phone,SM-S908BZKDEUB,REPAIRED,UB,HEAVY WEAR ON SCREEN,replaced screen/tapes,GH82-37366A,1,GH02-23302A,1,GH02-23303A,1,GH82-27490A,1,0,0,0,0,0,0,0,0,0,0,0,0,0,0,0,0,0,0,0,0,0,0
1312150,3.54918E+14,R5CT81LN8FW,Samsung,SM-S908B/DS,Grey,512GB,Mobile phone,SM-S908BZAHEUB,REPAIRED,UB,HEAVY WEAR ON SCREEN,Replaced the screen and tapes,GH02-23303A,1,GH02-23302A,1,GH82-37366A,1,0,0,0,0,0,0,0,0,0,0,0,0,0,0,0,0,0,0,0,0,0,0,0,0
1312152,3.58133E+14,R5CT61KNPSM,Samsung,SM-S908U,Black,,Mobile phone,SM-S908UZKAVZW,REPAIRED,L2,Camera Faults,replaced rear cam,GH98-44781A,1,GH96-14769A,1,GH82-27490A,1,0,0,0,0,0,0,0,0,0,0,0,0,0,0,0,0,0,0,0,0,0,0,0,0
1312154,3.53074E+14,R5CT348YS7K,Samsung,SM-S908B/DS,Dark Red,128GB,Mobile phone,SM-S908BDRDEUE,REPAIRED,UB,HEAVY WEAR ON SCREEN,HEAVY WEAR ON SCREEN,GH82-27490A,1,GH82-37366A,1,GH02-23302A,1,GH02-23303A,1,0,0,0,0,0,0,0,0,0,0,0,0,0,0,0,0,0,0,0,0,0,0
1312155,3.54484E+14,R5CW21HX4NJ,Samsung,SM-S918B/DS,Grey,512GB,Mobile phone,SM-S918BZAHEUB,REPAIRED,UB,Replacement OLED,Replacement OLED,GH82-33783A,1,GH81-24724A,1,GH81-24723A,1,0,0,0,0,0,0,0,0,0,0,0,0,0,0,0,0,0,0,0,0,0,0,0,0
1312156,3.54878E+14,R5CT20D9K2V,Samsung,SM-S908B/DS,Dark Red,1TB,Mobile phone,SM-S908BDRPEUB,REPAIRED,UB,HEAVY WEAR ON SCREEN,Replaced the screen and tapes,GH82-37366A,1,GH82-27490A,1,GH02-23302A,1,GH02-23303A,1,0,0,0,0,0,0,0,0,0,0,0,0,0,0,0,0,0,0,0,0,0,0
1312158,3.55191E+14,R3CT313J4PX,Samsung,SM-S908B/DS,Green,,Mobile phone,SM-S908BZGPEUB,REPAIRED,UB,HEAVY WEAR ON SCREEN,replaced screen and tapes,GH82-27490A,1,GH82-37366A,1,0,0,0,0,0,0,0,0,0,0,0,0,0,0,0,0,0,0,0,0,0,0,0,0,0,0
1312159,3.51709E+14,RFCW10AH7QW,Samsung,SM-S911B/DS,Green,,Mobile phone,SM-S911BZGGEUB,REPAIRED,UB,Replacement OLED,Replacement OLED,GH98-47979C,1,GH98-47980C,1,GH82-30551A,2,GH82-30483A,1,GH82-31245A,1,GH96-15624C,1,0,0,0,0,0,0,0,0,0,0,0,0,0,0,0,0,0,0
1312160,3.54484E+14,R5CW226A11T,Samsung,SM-S918B/DS,Light Blue,512GB,Mobile phone,SM-S918BLBHEUB,REPAIRED,UB,HEAVY WEAR ON SCREEN,magpie functional  refurb,GH81-23177A,1,GH81-24724A,1,GH82-33783A,1,0,0,0,0,0,0,0,0,0,0,0,0,0,0,0,0,0,0,0,0,0,0,0,0
1312161,3.54322E+14,R3CT7065WSW,Samsung,SM-S908B/DS,Dark Red,,Mobile phone,SM-S908BDRGEUB,REPAIRED,UB,HEAVY WEAR ON SCREEN,replaced screen/tapes,GH82-37366A,1,GH02-23303A,1,GH02-23302A,1,GH82-27490A,1,0,0,0,0,0,0,0,0,0,0,0,0,0,0,0,0,0,0,0,0,0,0
1312162,3.52134E+14,R3CXC00489V,Samsung,SM-S921B/DS,Black,,Mobile phone,SM-S921BZKGEUB,REPAIRED,UB,HEAVY WEAR ON SCREEN,"replaced oled, tapes and sim tray",GH82-33286A,1,GH82-33293A,1,GH82-33295A,1,GH96-16298A,1,0,0,0,0,0,0,0,0,0,0,0,0,0,0,0,0,0,0,0,0,0,0
1312163,3.50177E+14,RFCXB0M2P7A,Samsung,SM-S921B/DS,Black,,Mobile phone,SM-S921BZKGEUB,REPAIRED,UB,HEAVY WEAR ON SCREEN,"OOW-screen, tape",GH82-33293A,1,GH82-33286A,1,GH82-33295A,1,0,0,0,0,0,0,0,0,0,0,0,0,0,0,0,0,0,0,0,0,0,0,0,0
1312166,3.5033E+14,R3CT30P92GB,Samsung,SM-S901B/DS,Pink Gold,,Mobile phone,SM-S901BIDDEUB,REPAIRED,UB,SCREENBURN and HWT,magpie functional  refurb,GH82-37368A,1,GH82-27496A,1,GH82-30244A,1,0,0,0,0,0,0,0,0,0,0,0,0,0,0,0,0,0,0,0,0,0,0,0,0
1312168,3.5007E+14,RFCX10NWBKA,Samsung,SM-S921B/DS,Black,256GB,Mobile phone,SM-S921BZKGEUB,REPAIRED,UB,HEAVY WEAR ON SCREEN,"OOW-screen,†tapes",GH82-33295A,1,GH82-33286A,1,GH82-33293A,1,0,0,0,0,0,0,0,0,0,0,0,0,0,0,0,0,0,0,0,0,0,0,0,0
1312171,3.55681E+14,R3CX502H29H,Samsung,SM-S921B/DS,Yellow,,Mobile phone,SM-S921BZYDEUB,REPAIRED,UB,HEAVY WEAR ON SCREEN,"Replaced screen, tapes",GH82-33286A,1,GH82-33293A,1,GH82-33295A,1,0,0,0,0,0,0,0,0,0,0,0,0,0,0,0,0,0,0,0,0,0,0,0,0
1312173,3.55681E+14,RFCWC1C0Z7L,Samsung,SM-S921B/DS,Black,,Mobile phone,SM-S921BZKDEUB,REPAIRED,UB,HEAVY WEAR ON SCREEN,SCREEN REPLACEMENT.,GH97-29474A,1,GH82-33293A,1,GH82-33295A,1,GH82-33286A,1,0,0,0,0,0,0,0,0,0,0,0,0,0,0,0,0,0,0,0,0,0,0
1312176,3.58673E+14,R3CXB0QQQHJ,Samsung,SM-S921B/DS,Violet,128GB,Mobile phone,SM-S921BZVDEUB,REPAIRED,UB,Screen smashed,"Replaced OLED, front camera and tapes",GH82-33295A,1,GH82-33286A,1,GH82-33293A,1,GH96-16298A,1,0,0,0,0,0,0,0,0,0,0,0,0,0,0,0,0,0,0,0,0,0,0
1312177,3.5254E+14,R5CW10VKSSA,Samsung,SM-S901B/DS,Green,,Mobile phone,SM-S901BZGDEUB,REPAIRED,L2,"Rear Camera Quality, Telephoto Camera Quality",magpie functional  refurb,GH96-14765A,1,GH96-14773A,1,GH96-14770A,1,GH82-27496A,1,0,0,0,0,0,0,0,0,0,0,0,0,0,0,0,0,0,0,0,0,0,0
1312179,3.55681E+14,RFCWC1C1B9V,Samsung,SM-S921B/DS,Black,128GB,Mobile phone,SM-S921BZKDEUB,REPAIRED,UB,HEAVY WEAR ON SCREEN,"replaced oled,tapes",GH82-33286A,1,GH82-33295A,1,GH82-33293A,1,0,0,0,0,0,0,0,0,0,0,0,0,0,0,0,0,0,0,0,0,0,0,0,0
1312181,3.53074E+14,R5CT21A40QB,Samsung,SM-S908B/DS,Green,128GB,Mobile phone,SM-S908BZGDEUB,REPAIRED,UB,HEAVY WEAR ON SCREEN,replaced screen/tapes,GH82-27490A,1,GH02-23302A,1,GH02-23303A,1,GH82-37366A,1,0,0,0,0,0,0,0,0,0,0,0,0,0,0,0,0,0,0,0,0,0,0
1312183,3.5007E+14,RFCX105BRYL,Samsung,SM-S921B/DS,Coral,256GB,Mobile phone,SM-S921BZOGEUB,REPAIRED,UB,HEAVY WEAR ON SCREEN,Replaced OLED and tapes,GH82-33295A,1,GH82-33286A,1,GH82-33293A,1,0,0,0,0,0,0,0,0,0,0,0,0,0,0,0,0,0,0,0,0,0,0,0,0
1312193,3.51064E+14,RFCWB0JNG2Z,Samsung,SM-S911B/DS,Black,,Mobile phone,SM-S911BZKDEUB,REPAIRED,L2,CAMERA,CAMERA,GH82-30553A,1,GH96-15557A,1,0,0,0,0,0,0,0,0,0,0,0,0,0,0,0,0,0,0,0,0,0,0,0,0,0,0
1312195,3.54517E+14,RFCXA1L7VDJ,Samsung,SM-S921B/DS,Black,,Mobile phone,SM-S921BZKDEUB,REPAIRED,UB,HEAVY WEAR ON SCREEN,replaced OLED and tapes,GH82-33286A,1,GH82-33293A,1,GH82-33295A,1,0,0,0,0,0,0,0,0,0,0,0,0,0,0,0,0,0,0,0,0,0,0,0,0
1312197,3.55681E+14,RFCX30HKF5Y,Samsung,SM-S921B/DS,Black,128GB,Mobile phone,SM-S921BZKDEUB,REPAIRED,UB,HEAVY WEAR ON SCREEN,HEAVY WEAR ON SCREEN,GH82-33286A,1,GH82-33295A,1,GH82-33293A,1,0,0,0,0,0,0,0,0,0,0,0,0,0,0,0,0,0,0,0,0,0,0,0,0
1312200,3.5007E+14,RFCX20B5H3E,Samsung,SM-S921B/DS,Black,256GB,Mobile phone,SM-S921BZKGEUB,REPAIRED,UB,HEAVY WEAR ON SCREEN,"Replaced oled, tapes",GH82-33293A,1,GH82-33295A,1,GH82-33286A,1,0,0,0,0,0,0,0,0,0,0,0,0,0,0,0,0,0,0,0,0,0,0,0,0
1312201,3.50049E+14,R5CT20S9KSX,Samsung,SM-S908B/DS,Black,,Mobile phone,SM-S908BZKGEUB,REPAIRED,UB,HEAVY WEAR ON SCREEN,replaced screen and tapes,GH82-37366A,1,GH82-27490A,1,GH02-23302A,1,GH02-23303A,1,0,0,0,0,0,0,0,0,0,0,0,0,0,0,0,0,0,0,0,0,0,0
1312203,3.50177E+14,RFCX90EXHST,Samsung,SM-S921B/DS,Black,256GB,Mobile phone,SM-S921BZKGEUB,REPAIRED,UB,HEAVY WEAR ON SCREEN,Replaced OLED and tapes,GH82-33295A,1,GH82-33286A,1,GH82-33293A,1,0,0,0,0,0,0,0,0,0,0,0,0,0,0,0,0,0,0,0,0,0,0,0,0
1312205,3.53074E+14,R5CT70SA8CX,Samsung,SM-S908B/DS,Green,128GB,Mobile phone,SM-S908BZGDEUB,REPAIRED,UB,HEAVY WEAR ON SCREEN,"OOW-screen, tapes",GH82-27490A,1,GH81-22944A,1,GH82-37366A,1,0,0,0,0,0,0,0,0,0,0,0,0,0,0,0,0,0,0,0,0,0,0,0,0
1312195,3.54517E+14,RFCXA1L7VDJ,Samsung,SM-S921B/DS,Black,,Mobile phone,SM-S921BZKDEUB,REPAIRED,UB,HEAVY WEAR ON SCREEN,replaced OLED and tapes,GH82-33286A,1,GH82-33293A,1,GH82-33295A,1,0,0,0,0,0,0,0,0,0,0,0,0,0,0,0,0,0,0,0,0,0,0,0,0
1312197,3.55681E+14,RFCX30HKF5Y,Samsung,SM-S921B/DS,Black,128GB,Mobile phone,SM-S921BZKDEUB,REPAIRED,UB,HEAVY WEAR ON SCREEN,HEAVY WEAR ON SCREEN,GH82-33286A,1,GH82-33295A,1,GH82-33293A,1,0,0,0,0,0,0,0,0,0,0,0,0,0,0,0,0,0,0,0,0,0,0,0,0
1312200,3.5007E+14,RFCX20B5H3E,Samsung,SM-S921B/DS,Black,256GB,Mobile phone,SM-S921BZKGEUB,REPAIRED,UB,HEAVY WEAR ON SCREEN,"Replaced oled, tapes",GH82-33293A,1,GH82-33295A,1,GH82-33286A,1,0,0,0,0,0,0,0,0,0,0,0,0,0,0,0,0,0,0,0,0,0,0,0,0
1312201,3.50049E+14,R5CT20S9KSX,Samsung,SM-S908B/DS,Black,,Mobile phone,SM-S908BZKGEUB,REPAIRED,UB,HEAVY WEAR ON SCREEN,replaced screen and tapes,GH82-37366A,1,GH82-27490A,1,GH02-23302A,1,GH02-23303A,1,0,0,0,0,0,0,0,0,0,0,0,0,0,0,0,0,0,0,0,0,0,0
1312203,3.50177E+14,RFCX90EXHST,Samsung,SM-S921B/DS,Black,256GB,Mobile phone,SM-S921BZKGEUB,REPAIRED,UB,HEAVY WEAR ON SCREEN,Replaced OLED and tapes,GH82-33295A,1,GH82-33286A,1,GH82-33293A,1,0,0,0,0,0,0,0,0,0,0,0,0,0,0,0,0,0,0,0,0,0,0,0,0
1312205,3.53074E+14,R5CT70SA8CX,Samsung,SM-S908B/DS,Green,128GB,Mobile phone,SM-S908BZGDEUB,REPAIRED,UB,HEAVY WEAR ON SCREEN,"OOW-screen, tapes",GH82-27490A,1,GH81-22944A,1,GH82-37366A,1,0,0,0,0,0,0,0,0,0,0,0,0,0,0,0,0,0,0,0,0,0,0,0,0
1299890,3.53325E+14,R3CT908X5TX,Samsung,SM-S901B/DS,Black,,Mobile phone,SM-S901BZKDEUB,REPAIRED,UB,Battery swollen.Image burn present on display.Liquid contami,"Replaced - Screen, battery, Charging port, tapes and usb cable",GH82-30244A,1,GH96-14789A,1,GH82-27496A,1,GH39-02111A,1,GH82-37368A,1,GH82-27494A,1,0,0,0,0,0,0,0,0,0,0,0,0,0,0,0,0,0,0
1300209,3.51709E+14,RFCW307HY9K,Samsung,SM-S911B/DS,Light Pink,,Mobile phone,SM-S911BLIGEUB,REPAIRED,L2,Swollen batteryLiquid corrosion inside charging port.,"Battery, charging port and cable",GH82-30483A,1,GH39-02111A,1,GH96-15629A,1,GH82-30553A,1,0,0,0,0,0,0,0,0,0,0,0,0,0,0,0,0,0,0,0,0,0,0
1305716,3.51104E+14,R5CY41RY1QF,Samsung,SM-A166B/DS,Black,,Mobile phone,SM-A166BZKDEUB,REPAIRED,L2,Charging port burnt with liquid corrosion inside.,"Charging port, mid frame, tapes and cable.",GH81-26599A,1,GH39-02115A,1,GH98-49821A,1,GH96-18449A,1,0,0,0,0,0,0,0,0,0,0,0,0,0,0,0,0,0,0,0,0,0,0
1305731,3.54484E+14,R5CW61DXG0T,Samsung,SM-S918B/DS,Light Pink,,Mobile phone,SM-S918BLIHEUB,REPAIRED,L2,Charging port burnt with liquid corrosion inside.Customer wa,"Charging port, SIM tray, S-Pen, tapes cable, adapter",GH39-02111A,1,GH96-15621A,1,GH81-24723A,1,GH98-48039D,1,GH96-15658D,1,0,0,0,0,0,0,0,0,0,0,0,0,0,0,0,0,0,0,0,0
1306418,3.54484E+14,R5CW604LRAN,Samsung,SM-S918B/DS,Grey,,Mobile phone,SM-S918BZAHEUB,REPAIRED,UB,Cracked screen due to impact.Swollen battery,"Replaced - Screen, Battery, kits.",GH81-24723A,1,GH82-30459A,1,GH81-24724A,1,GH82-33783A,1,0,0,0,0,0,0,0,0,0,0,0,0,0,0,0,0,0,0,0,0,0,0
1308685,3.57867E+14,RF8Y10P4VPN,Samsung,SM-A165F/DSB,Black,,Mobile phone,SM-A165FZKBEUB,REPAIRED,L2,Charging port burnt with liquid corrosion inside.Use of thir,"Charging port, cable and adapter",GH96-18451A,1,GH39-02115A,1,0,0,0,0,0,0,0,0,0,0,0,0,0,0,0,0,0,0,0,0,0,0,0,0,0,0
1309968,3.55929E+14,R5CW42PY8AK,Samsung,SM-S918B/DS,Light Blue,,Mobile phone,SM-S918BLBDEUB,REPAIRED,UB,"Swollen battery, cracked screen and back glass","Screen, battery, tapes and back cover",GH82-30400G,1,GH81-24723A,1,GH81-24724A,1,GH82-33783A,1,GH96-15833G,1,GH82-30459A,1,0,0,0,0,0,0,0,0,0,0,0,0,0,0,0,0,0,0
1311110,3.5025E+14,RZCXA1DCBVB,Samsung,SM-A256B/DSN,Blue,,Mobile phone,SM-A256BZBDEUB,REPAIRED,L2,Charging port burnt with liquid corrosion inside.Liquid corr,"Charging port, tapes and cable.",GH96-16227A,1,GH81-24067A,1,GH39-02115A,1,0,0,0,0,0,0,0,0,0,0,0,0,0,0,0,0,0,0,0,0,0,0,0,0
1312091,3.52623E+14,R5CXA1R1HGR,Samsung,SM-A166B/DS,Light Green,128GB,Mobile phone,SM-A166BLGDEUB,REPAIRED,L2,Signs of third-party repair.Battery has been tempered with/r,"Screen with frame, battery, charging port, mid frame, back cover, cabl",GH39-02115A,1,GH82-36030D,1,GH98-49821D,1,GH96-18449A,1,GH82-36145A,1,GH82-36143A,1,0,0,0,0,0,0,0,0,0,0,0,0,0,0,0,0,0,0
1312653,3.50371E+14,RZCTA16L5ER,Samsung,SM-G990B2/DS,Light Violet,,Mobile phone,SM-G990BLVFEUA,REPAIRED,L2,Battery degradation over time,Battery and tapes,GH82-26409A,1,GH02-22977A,1,0,0,0,0,0,0,0,0,0,0,0,0,0,0,0,0,0,0,0,0,0,0,0,0,0,0
1313085,3.50205E+14,R3CY301RD6N,Samsung,SM-S936B/DS,Dark Blue,,Mobile phone,SM-S936BDBGEUB,REPAIRED,L2,Substance inside speaker,Speaker and tape,GH82-36508A,1,GH96-18515A,1,0,0,0,0,0,0,0,0,0,0,0,0,0,0,0,0,0,0,0,0,0,0,0,0,0,0
1313783,3.54517E+14,RFCX41N2Q2R,Samsung,SM-S921B/DS,Violet,,Mobile phone,SM-S921BZVDEUB,REPAIRED,L2,Liquid corrosion inside charging port.Use of third-party cab,"Charging port, tapes and cable",GH39-02111A,1,GH82-33293A,1,GH96-16507A,1,0,0,0,0,0,0,0,0,0,0,0,0,0,0,0,0,0,0,0,0,0,0,0,0
1314042,3.52623E+14,R5CXA43H8JR,Samsung,SM-A166B/DS,Black,,Mobile phone,SM-A166BZKDEUB,REPAIRED,L2,Charging port burnt with liquid corrosion inside,"Charging port, mid frame, back cover and cable",GH96-18449A,1,GH39-02115A,1,GH82-36030A,1,GH98-49821A,1,0,0,0,0,0,0,0,0,0,0,0,0,0,0,0,0,0,0,0,0,0,0
1314044,3.52623E+14,R5CXB1082QM,Samsung,SM-A166B/DS,Black,,Mobile phone,SM-A166BZKDEUB,REPAIRED,L2,Image burn present on display.Liquid corrosion inside chargi,"Screen, battery, charging port tapes and cable",GH39-02032A,1,GH96-18449A,1,GH81-26599A,1,GH82-36145A,1,GH82-36143A,1,0,0,0,0,0,0,0,0,0,0,0,0,0,0,0,0,0,0,0,0
1314055,3.52623E+14,R5CXA40K5YF,Samsung,SM-A166B/DS,Black,,Mobile phone,SM-A166BZKDEUB,REPAIRED,L2,Charging port burnt with liquid corrosion inside.,"Charging port, mid frame, back cover and cable",GH39-02032A,1,GH82-36030A,1,GH98-49821A,1,GH96-18449A,1,0,0,0,0,0,0,0,0,0,0,0,0,0,0,0,0,0,0,0,0,0,0
1314267,3.52353E+14,R3CW10A68LJ,Samsung,SM-S918B/DS,Light Pink,,Mobile phone,SM-S918BLIDEUB,REPAIRED,UB,Cracked screen,Screen and tapes,GH82-33783A,1,GH81-24724A,1,GH81-24723A,1,0,0,0,0,0,0,0,0,0,0,0,0,0,0,0,0,0,0,0,0,0,0,0,0
1315346,3.54484E+14,R5CW226LZ4Y,Samsung,SM-S918B/DS,Grey,,Mobile phone,SM-S918BZAHEUB,REPAIRED,UB,Distortion on display due to dents on screen.Swollen battery,"Screen, battery and tapes",GH82-33783A,1,GH81-24724A,1,GH82-30459A,1,GH81-24723A,1,0,0,0,0,0,0,0,0,0,0,0,0,0,0,0,0,0,0,0,0,0,0
1315882,3.51328E+14,RFCR20FFVWL,Samsung,SM-G781B/DS,Blue,,Mobile phone,SM-G781BZBDEUA,REPAIRED,L2,Charging port burnt.Use of third-party accessories.,"Charging port, tapes, cable and adapter",GH81-19848A,1,GH96-13848A,1,GH39-02091A,1,GH44-03035A,1,0,0,0,0,0,0,0,0,0,0,0,0,0,0,0,0,0,0,0,0,0,0
1320956,3.52353E+14,R3CW4041JLB,Samsung,SM-S918B/DS,Black,,Mobile phone,SM-S918BZKDEUB,REPAIRED,L2,Unauthorized access and removal of battery.Cracked back glas,"Battery, tele camera, back glass and tapes",GH82-30459A,1,GH96-15592A,1,GH82-30400A,1,GH81-24723A,1,0,0,0,0,0,0,0,0,0,0,0,0,0,0,0,0,0,0,0,0,0,0
1304273,3.52405E+14,RFCW104HPRH,Samsung,SM-S911B/DS,Black,,Mobile phone,SM-S911BZKDEUB,REPAIRED,L2,Swollen battery.,Battery and tapes,GH02-24523A,1,GH02-24494A,1,GH82-30486A,1,GH82-30553A,1,GH82-30483A,1,0,0,0,0,0,0,0,0,0,0,0,0,0,0,0,0,0,0,0,0
1309954,3.54223E+14,R5CY52NAH2K,Samsung,SM-S938B/DS,Absolute Black,,Mobile phone,SM-S938BAKDEUB,REPAIRED,L2,Swollen battery.,Battery and tapes,GH82-36389A,1,GH82-36520A,1,0,0,0,0,0,0,0,0,0,0,0,0,0,0,0,0,0,0,0,0,0,0,0,0,0,0
1309955,3.51479E+14,R5CY53Y3TWZ,Samsung,SM-S937B/DS,Black,,Mobile phone,SM-S937BZKDEUB,REPAIRED,L2,Stuck on Android screen,"Motherboard, charging port and tapes",GH82-37312A,1,GH81-27504A,1,GH82-37223A,1,GH82-37226A,1,0,0,0,0,0,0,0,0,0,0,0,0,0,0,0,0,0,0,0,0,0,0
1309992,3.5033E+14,R5CT606QW1E,Samsung,SM-S901B/DS,Black,,Mobile phone,SM-S901BZKDEUB,REPAIRED,L2,Swollen battery,"Replaced†battery, cover and†tape",GH82-27434A,1,GH82-27496A,1,GH82-27494A,1,0,0,0,0,0,0,0,0,0,0,0,0,0,0,0,0,0,0,0,0,0,0,0,0
1309993,3.50439E+14,R5CWA12JRRF,Samsung,SM-S918B/DS,Black,,Mobile phone,SM-S918BZKPEUB,REPAIRED,L2,Swollen battery,Replaced battery and tape,GH82-30459A,1,GH81-24723A,1,0,0,0,0,0,0,0,0,0,0,0,0,0,0,0,0,0,0,0,0,0,0,0,0,0,0
1309994,3.55929E+14,R5CW61TV9LN,Samsung,SM-S918B/DS,Black,,Mobile phone,SM-S918BZKDEUB,REPAIRED,L2,Swollen battery.,Replaced battery and tape,GH81-24723A,1,GH82-30459A,1,0,0,0,0,0,0,0,0,0,0,0,0,0,0,0,0,0,0,0,0,0,0,0,0,0,0
1309995,3.58154E+14,R5CW80Q6FLT,Samsung,SM-S918B/DS,Light Pink,,Mobile phone,SM-S918BLIHEUB,REPAIRED,UB,Screen is cracked due to impact. Swollen battery,"Screen, battery and tape",GH82-33783A,1,GH82-30459A,1,GH81-24724A,1,GH81-24723A,1,0,0,0,0,0,0,0,0,0,0,0,0,0,0,0,0,0,0,0,0,0,0
1309996,3.5033E+14,R3CT401X1MZ,Samsung,SM-S901B/DS,Green,,Mobile phone,SM-S901BZGDEUB,REPAIRED,UB,Swollen battery.Minor image burn is present.,"Screen, battery, tapes",GH82-27494A,1,GH82-30244A,1,GH82-27496A,1,GH82-37368A,1,0,0,0,0,0,0,0,0,0,0,0,0,0,0,0,0,0,0,0,0,0,0
1309997,3.54484E+14,R5CW51EXS1J,Samsung,SM-S918B/DS,Beige,,Mobile phone,SM-S918BZEHEUB,REPAIRED,L2,Swollen battery,Replaced battery†and†tape,GH81-24723A,1,GH82-30459A,1,0,0,0,0,0,0,0,0,0,0,0,0,0,0,0,0,0,0,0,0,0,0,0,0,0,0
1309998,3.52009E+14,RZCW919V0QW,Samsung,SM-A546B/DS,Black,,Mobile phone,SM-A546BZKCEUB,REPAIRED,L2,Battery performance has decreased and replacement is recomme,Replaced battery and tape,GH82-35877A,1,GH02-24726A,1,0,0,0,0,0,0,0,0,0,0,0,0,0,0,0,0,0,0,0,0,0,0,0,0,0,0
1309999,3.53325E+14,R3CT60D5Z6K,Samsung,SM-S901B/DS,Green,,Mobile phone,SM-S901BZGDEUB,REPAIRED,UB,Swollen battery.Minor image burn present on display,"Screen, battery, rear cameras and tapes",GH82-27494A,1,GH82-27496A,1,GH82-30244A,1,GH82-37368A,1,GH96-14773A,1,GH96-14765A,1,0,0,0,0,0,0,0,0,0,0,0,0,0,0,0,0,0,0
1310000,3.56045E+14,R5CT423MG5K,Samsung,SM-S901U1,Pink Gold,,Mobile phone,SM-S901UIDAXAA,REPAIRED,L2,Swollen battery,Battery and tape,GH82-27494A,1,GH82-27496A,1,0,0,0,0,0,0,0,0,0,0,0,0,0,0,0,0,0,0,0,0,0,0,0,0,0,0
1310001,3.55929E+14,R5CW42PYBCA,Samsung,SM-S918B/DS,Light Blue,,Mobile phone,SM-S918BLBDEUB,REPAIRED,L2,Swollen battery.,Replaced Battery and tape,GH82-30459A,1,GH81-24723A,1,0,0,0,0,0,0,0,0,0,0,0,0,0,0,0,0,0,0,0,0,0,0,0,0,0,0
1310751,3.54484E+14,R5CW41FEG0H,Samsung,SM-S918B/DS,Beige,,Mobile phone,SM-S918BZEHEUB,REPAIRED,L2,Swollen battery.,Battery and tapes,GH81-24723A,1,GH82-30459A,1,0,0,0,0,0,0,0,0,0,0,0,0,0,0,0,0,0,0,0,0,0,0,0,0,0,0
1310752,3.50177E+14,RFCX80L54WM,Samsung,SM-S921B/DS,Yellow,,Mobile phone,SM-S921BZYGEUB,REPAIRED,L2,Swollen battery. Back glass delaminated due to the battery p,"Battery, charging port, back glass, tapes and cable",GH82-33290A,1,GH96-16507A,1,GH82-33101D,1,GH82-33293A,1,GH39-02111A,1,0,0,0,0,0,0,0,0,0,0,0,0,0,0,0,0,0,0,0,0
1311987,3.50439E+14,R5CW51BPRXR,Samsung,SM-S918B/DS,Green,,Mobile phone,SM-S918BZGPEUB,REPAIRED,L2,Swollen battery,Battery and tapes,GH82-30459A,1,GH81-24723A,1,0,0,0,0,0,0,0,0,0,0,0,0,0,0,0,0,0,0,0,0,0,0,0,0,0,0
1311988,3.52631E+14,RFCR10QQMGB,Samsung,SM-G996B/DS,Black,,Mobile phone,SM-G996BZKDEUA,REPAIRED,L2,Swollen battery1st mic did not work after speakers and usb p,"Battery, usb port, speaker, main board",GH82-24556A,1,GH82-24565A,1,GH82-28163A,1,GH96-13993A,1,GH96-13996A,1,GH97-25964A,1,GH82-24552A,1,0,0,0,0,0,0,0,0,0,0,0,0,0,0,0,0
1312092,3.52624E+14,RFCX105NHCK,Samsung,SM-S928B/DS,Black,,Mobile phone,SM-S928BZKHEUB,REPAIRED,UB,Back glass lifting due to faulty OCTA frame,"Screen, frame, battery and tapes",GH82-33392A,1,GH82-33387A,1,GH82-33399B,1,GH82-33544A,1,GH82-33385A,1,GH81-24824A,1,0,0,0,0,0,0,0,0,0,0,0,0,0,0,0,0,0,0
1312093,3.5308E+14,R5CW80H4MHZ,Samsung,SM-S918B/DS,Black,,Mobile phone,SM-S918BZKDEUB,REPAIRED,L2,Swollen battery.,Battery and tapes,GH81-24723A,1,GH82-30459A,1,0,0,0,0,0,0,0,0,0,0,0,0,0,0,0,0,0,0,0,0,0,0,0,0,0,0
1312094,3.52648E+14,R5CY724GKMP,Samsung,SM-F766B,Black,512GB,Mobile phone,SM-F766BZKHEUB,REPAIRED,L2,Damage to screen caused by customer.No power due to faulty P,"Screen with frame, motherboard and tapes",GH82-37588A,1,GH82-37583A,1,GH82-37818A,1,GH82-37820A,1,GH82-37582A,1,GH82-38794C,1,0,0,0,0,0,0,0,0,0,0,0,0,0,0,0,0,0,0
1312656,3.53325E+14,R3CT70B5NSK,Samsung,SM-S901B/DS,Pink Gold,,Mobile phone,SM-S901BIDDEUB,REPAIRED,UB,Image burn present on screen.Swollen battery.,"Screen, battery and tapes",GH82-30244A,1,GH82-27434D,1,GH82-37368A,1,GH82-27494A,1,GH82-27496A,1,0,0,0,0,0,0,0,0,0,0,0,0,0,0,0,0,0,0,0,0
1312657,3.52375E+14,RZCW607MP0D,Samsung,SM-A546B/DS,White,,Mobile phone,SM-A546BZWCEUB,REPAIRED,UB,Swollen battery,"screen, Battery and tape",GH82-35877A,1,GH02-24726A,1,GH82-31516A,1,GH82-31236A,1,0,0,0,0,0,0,0,0,0,0,0,0,0,0,0,0,0,0,0,0,0,0
1312658,3.5033E+14,R5CT84ASXKL,Samsung,SM-S901B/DS,Light Violet,,Mobile phone,SM-S901BLVDEUB,REPAIRED,UB,Swollen battery.Image burn present on display.,"Screen, battery and tape",GH82-30244A,1,GH82-27496A,1,GH82-27494A,1,GH82-37368A,1,0,0,0,0,0,0,0,0,0,0,0,0,0,0,0,0,0,0,0,0,0,0
1313616,3.5674E+14,R5CW1035FFZ,Samsung,SM-A236B/DSN,Black,,Mobile phone,SM-A236BZKUEEB,REPAIRED,L2,Swollen battery.,Battery and tapes,GH81-22600A,1,GH82-29731A,1,0,0,0,0,0,0,0,0,0,0,0,0,0,0,0,0,0,0,0,0,0,0,0,0,0,0
1313638,3.5308E+14,R5CW724599T,Samsung,SM-S918B/DS,Green,,Mobile phone,SM-S918BZGDEUB,REPAIRED,L2,Swollen battery.,battery and tape,GH82-30459A,1,GH81-24723A,1,0,0,0,0,0,0,0,0,0,0,0,0,0,0,0,0,0,0,0,0,0,0,0,0,0,0
1313639,3.53325E+14,R3CT40X90MR,Samsung,SM-S901B/DS,Black,,Mobile phone,SM-S901BZKDEUB,REPAIRED,UB,Image burn on displaySwollen battery,"screen, battery and tapes",GH82-37368A,1,GH82-27494A,1,GH82-27496A,1,GH82-30244A,1,0,0,0,0,0,0,0,0,0,0,0,0,0,0,0,0,0,0,0,0,0,0
1313640,3.52405E+14,RFCW41G9FDP,Samsung,SM-S911B/DS,Beige,,Mobile phone,SM-S911BZEDEUE,REPAIRED,UB,"Swollen battery.Cluster of dead pixels present on display, n","Screen, battery, tapes",GH82-30553A,1,GH82-31245A,1,GH82-30483A,1,GH82-30551A,1,0,0,0,0,0,0,0,0,0,0,0,0,0,0,0,0,0,0,0,0,0,0
1313641,3.57823E+14,R5CW62DRE9Z,Samsung,SM-S918B/DS,Beige,,Mobile phone,SM-S918BZEUTPA,REPAIRED,L2,Swollen battery,battery and tape,GH81-24723A,1,GH82-30459A,1,0,0,0,0,0,0,0,0,0,0,0,0,0,0,0,0,0,0,0,0,0,0,0,0,0,0
1313795,3.57233E+14,RZCX4224RGV,Samsung,SM-S928B/DS,Black,,Mobile phone,SM-S928BZKHEUB,REPAIRED,L2,battery draining unusually fast and the device getting too h,"Motherboard, battery, charging port and tapes.",GH82-33387A,1,GH96-16497A,1,GH82-33392A,1,GH82-33622A,1,0,0,0,0,0,0,0,0,0,0,0,0,0,0,0,0,0,0,0,0,0,0
1313969,3.52353E+14,R3CW10A6SYZ,Samsung,SM-S918B/DS,Light Pink,,Mobile phone,SM-S918BLIDEUB,REPAIRED,UB,Swollen battery.Image burn on display.,"Screen, battery, SIM tray and tapes",GH81-24724A,1,GH82-33783A,1,GH82-30459A,1,GH81-24723A,1,GH98-48039D,1,0,0,0,0,0,0,0,0,0,0,0,0,0,0,0,0,0,0,0,0
1314316,3.50518E+14,R3CR509MRRA,Samsung,SM-G991B/DS,Grey,,Mobile phone,SM-G991BZADEUA,REPAIRED,UB,Swollen battery.Image burn present on display.,"Screen,†battery,†flex,†usb†port†and†sim tray, tapes",GH82-24537A,1,GH82-24549A,1,GH82-28161A,1,GH96-13942B,1,GH96-14033A,1,GH82-30242A,2,GH98-46193E,1,0,0,0,0,0,0,0,0,0,0,0,0,0,0,0,0
1314317,3.52731E+14,R3CR20MC2YN,Samsung,SM-G998B/DS,Silver,,Mobile phone,SM-G998BZSGEUA,REPAIRED,UB,Swollen battery,"battery, screen, usb port, connector and tape",GH81-22948A,1,GH96-14071A,1,GH59-15418A,1,GH82-24597A,1,GH82-24592A,1,GH96-13958B,1,0,0,0,0,0,0,0,0,0,0,0,0,0,0,0,0,0,0
1314536,3.54803E+14,RZCY10XCE9A,Samsung,SM-S931B/DS,Dark Blue,,Mobile phone,SM-S931BDBDEUB,REPAIRED,L2,Water resistance failed.Faulty wide cam.,"Motherboard, wide cam, NFC, charging port, bridge cables and tapes",GH82-36476A,1,GH82-36295D,1,GH96-15557A,1,GH97-30329A,1,GH82-36332A,1,GH82-36333A,1,GH96-18238A,1,GH82-36326A,1,0,0,0,0,0,0,0,0,0,0,0,0,0,0
1315883,3.51709E+14,RFCW31V4WGW,Samsung,SM-S911B/DS,Black,,Mobile phone,SM-S911BZKGEUB,REPAIRED,L2,Swollen battery,Battery and tapes,GH82-30483A,1,GH82-30553A,1,0,0,0,0,0,0,0,0,0,0,0,0,0,0,0,0,0,0,0,0,0,0,0,0,0,0
1315884,3.54484E+14,R5CW41DTQ5T,Samsung,SM-S918B/DS,Light Pink,,Mobile phone,SM-S918BLIHEUB,REPAIRED,L2,Swollen battery,battery and tape,GH81-24723A,1,GH82-30459A,1,0,0,0,0,0,0,0,0,0,0,0,0,0,0,0,0,0,0,0,0,0,0,0,0,0,0
1315885,3.55929E+14,R5CW41D7VWL,Samsung,SM-S918B/DS,Light Blue,,Mobile phone,SM-S918BLBDEUB,REPAIRED,UB,Swollen battery.Image burn present on display.,"Screen, battery and tapes",GH82-30459A,1,GH81-24723A,1,GH81-24724A,1,GH82-33783A,1,0,0,0,0,0,0,0,0,0,0,0,0,0,0,0,0,0,0,0,0,0,0
1315886,3.54722E+14,R3CW40BSTAB,Samsung,SM-S918B/DS,Black,,Mobile phone,SM-S918BZKHEUB,REPAIRED,L2,Swollen battery,battery and tape,GH82-30459A,1,GH81-24723A,1,0,0,0,0,0,0,0,0,0,0,0,0,0,0,0,0,0,0,0,0,0,0,0,0,0,0
1315887,3.52353E+14,R3CW40LZH8F,Samsung,SM-S918B/DS,Black,,Mobile phone,SM-S918BZKDEUB,REPAIRED,UB,Swollen battery.Image burn is present on display.,"Screen, battery and tape",GH81-24723A,1,GH81-24724A,1,GH82-30459A,1,GH82-33783A,1,0,0,0,0,0,0,0,0,0,0,0,0,0,0,0,0,0,0,0,0,0,0
1315889,3.55416E+14,RFCT81LEL0V,Samsung,SM-S901B/DS,Black,,Mobile phone,SM-S901BZKDEUE,REPAIRED,L2,Swollen battery,"battery, rear camera and tape",GH96-14765A,1,GH82-27496A,1,GH82-27494A,1,0,0,0,0,0,0,0,0,0,0,0,0,0,0,0,0,0,0,0,0,0,0,0,0
1315890,3.57108E+14,RF8R71CN0VN,Samsung,SM-G780G/DS,Blue,,Mobile phone,SM-G780GZBDEUA,REPAIRED,L2,Swollen battery,battery and tape,GH81-19848A,1,GH82-24205A,1,0,0,0,0,0,0,0,0,0,0,0,0,0,0,0,0,0,0,0,0,0,0,0,0,0,0
1316206,3.52597E+14,R3CT30F0KTN,Samsung,SM-S901B/DS,Green,,Mobile phone,SM-S901BZGGEUB,REPAIRED,UB,Swollen battery.Image burn present on screen.,"Screen, battery, repair kit and rework kit.",GH82-37368A,1,GH82-27494A,1,GH82-27496A,1,GH82-30244A,1,0,0,0,0,0,0,0,0,0,0,0,0,0,0,0,0,0,0,0,0,0,0
1316700,3.54722E+14,R3CW409N3CA,Samsung,SM-S918B/DS,Green,,Mobile phone,SM-S918BZGHEUB,REPAIRED,L2,Swollen battery,Battery and tape,GH81-24723A,1,GH82-30459A,1,0,0,0,0,0,0,0,0,0,0,0,0,0,0,0,0,0,0,0,0,0,0,0,0,0,0
1317184,3.58562E+14,RFCY11NBA3M,Samsung,SM-S938B/DS,Silver,,Mobile phone,SM-S938BZSHEUB,REPAIRED,L2,Liquid corrosion inside charging port.Liquid traces inside d,"ultra wide cam, bridge cables, NFC antenna, charging port, tapes and c",GH96-18321A,1,GH82-37696A,1,GH97-30561A,1,GH82-36382A,1,GH39-02176A,1,GH96-17822A,1,GH59-15819A,1,0,0,0,0,0,0,0,0,0,0,0,0,0,0,0,0
1317930,3.50361E+14,R3CTC01332R,Samsung,SM-S901B/DS,Black,,Mobile phone,SM-S901BZKDEUB,REPAIRED,UB,Swollen battery,"Screen, Battery and tape",GH82-30244A,1,GH82-37368A,1,GH96-14765A,1,GH82-27496A,1,GH82-27494A,1,0,0,0,0,0,0,0,0,0,0,0,0,0,0,0,0,0,0,0,0
1317932,3.56007E+14,RFCW21ER8ML,Samsung,SM-S901B/DS,Green,,Mobile phone,SM-S901BZGGEUB,REPAIRED,UB,Swollen battery.Image burn present on the screen.,"Screen, battery and tape",GH82-37368A,1,GH82-27494A,1,GH82-27496A,1,GH82-30244A,1,0,0,0,0,0,0,0,0,0,0,0,0,0,0,0,0,0,0,0,0,0,0
1319582,3.54722E+14,R3CW406B0EY,Samsung,SM-S918B/DS,Black,,Mobile phone,SM-S918BZKHEUB,REPAIRED,L2,Swollen battery,battery and tape,GH81-24723A,1,GH82-30459A,1,0,0,0,0,0,0,0,0,0,0,0,0,0,0,0,0,0,0,0,0,0,0,0,0,0,0
1319583,3.53325E+14,R3CTA0F645A,Samsung,SM-S901B/DS,Black,,Mobile phone,SM-S901BZKDEUB,REPAIRED,UB,"Swollen battery,Image burn is present on display","Screen, battery, kits and cover",GH82-27496A,1,GH82-30244A,1,GH82-27494A,1,GH82-27434A,1,GH82-37368A,1,0,0,0,0,0,0,0,0,0,0,0,0,0,0,0,0,0,0,0,0
1319584,3.56817E+14,R5CW60QK92A,Samsung,SM-S911B/DS,Black,,Mobile phone,SM-S911BZKDEUB,REPAIRED,L2,Swollen battery.,Battery and tape,GH82-30553A,1,GH82-30483A,1,0,0,0,0,0,0,0,0,0,0,0,0,0,0,0,0,0,0,0,0,0,0,0,0,0,0
1320906,3.58154E+14,R5CWA202T5E,Samsung,SM-S918B/DS,Light Blue,,Mobile phone,SM-S918BLBHEUB,REPAIRED,L2,Swollen battery,Battery and tapes,GH81-24723A,1,GH82-30459A,1,0,0,0,0,0,0,0,0,0,0,0,0,0,0,0,0,0,0,0,0,0,0,0,0,0,0
1321663,3.56597E+14,RFCY11FG60E,Samsung,SM-S938B/DS,Green,,Mobile phone,SM-S938BZGGEUB,REPAIRED,UB,Bump on batteryScrew stuck inside thread on OCTA frame,"Screen, frame, battery, front cam and tapes.",GH82-36386A,1,GH82-36522A,1,GH98-49811A,1,GH82-36520A,1,GH82-36389A,1,GH82-36588A,1,GH96-17872A,1,0,0,0,0,0,0,0,0,0,0,0,0,0,0,0,0
1321745,3.5007E+14,RFCWC1AZDSV,Samsung,SM-S921B/DS,Grey,,Mobile phone,SM-S921BZAGEUB,REPAIRED,L2,Swollen battery.,Battery and tape,GH82-33293A,1,GH82-33290A,1,0,0,0,0,0,0,0,0,0,0,0,0,0,0,0,0,0,0,0,0,0,0,0,0,0,0
1321746,3.52624E+14,R3CX40QKFZK,Samsung,SM-S928B/DS,Black,,Mobile phone,SM-S928BZKHEUB,REPAIRED,L2,Swollen battery.,Battery and tape,GH82-33387A,1,GH82-33392A,1,0,0,0,0,0,0,0,0,0,0,0,0,0,0,0,0,0,0,0,0,0,0,0,0,0,0
1322067,3.52353E+14,R3CWA0H9XLT,Samsung,SM-S918B/DS,Black,,Mobile phone,SM-S918BZKDEUB,REPAIRED,L2,Swollen battery.,Battery and repair kit,GH82-30459A,1,GH81-24723A,1,0,0,0,0,0,0,0,0,0,0,0,0,0,0,0,0,0,0,0,0,0,0,0,0,0,0
1263211,3.51451E+14,RFCX615N3FB,Samsung,SM-F956B/DS,Dark Blue,256GB,Mobile phone,SM-F956BDBBEUB,REPAIRED,L2,bezel. &quot;Camera front&quot;,Replaced inner front camera,GH96-16975A,1,GH81-26062A,1,0,0,0,0,0,0,0,0,0,0,0,0,0,0,0,0,0,0,0,0,0,0,0,0,0,0
1266723,3.50635E+14,R5CXC2YP5YA,Samsung,SM-S936B/DS,Dark Blue,256GB,Mobile phone,SM-S936BDBDEUB,REPAIRED,UB,Oled+BG,Full†Cosmetic†Rebuild,GH98-49874D,1,GH96-17855A,1,GH82-36350D,1,GH82-36508A,1,GH82-36510A,1,GH82-36370A,1,GH82-36367D,1,GH82-36356A,1,0,0,0,0,0,0,0,0,0,0,0,0,0,0
1272283,3.55681E+14,RFCWC185ZYE,Samsung,SM-S921B/DS,Yellow,128GB,Mobile phone,SM-S921BZYDEUB,REPAIRED,UB,"Screen C,Camera front,Dark shadows","screen,†front†cam,†kit",GH82-33286A,1,GH82-33295A,2,GH96-16552A,1,GH81-25483A,1,GH96-16298A,1,GH82-33418D,1,GH97-29493A,1,0,0,0,0,0,0,0,0,0,0,0,0,0,0,0,0
1272428,3.55681E+14,RFCWC18PSAE,Samsung,SM-S921B/DS,Yellow,128GB,Mobile phone,SM-S921BZYDEUB,REPAIRED,UB,"Screen B,Camera front,Dark shadows",screen†replacement,GH82-33286A,1,GH81-25483A,1,GH96-15541A,1,GH82-33295A,2,0,0,0,0,0,0,0,0,0,0,0,0,0,0,0,0,0,0,0,0,0,0
1272913,3.51451E+14,RFCX612ZVTV,Samsung,SM-F956B/DS,Silver,256GB,Mobile phone,SM-F956BZSBEUB,REPAIRED,UB,OLED+FC+DECO - overheat warning on wireless charge,Replaced†front†camera†and†deco and mainboard,GH82-35038A,1,GH82-35046A,1,GH82-35137A,2,GH96-16975A,1,GH82-35139A,1,GH42-07058A,1,GH81-26062A,2,0,0,0,0,0,0,0,0,0,0,0,0,0,0,0,0
1273162,3.50635E+14,R5CXC32L8SR,Samsung,SM-S936B/DS,Dark Blue,256GB,Mobile phone,SM-S936BDBDEUB,REPAIRED,UB,&quot;Camera front&quot;,Refurb,GH82-36356A,1,GH82-36370A,1,GH82-36367D,1,GH82-36508A,1,GH82-36350D,1,GH82-36510A,2,GH96-17855A,1,0,0,0,0,0,0,0,0,0,0,0,0,0,0,0,0
1284068,3.53936E+14,R5CX618GN4T,Samsung,SM-F741B,Silver,256GB,Mobile phone,SM-F741BZSGEUB,REPAIRED,L2,Replacement OCTA,Replacement OCTA,GH82-35143A,1,GH82-35014A,1,GH82-35024A,1,GH82-35023A,1,GH82-35141A,1,GH98-49236A,1,0,0,0,0,0,0,0,0,0,0,0,0,0,0,0,0,0,0
1284287,3.53936E+14,R5CX6175J4L,Samsung,SM-F741B,Silver,256GB,Mobile phone,SM-F741BZSGEUB,REPAIRED,UB,front frame/ screen,REPLACED THE SCREEN AND SIM TRAY,GH98-49236A,1,GH98-49714A,1,GH82-35145A,2,GH82-35022A,1,GH81-26035A,2,GH02-26398A,1,GH02-26374A,1,0,0,0,0,0,0,0,0,0,0,0,0,0,0,0,0
1284937,3.55681E+14,RFCWC18S49J,Samsung,SM-S921B/DS,Yellow,128GB,Mobile phone,SM-S921BZYDEUB,REPAIRED,L2,Replacement Cover,Replacement Cover,GH82-33101D,1,0,0,0,0,0,0,0,0,0,0,0,0,0,0,0,0,0,0,0,0,0,0,0,0,0,0,0,0
1290495,3.51451E+14,RFCX613012Y,Samsung,SM-F956B/DS,Silver,256GB,Mobile phone,SM-F956BZSBEUB,REPAIRED,UB,"&quot;Scratches around rear camera&quot; ,screen , front fra",Replaced the screen and tapes,GH82-35137A,2,GH81-26062A,1,GH82-35139A,1,GH82-35138A,1,GH82-35046A,1,0,0,0,0,0,0,0,0,0,0,0,0,0,0,0,0,0,0,0,0
1298309,3.53936E+14,R5CX618HP8Y,Samsung,SM-F741B,Silver,256GB,Mobile phone,SM-F741BZSGEUB,REPAIRED,L2,"screen ,sub screen, fronr frame &quot;Screen protector needs",Replaced OCTA,GH82-35014A,1,GH82-35141A,1,GH82-35145A,1,GH82-35024A,1,GH82-35023A,1,0,0,0,0,0,0,0,0,0,0,0,0,0,0,0,0,0,0,0,0
1298806,3.52737E+14,R3CWC0BBGWF,Samsung,SM-S926B/DS,Black,512GB,Mobile phone,SM-S926BZKGEUB,REPAIRED,UB,"screen , bezel, BG , sim tray","replaced the screen,frame,battery,cover and sim tray",GH82-33334A,1,GH98-48906A,1,GH82-33332A,1,GH82-33413A,1,GH82-33522A,2,GH82-33275A,1,0,0,0,0,0,0,0,0,0,0,0,0,0,0,0,0,0,0
1299423,3.51451E+14,RFCX60RCYXZ,Samsung,SM-F956B/DS,Silver,256GB,Mobile phone,SM-F956BZSBEUB,REPAIRED,UB,"Broken screen, Spot on display","replaced screen, deco, tapes, SP",GH82-35137A,1,GH81-26062A,1,GH82-35138A,1,GH82-35139A,1,GH82-35046A,1,0,0,0,0,0,0,0,0,0,0,0,0,0,0,0,0,0,0,0,0
1299974,3.55929E+14,R5CW128HP6J,Samsung,SM-S918B/DS,Green,256GB,Mobile phone,SM-S918BZGDEUB,REPAIRED,UB,Oled+S-Pen,Replaced screen and pen,GH82-33783A,1,GH96-15658C,1,GH81-24724A,1,GH81-24723A,1,0,0,0,0,0,0,0,0,0,0,0,0,0,0,0,0,0,0,0,0,0,0
1299976,3.55929E+14,R5CW10GKGRM,Samsung,SM-S918B/DS,Green,256GB,Mobile phone,SM-S918BZGDEUB,REPAIRED,UB,Oled+S-Pen,Replaced screen and S Pen,GH81-24723A,1,GH82-33783A,1,GH96-15658C,1,GH81-24724A,1,0,0,0,0,0,0,0,0,0,0,0,0,0,0,0,0,0,0,0,0,0,0
1299990,3.56817E+14,R5CW709148F,Samsung,SM-S911B/DS,Black,128GB,Mobile phone,SM-S911BZKDEUB,REPAIRED,UB,"Screen, bezel, backglass",Samsung refurb,GH82-30483A,1,GH82-30393A,1,GH96-15624A,1,GH82-30551A,1,GH81-23175A,1,GH82-31245A,1,0,0,0,0,0,0,0,0,0,0,0,0,0,0,0,0,0,0
1299997,3.55929E+14,R5CW128H17V,Samsung,SM-S918B/DS,Green,256GB,Mobile phone,SM-S918BZGDEUB,REPAIRED,UB,Oled+S-Pen,"Replaced screen, frame, pen",GH82-33783A,1,GH96-15658C,1,GH81-24724A,1,GH81-24723A,1,GH82-30459A,1,GH96-15833C,1,0,0,0,0,0,0,0,0,0,0,0,0,0,0,0,0,0,0
1300078,3.54709E+14,R5CW70T70BF,Samsung,SM-S916B/DS,Light Pink,256GB,Mobile phone,SM-S916BLIDEUB,REPAIRED,UB,Oled,Full refurb,GH82-30556A,1,GH82-30555A,1,GH82-30388D,1,GH82-31249A,1,GH96-15838D,1,GH82-30470A,1,0,0,0,0,0,0,0,0,0,0,0,0,0,0,0,0,0,0
1300096,3.55929E+14,R5CW12DMXPL,Samsung,SM-S918B/DS,Green,256GB,Mobile phone,SM-S918BZGDEUB,REPAIRED,UB,Oled+S-Pen,Replaced screen and pen,GH81-24723A,1,GH81-24724A,1,GH96-15658C,1,GH82-33783A,1,0,0,0,0,0,0,0,0,0,0,0,0,0,0,0,0,0,0,0,0,0,0
1300128,3.51451E+14,RFCX60H8VDY,Samsung,SM-F956B/DS,Silver,256GB,Mobile phone,SM-F956BZSBEUB,REPAIRED,L1,Screen protector ONLY,Screen protector ONLY,GH81-26062A,2,0,0,0,0,0,0,0,0,0,0,0,0,0,0,0,0,0,0,0,0,0,0,0,0,0,0,0,0
1300133,3.51451E+14,RFCX60RCDPY,Samsung,SM-F956B/DS,Silver,256GB,Mobile phone,SM-F956BZSBEUB,REPAIRED,UB,"Broken screen, Excessive wear","Broken screen, Excessive wear",GH82-35137A,1,GH82-35138A,1,GH82-35047A,1,GH81-26062A,1,GH82-35139A,1,GH82-35046A,1,0,0,0,0,0,0,0,0,0,0,0,0,0,0,0,0,0,0
1300135,3.51451E+14,RFCX60FQ57T,Samsung,SM-F956B/DS,Silver,256GB,Mobile phone,SM-F956BZSBEUB,REPAIRED,L1,Oled,sp replaced,GH81-26062A,2,0,0,0,0,0,0,0,0,0,0,0,0,0,0,0,0,0,0,0,0,0,0,0,0,0,0,0,0
1300147,3.51451E+14,RFCX612ZENT,Samsung,SM-F956B/DS,Silver,256GB,Mobile phone,SM-F956BZSBEUB,REPAIRED,L1,Screen protector ONLY,Screen protector ONLY,GH81-26062A,2,0,0,0,0,0,0,0,0,0,0,0,0,0,0,0,0,0,0,0,0,0,0,0,0,0,0,0,0
1300153,3.51451E+14,RFCX60RC0MP,Samsung,SM-F956B/DS,Silver,256GB,Mobile phone,SM-F956BZSBEUB,REPAIRED,UB,Broken screen,"replaced screen, deco, tapes, SP",GH82-35046A,1,GH82-35137A,1,GH82-35138A,1,GH82-35139A,1,GH81-26062A,1,0,0,0,0,0,0,0,0,0,0,0,0,0,0,0,0,0,0,0,0
1300164,3.51273E+14,R5CX90HFERM,Samsung,SM-S721B/DS,Light Blue,128GB,Mobile phone,SM-S721BLBDEUB,REPAIRED,UB,OledGrading_Discrepancy_Bezel,replaced screen/frame/front camera/battery/tape,GH82-35930A,1,GH82-35850A,1,GH81-26418A,1,GH82-35851B,1,GH82-35853A,1,0,0,0,0,0,0,0,0,0,0,0,0,0,0,0,0,0,0,0,0
1300167,3.51273E+14,R5CX90ESGYF,Samsung,SM-S721B/DS,Light Blue,128GB,Mobile phone,SM-S721BLBDEUB,REPAIRED,UB,Oled,replaced screen,GH81-26418A,1,GH82-35930A,1,GH82-35850A,1,0,0,0,0,0,0,0,0,0,0,0,0,0,0,0,0,0,0,0,0,0,0,0,0
1300169,3.51273E+14,R5CX90ETF8Y,Samsung,SM-S721B/DS,Light Blue,128GB,Mobile phone,SM-S721BLBDEUB,REPAIRED,UB,"Broken screen, bezel, Camera front, Dark shadows",replaced screen/tapes/front camera,GH96-16212A,1,GH82-35930A,1,GH82-35850A,1,GH81-26418A,1,0,0,0,0,0,0,0,0,0,0,0,0,0,0,0,0,0,0,0,0,0,0
1300180,3.51451E+14,RFCX60V2DCZ,Samsung,SM-F956B/DS,Silver,256GB,Mobile phone,SM-F956BZSBEUB,REPAIRED,L2,sub screen,Samsung refurb,GH82-35047A,1,GH82-35138A,1,GH98-49261A,1,0,0,0,0,0,0,0,0,0,0,0,0,0,0,0,0,0,0,0,0,0,0,0,0
1300184,3.53936E+14,R5CX63B1YWB,Samsung,SM-F741B,Light Blue,256GB,Mobile phone,SM-F741BLBGEUB,REPAIRED,L1,screen,replaced screen protector,GH81-26035A,2,0,0,0,0,0,0,0,0,0,0,0,0,0,0,0,0,0,0,0,0,0,0,0,0,0,0,0,0
1300190,3.51273E+14,R5CX90ESNVV,Samsung,SM-S721B/DS,Light Blue,128GB,Mobile phone,SM-S721BLBDEUB,REPAIRED,UB,"&quot;Camera front,Dark shadows&quot;",Samsung refurb,GH96-16212A,1,GH82-35930A,1,GH82-35850A,1,0,0,0,0,0,0,0,0,0,0,0,0,0,0,0,0,0,0,0,0,0,0,0,0
1300392,3.52737E+14,R5CWC2MQVFL,Samsung,SM-S926B/DS,Black,512GB,Mobile phone,SM-S926BZKGEUB,REPAIRED,UB,Replacement OLED frame cover and battery,Replacement OLED frame cover and battery,GH82-33522A,1,GH82-33275A,1,GH82-33334A,1,GH82-33413A,1,GH82-33332A,1,0,0,0,0,0,0,0,0,0,0,0,0,0,0,0,0,0,0,0,0
1300401,3.53936E+14,R5CX625MMLL,Samsung,SM-F741B,Light Blue,256GB,Mobile phone,SM-F741BLBGEUB,REPAIRED,L2,"screen , sub screen",Replaced Sub screen and Screen Protector,GH82-35141A,1,GH97-30012C,1,GH81-26035A,1,0,0,0,0,0,0,0,0,0,0,0,0,0,0,0,0,0,0,0,0,0,0,0,0
1300402,3.53936E+14,R5CX621GZ3D,Samsung,SM-F741B,Light Blue,256GB,Mobile phone,SM-F741BLBGEUB,REPAIRED,UB,"Main screen, Sub sceen, Front frame","Replaced OLED , Sub UB and tapes",GH82-35143A,1,GH82-35141A,1,GH82-35022A,1,GH81-26035A,2,GH82-35145A,1,GH97-30012C,1,0,0,0,0,0,0,0,0,0,0,0,0,0,0,0,0,0,0
1300423,3.51273E+14,R5CX90HFKJA,Samsung,SM-S721B/DS,Light Blue,128GB,Mobile phone,SM-S721BLBDEUB,REPAIRED,UB,Oled,"Grading_Discrepancy_frame
replaced , oled ,frame , tapes , battery",GH81-26418A,1,GH82-35851B,1,GH82-35930A,1,GH82-35850A,1,GH82-35853A,1,0,0,0,0,0,0,0,0,0,0,0,0,0,0,0,0,0,0,0,0
1300426,3.51273E+14,R5CX90HFZQN,Samsung,SM-S721B/DS,Light Blue,128GB,Mobile phone,SM-S721BLBDEUB,REPAIRED,UB,Replacement Screen frame battery and cover,Replacement Screen frame battery and cover,GH82-35832E,1,GH82-35851B,1,GH82-35930A,1,GH82-35853A,1,GH82-35850A,1,0,0,0,0,0,0,0,0,0,0,0,0,0,0,0,0,0,0,0,0
1300427,3.51273E+14,R5CX90SHCVF,Samsung,SM-S721B/DS,Light Blue,128GB,Mobile phone,SM-S721BLBDEUB,REPAIRED,UB,"&quot;Camera front,Dark shadows&quot;","OOW-screen, frame, battery, back cover",GH82-35832E,1,GH96-16212A,1,GH82-35853A,1,GH82-35851B,1,GH82-35850A,1,GH82-35930A,1,0,0,0,0,0,0,0,0,0,0,0,0,0,0,0,0,0,0
1300428,3.51273E+14,R5CX90ETZKE,Samsung,SM-S721B/DS,Light Blue,128GB,Mobile phone,SM-S721BLBDEUB,REPAIRED,UB,"&quot;Camera front,Dark shadows&quot;","Grading_Discrepancy_Screen

Grading_Discrepancy_Bezel",GH96-16212A,1,GH82-35930A,1,GH82-35850A,1,GH82-35853A,1,GH82-35851B,1,0,0,0,0,0,0,0,0,0,0,0,0,0,0,0,0,0,0,0,0
1300430,3.51273E+14,R5CX90HFVZP,Samsung,SM-S721B/DS,Light Blue,128GB,Mobile phone,SM-S721BLBDEUB,REPAIRED,UB,Oled,Replaced screen,GH82-35850A,1,GH82-35930A,1,0,0,0,0,0,0,0,0,0,0,0,0,0,0,0,0,0,0,0,0,0,0,0,0,0,0
1300431,3.51273E+14,R5CX90ET4CD,Samsung,SM-S721B/DS,Light Blue,128GB,Mobile phone,SM-S721BLBDEUB,REPAIRED,UB,Replacement OLED frame and battery,Replacement OLED frame and battery,GH82-35850A,1,GH82-35851B,1,GH82-35832E,1,GH82-35930A,1,GH82-35853A,1,0,0,0,0,0,0,0,0,0,0,0,0,0,0,0,0,0,0,0,0
1300436,3.51273E+14,R5CX90BFQSE,Samsung,SM-S721B/DS,Light Blue,128GB,Mobile phone,SM-S721BLBDEUB,REPAIRED,UB,Replacement OLED frame and cover,Replacement OLED frame and cover,GH82-35930A,1,GH82-35832E,1,GH82-35853A,1,GH82-35851B,1,GH82-35850A,1,0,0,0,0,0,0,0,0,0,0,0,0,0,0,0,0,0,0,0,0
1300439,3.51273E+14,R5CX90HFKTW,Samsung,SM-S721B/DS,Light Blue,128GB,Mobile phone,SM-S721BLBDEUB,REPAIRED,UB,screen / bezel,Samsung refurb,GH82-35851B,1,GH82-35853A,1,GH82-35930A,1,GH82-35850A,1,0,0,0,0,0,0,0,0,0,0,0,0,0,0,0,0,0,0,0,0,0,0
1300442,3.51273E+14,R5CX90EV4AZ,Samsung,SM-S721B/DS,Light Blue,128GB,Mobile phone,SM-S721BLBDEUB,REPAIRED,UB,Replacement OLED and vt,Replacement OLED and vt,GH82-35850A,1,GH82-35930A,1,GH96-16212A,1,0,0,0,0,0,0,0,0,0,0,0,0,0,0,0,0,0,0,0,0,0,0,0,0
1300455,3.51451E+14,RFCX60RCGDY,Samsung,SM-F956B/DS,Silver,256GB,Mobile phone,SM-F956BZSBEUB,REPAIRED,UB,Broken screen,Broken screen,GH82-35046A,1,GH82-35137A,1,GH82-35138A,1,GH82-35139A,1,GH81-26062A,1,0,0,0,0,0,0,0,0,0,0,0,0,0,0,0,0,0,0,0,0
1300456,3.51451E+14,RFCX60V2HGT,Samsung,SM-F956B/DS,Silver,256GB,Mobile phone,SM-F956BZSBEUB,REPAIRED,UB,screen,replaced screen/tapes/screen protector,GH82-35137A,1,GH82-35046A,1,GH82-35138A,1,GH82-35139A,1,GH81-26062A,1,0,0,0,0,0,0,0,0,0,0,0,0,0,0,0,0,0,0,0,0
1300461,3.51451E+14,RFCX60RCN4B,Samsung,SM-F956B/DS,Silver,256GB,Mobile phone,SM-F956BZSBEUB,REPAIRED,L1,SCreen D &quot;Excessive wear&quot;,Replaced sp,GH81-26062A,2,0,0,0,0,0,0,0,0,0,0,0,0,0,0,0,0,0,0,0,0,0,0,0,0,0,0,0,0
1300465,3.51451E+14,RFCX60RC5AB,Samsung,SM-F956B/DS,Silver,256GB,Mobile phone,SM-F956BZSBEUB,REPAIRED,UB,&quot;Excessive wear&quot;,"OOW-screen, front deco, screen protector",GH82-35139A,1,GH82-35046A,1,GH82-35137A,1,GH81-26062A,1,GH82-35138A,1,0,0,0,0,0,0,0,0,0,0,0,0,0,0,0,0,0,0,0,0
1300472,3.51451E+14,RFCX60RCXCJ,Samsung,SM-F956B/DS,Silver,256GB,Mobile phone,SM-F956BZSBEUB,REPAIRED,UB,&quot;Excessive wear&quot;,OOW-main screen,GH82-35046A,1,GH82-35137A,1,GH81-26062A,1,GH82-35138A,1,GH82-35139A,1,0,0,0,0,0,0,0,0,0,0,0,0,0,0,0,0,0,0,0,0
1300476,3.51451E+14,RFCX60RCT5E,Samsung,SM-F956B/DS,Silver,256GB,Mobile phone,SM-F956BZSBEUB,REPAIRED,UB,Screen protector peeling off&quot;,"OOW-screen, front deco, screen protector",GH82-35138A,1,GH82-35139A,1,GH82-35137A,1,GH82-35046A,1,GH81-26062A,1,0,0,0,0,0,0,0,0,0,0,0,0,0,0,0,0,0,0,0,0
1300477,3.51451E+14,RFCX613MVYP,Samsung,SM-F956B/DS,Silver,256GB,Mobile phone,SM-F956BZSBEUB,REPAIRED,UB,"&quot;Excessive wear,Dent on display&quot;","replaced oled ,tapes, sp",GH82-35138A,1,GH82-35139A,1,GH82-35137A,1,GH82-35046A,1,GH81-26062A,2,0,0,0,0,0,0,0,0,0,0,0,0,0,0,0,0,0,0,0,0
1300478,3.51451E+14,RFCX60FQCTK,Samsung,SM-F956B/DS,Silver,256GB,Mobile phone,SM-F956BZSBEUB,REPAIRED,UB,screen,"replaced screen, deco, kits, protector",GH82-35046A,1,GH82-35137A,1,GH82-35138A,1,GH82-35139A,1,GH81-26062A,1,0,0,0,0,0,0,0,0,0,0,0,0,0,0,0,0,0,0,0,0
1300480,3.51273E+14,R5CX90HFNTA,Samsung,SM-S721B/DS,Light Blue,128GB,Mobile phone,SM-S721BLBDEUB,REPAIRED,UB,bezel,"Grading_Discrepancy_Screen
Replaced oled , bezel ,battery ,tapes",GH82-35851B,1,GH82-35930A,1,GH82-35853A,1,GH82-35850A,1,0,0,0,0,0,0,0,0,0,0,0,0,0,0,0,0,0,0,0,0,0,0
1300481,3.51273E+14,R5CX90HFPNE,Samsung,SM-S721B/DS,Light Blue,128GB,Mobile phone,SM-S721BLBDEUB,REPAIRED,UB,"&quot;Camera front,Dark shadows&quot;","Replaced OLED, frame, Battery, Cover Front camera and fpc",GH82-35853A,1,GH96-16212A,1,GH59-15807A,1,GH82-35851B,1,GH82-35832E,1,GH82-35850A,1,GH82-35930A,1,0,0,0,0,0,0,0,0,0,0,0,0,0,0,0,0
1300482,3.51273E+14,R5CX90HFZNM,Samsung,SM-S721B/DS,Light Blue,128GB,Mobile phone,SM-S721BLBDEUB,REPAIRED,UB,Oled,replaced screen,GH82-35850A,1,GH82-35930A,1,0,0,0,0,0,0,0,0,0,0,0,0,0,0,0,0,0,0,0,0,0,0,0,0,0,0
1300965,3.51273E+14,R5CX90HFMDT,Samsung,SM-S721B/DS,Light Blue,128GB,Mobile phone,SM-S721BLBDEUB,REPAIRED,UB,"screen , bezel",Samsung refurb,GH82-35851B,1,GH82-35930A,1,GH81-26418A,1,GH82-35853A,1,GH82-35850A,1,0,0,0,0,0,0,0,0,0,0,0,0,0,0,0,0,0,0,0,0
1300971,3.53936E+14,R5CX61CKWYF,Samsung,SM-F741B,Light Blue,256GB,Mobile phone,SM-F741BLBGEUB,REPAIRED,UB,Screen protector peeling off&quot;,Samsung refurb,GH81-26035A,1,GH82-35145A,1,GH02-26398A,1,GH02-26374A,1,GH98-49714A,1,GH82-35022A,1,0,0,0,0,0,0,0,0,0,0,0,0,0,0,0,0,0,0
1300979,3.53936E+14,R5CX61EXW2J,Samsung,SM-F741B,Light Blue,256GB,Mobile phone,SM-F741BLBGEUB,REPAIRED,UB,screen C,"replaced oled ,tape ,sp",GH82-35022A,1,GH98-49714A,1,GH02-26398A,1,GH02-26374A,1,GH82-35145A,1,GH81-26035A,1,GH82-35141A,1,0,0,0,0,0,0,0,0,0,0,0,0,0,0,0,0
1300988,3.53936E+14,R5CX625RWVV,Samsung,SM-F741B,Light Blue,256GB,Mobile phone,SM-F741BLBGEUB,REPAIRED,L1,&quot;Damaged Screen Protector&quot; ( screen C ),pro only,GH81-26035A,2,0,0,0,0,0,0,0,0,0,0,0,0,0,0,0,0,0,0,0,0,0,0,0,0,0,0,0,0
1300989,3.53936E+14,R5CX625RXYV,Samsung,SM-F741B,Light Blue,256GB,Mobile phone,SM-F741BLBGEUB,REPAIRED,L2,screen,"New screen, batteries, tapes",GH82-35014C,1,GH82-35024A,1,GH82-35023A,1,GH82-35143A,1,GH82-35141A,1,0,0,0,0,0,0,0,0,0,0,0,0,0,0,0,0,0,0,0,0
1300990,3.53936E+14,R5CX61KCAGZ,Samsung,SM-F741B,Light Blue,256GB,Mobile phone,SM-F741BLBGEUB,REPAIRED,UB,&quot;Excessive wear&quot;,screen-sub screen- front frame,GH02-26374A,1,GH02-26398A,1,GH98-49714A,1,GH82-35145A,1,GH82-35022A,1,GH97-30012C,1,GH82-35141A,1,GH82-35143A,1,GH81-26035A,1,0,0,0,0,0,0,0,0,0,0,0,0
1300991,3.53936E+14,R5CX625RWNE,Samsung,SM-F741B,Light Blue,256GB,Mobile phone,SM-F741BLBGEUB,REPAIRED,UB,&quot;Camera back&quot;,"OOW-screen, front deco, screen protector",GH82-35022A,1,GH02-26398A,1,GH02-26374A,1,GH98-49714A,1,GH82-35143A,1,GH81-26035A,1,GH82-35145A,1,0,0,0,0,0,0,0,0,0,0,0,0,0,0,0,0
1300999,3.53936E+14,R5CX625RVCA,Samsung,SM-F741B,Light Blue,256GB,Mobile phone,SM-F741BLBGEUB,REPAIRED,UB,&quot;Camera back&quot;,"Grading_Discrepancy_Screen
replaced screen, camera",GH96-15978A,1,GH96-16981A,1,GH82-35022A,1,GH81-26035A,2,GH82-35145A,1,GH98-49714A,1,GH02-26398A,1,GH02-26374A,1,GH82-35141A,1,0,0,0,0,0,0,0,0,0,0,0,0
1301000,3.53936E+14,R5CX61KC0EY,Samsung,SM-F741B,Light Blue,256GB,Mobile phone,SM-F741BLBGEUB,REPAIRED,UB,&quot;Screen protector peeling off&quot;,screen/ BG,GH02-26398A,1,GH98-49714A,1,GH82-35022A,1,GH02-26374A,1,GH82-35141A,1,GH81-26035A,2,GH82-35182C,1,GH82-35145A,1,0,0,0,0,0,0,0,0,0,0,0,0,0,0
1301001,3.53936E+14,R5CX63B357M,Samsung,SM-F741B,Light Blue,256GB,Mobile phone,SM-F741BLBGEUB,REPAIRED,UB,&quot;Missing pixel&quot;,"OOW-screen, front deco, screen protector",GH82-35022A,1,GH82-35145A,1,GH82-35143A,1,GH81-26035A,1,0,0,0,0,0,0,0,0,0,0,0,0,0,0,0,0,0,0,0,0,0,0
1301002,3.53936E+14,R5CX625RXCV,Samsung,SM-F741B,Light Blue,256GB,Mobile phone,SM-F741BLBGEUB,REPAIRED,UB,&quot;Damaged Screen Protector&quot; ( screen C ),Samsung refurb,GH82-35145A,1,GH82-35022A,1,GH81-26035A,2,GH02-26374A,1,GH98-49714A,1,GH81-26116A,1,GH02-25963A,1,GH02-26398A,1,0,0,0,0,0,0,0,0,0,0,0,0,0,0
1301008,3.53936E+14,R5CX625RV4K,Samsung,SM-F741B,Light Blue,256GB,Mobile phone,SM-F741BLBGEUB,REPAIRED,UB,"&quot;Camera front,Missing pixel&quot;","Grading_Discrepancy_Screen
Grading_Discrepancy_cover
replaced oled ,",GH98-49714A,1,GH02-26398A,1,GH82-35022A,1,GH82-35182C,1,GH02-26374A,1,GH81-26035A,2,GH82-35145A,1,GH96-15978A,1,0,0,0,0,0,0,0,0,0,0,0,0,0,0
1301011,3.51273E+14,R5CX90ESTZR,Samsung,SM-S721B/DS,Light Blue,128GB,Mobile phone,SM-S721BLBDEUB,REPAIRED,UB,screen bezel,"OOW-screen, frame, battery",GH82-35850A,1,GH82-35930A,1,GH82-35851B,1,GH82-35853A,1,0,0,0,0,0,0,0,0,0,0,0,0,0,0,0,0,0,0,0,0,0,0
1301014,3.51273E+14,R5CX90ESF2H,Samsung,SM-S721B/DS,Light Blue,128GB,Mobile phone,SM-S721BLBDEUB,REPAIRED,UB,Oled,"Repalced OLED, Frame and battery",GH82-35851B,1,GH82-35850A,1,GH82-35930A,1,GH82-35853A,1,0,0,0,0,0,0,0,0,0,0,0,0,0,0,0,0,0,0,0,0,0,0
1301015,3.51273E+14,R5CX90HFZYD,Samsung,SM-S721B/DS,Light Blue,128GB,Mobile phone,SM-S721BLBDEUB,REPAIRED,UB,Replacement OLED and vt,Replacement OLED and vt,GH82-35853A,1,GH82-35851B,1,GH82-35850A,1,GH82-35930A,2,GH96-16212A,1,0,0,0,0,0,0,0,0,0,0,0,0,0,0,0,0,0,0,0,0
1301016,3.53936E+14,R5CX61EWTAL,Samsung,SM-F741B,Light Blue,256GB,Mobile phone,SM-F741BLBGEUB,REPAIRED,UB,screen C subscreen C,screen and sub screen,GH82-35022A,1,GH82-35141A,1,GH98-49714A,1,GH81-26035A,2,GH02-26398A,1,GH97-30012C,1,GH82-35145A,1,GH02-26374A,1,0,0,0,0,0,0,0,0,0,0,0,0,0,0
1301186,3.51451E+14,RFCX60RD7FN,Samsung,SM-F956B/DS,Silver,256GB,Mobile phone,SM-F956BZSBEUB,REPAIRED,L1,Replacement SP ONLY,Replacement SP ONLY,GH81-26062A,2,0,0,0,0,0,0,0,0,0,0,0,0,0,0,0,0,0,0,0,0,0,0,0,0,0,0,0,0
1301189,3.51451E+14,RFCX60RDGQD,Samsung,SM-F956B/DS,Silver,256GB,Mobile phone,SM-F956BZSBEUB,REPAIRED,L2,screen,"replaced Sub screen, screen protector and tapes",GH82-35138A,1,GH82-35047A,1,GH81-26062A,2,0,0,0,0,0,0,0,0,0,0,0,0,0,0,0,0,0,0,0,0,0,0,0,0
1301192,3.51451E+14,RFCX60FQH9F,Samsung,SM-F956B/DS,Silver,256GB,Mobile phone,SM-F956BZSBEUB,REPAIRED,L1,&quot;Excessive wear&quot;,"replaced sp ,deco",GH81-26062A,2,GH82-35137A,1,0,0,0,0,0,0,0,0,0,0,0,0,0,0,0,0,0,0,0,0,0,0,0,0,0,0
1301201,3.51273E+14,R5CX90EVGNL,Samsung,SM-S721B/DS,Light Blue,128GB,Mobile phone,SM-S721BLBDEUB,REPAIRED,UB,Oled,screen + frame + batt,GH82-35853A,1,GH82-35850A,1,GH82-35851B,1,GH82-35930A,1,GH81-26418A,1,0,0,0,0,0,0,0,0,0,0,0,0,0,0,0,0,0,0,0,0
1301207,3.51451E+14,RFCX60RCHJT,Samsung,SM-F956B/DS,Silver,256GB,Mobile phone,SM-F956BZSBEUB,REPAIRED,UB,screen,screen,GH82-35137A,1,GH82-35138A,1,GH82-35139A,1,GH81-26062A,1,GH82-35046A,1,0,0,0,0,0,0,0,0,0,0,0,0,0,0,0,0,0,0,0,0
1301325,3.51273E+14,R5CX90BH15V,Samsung,SM-S721B/DS,Light Blue,128GB,Mobile phone,SM-S721BLBDEUB,REPAIRED,UB,Oled,Replaced screen,GH82-35930A,1,GH82-35850A,1,0,0,0,0,0,0,0,0,0,0,0,0,0,0,0,0,0,0,0,0,0,0,0,0,0,0
1301326,3.51273E+14,R5CX90BGAEA,Samsung,SM-S721B/DS,Light Blue,128GB,Mobile phone,SM-S721BLBDEUB,REPAIRED,UB,Oled,Replaced screen,GH81-26418A,1,GH82-35850A,1,GH82-35930A,1,0,0,0,0,0,0,0,0,0,0,0,0,0,0,0,0,0,0,0,0,0,0,0,0
1301332,3.51273E+14,R5CX90BGTTA,Samsung,SM-S721B/DS,Light Blue,128GB,Mobile phone,SM-S721BLBDEUB,REPAIRED,UB,Oled,"Replaced the screen,frame,battery,cover",GH82-35850A,1,GH81-26418A,1,GH82-35930A,1,GH82-35853A,1,GH82-35851B,1,0,0,0,0,0,0,0,0,0,0,0,0,0,0,0,0,0,0,0,0
1304934,3.53936E+14,R5CX61KBNWA,Samsung,SM-F741B,Light Blue,256GB,Mobile phone,SM-F741BLBGEUB,REPAIRED,L2,"screen , sub screen","Replaced Sub screen, Screen protector and tapes",GH81-26035A,1,GH97-30012C,1,GH82-35141A,1,0,0,0,0,0,0,0,0,0,0,0,0,0,0,0,0,0,0,0,0,0,0,0,0
1304936,3.51451E+14,RFCX6130ACT,Samsung,SM-F956B/DS,Silver,256GB,Mobile phone,SM-F956BZSBEUB,REPAIRED,L2,sub-screen/assy-deco/SP,sub-screen/assy-deco/SP,GH81-26062A,1,GH82-35138A,1,GH82-35047A,1,0,0,0,0,0,0,0,0,0,0,0,0,0,0,0,0,0,0,0,0,0,0,0,0
1304937,3.53936E+14,R5CX61KB6PW,Samsung,SM-F741B,Light Blue,256GB,Mobile phone,SM-F741BLBGEUB,REPAIRED,L1,Broken screen,Replaced sp,GH81-26035A,2,0,0,0,0,0,0,0,0,0,0,0,0,0,0,0,0,0,0,0,0,0,0,0,0,0,0,0,0
1304938,3.53936E+14,R5CX61KCXWK,Samsung,SM-F741B,Light Blue,256GB,Mobile phone,SM-F741BLBGEUB,REPAIRED,UB,Broken screen,replaced screens,GH81-26035A,1,GH82-35145A,1,GH97-30012C,1,GH82-35022A,1,GH02-26398A,1,GH98-49714A,1,GH02-26374A,1,GH82-35143A,1,GH82-35141A,1,0,0,0,0,0,0,0,0,0,0,0,0
1304941,3.53936E+14,R5CX61KB3FJ,Samsung,SM-F741B,Light Blue,256GB,Mobile phone,SM-F741BLBGEUB,REPAIRED,L2,"Sub screen, Screen protector peeling of",Replaced: Sub screen and SP,GH81-26035A,2,GH82-35141A,1,GH97-30012C,1,0,0,0,0,0,0,0,0,0,0,0,0,0,0,0,0,0,0,0,0,0,0,0,0
1304942,3.53936E+14,R5CX61KB87Z,Samsung,SM-F741B,Light Blue,256GB,Mobile phone,SM-F741BLBGEUB,REPAIRED,L2,sub screen,Replaced sub screen,GH82-35141A,1,GH81-26035A,2,GH97-30012C,1,0,0,0,0,0,0,0,0,0,0,0,0,0,0,0,0,0,0,0,0,0,0,0,0
1304943,3.53936E+14,R5CX63B287X,Samsung,SM-F741B,Light Blue,256GB,Mobile phone,SM-F741BLBGEUB,REPAIRED,UB,Screen protector replacement,Replaced the screen and tapes,GH82-35022A,1,GH82-35145A,1,GH98-49714A,1,GH02-26398A,1,GH82-35141A,1,GH82-35143A,1,GH81-26035A,1,GH02-26374A,1,0,0,0,0,0,0,0,0,0,0,0,0,0,0
1304945,3.53936E+14,R5CX61KCQ5J,Samsung,SM-F741B,Light Blue,256GB,Mobile phone,SM-F741BLBGEUB,REPAIRED,UB,sub screen,"replaced screen, deco, sp, sub screen and tapes",GH82-35022A,1,GH82-35145A,1,GH02-26398A,1,GH02-26374A,1,GH98-49714A,1,GH97-30012C,1,GH81-26035A,1,GH82-35143A,1,0,0,0,0,0,0,0,0,0,0,0,0,0,0
1304946,3.51273E+14,R5CX91X7ZFJ,Samsung,SM-S721B/DS,Light Blue,128GB,Mobile phone,SM-S721BLBDEUB,REPAIRED,UB,screen,replaced screen/battery/frame/tape,GH82-35930A,1,GH82-35853A,1,GH82-35851B,1,GH82-35850A,1,0,0,0,0,0,0,0,0,0,0,0,0,0,0,0,0,0,0,0,0,0,0
1304947,3.53936E+14,R5CX61KCWQP,Samsung,SM-F741B,Light Blue,256GB,Mobile phone,SM-F741BLBGEUB,REPAIRED,UB,"screen, front frame","Replaced the screen,cover and tapes",GH81-26035A,2,GH82-35022A,1,GH82-35145A,1,GH82-35143A,1,GH82-35182C,1,GH02-26398A,1,GH02-26374A,1,GH98-49714A,1,0,0,0,0,0,0,0,0,0,0,0,0,0,0
1304948,3.51273E+14,R5CX90EN2HA,Samsung,SM-S721B/DS,Black,128GB,Mobile phone,SM-S721BZKDEUB,REPAIRED,UB,"Screen, Bezel,Backglass",Full refurb,GH82-35853A,1,GH82-35832A,1,GH82-35850A,1,GH82-35851A,1,GH82-35930A,1,0,0,0,0,0,0,0,0,0,0,0,0,0,0,0,0,0,0,0,0
1304949,3.53936E+14,R5CX61KBD5L,Samsung,SM-F741B,Light Blue,256GB,Mobile phone,SM-F741BLBGEUB,REPAIRED,UB,sub screen,"replaced screen, deco, tapes, sp",GH82-35022A,1,GH82-35141A,1,GH82-35143A,1,GH82-35145A,1,GH98-49714A,1,GH02-26374A,1,GH02-26398A,1,GH97-30012C,1,GH81-26035A,1,0,0,0,0,0,0,0,0,0,0,0,0
1304950,3.53936E+14,R5CX61KBVHX,Samsung,SM-F741B,Light Blue,256GB,Mobile phone,SM-F741BLBGEUB,REPAIRED,UB,"Main display, sub screen",Replaced main and sub screen,GH81-26035A,2,GH82-35145A,1,GH82-35143A,1,GH82-35141A,1,GH97-30012C,1,GH82-35022A,1,0,0,0,0,0,0,0,0,0,0,0,0,0,0,0,0,0,0
1304953,3.53936E+14,R5CX61KB9TD,Samsung,SM-F741B,Light Blue,256GB,Mobile phone,SM-F741BLBGEUB,REPAIRED,UB,"screen , sub screen",Samsung refurb,GH98-49714A,1,GH81-26035A,1,GH82-35141A,1,GH81-26116A,1,GH82-35022A,1,GH82-35145A,1,GH02-26374A,1,GH02-26398A,1,0,0,0,0,0,0,0,0,0,0,0,0,0,0
1304954,3.51273E+14,R5CX90HFS4M,Samsung,SM-S721B/DS,Light Blue,128GB,Mobile phone,SM-S721BLBDEUB,REPAIRED,UB,Oled,Replaced screen,GH82-35850A,1,GH82-35930A,1,GH81-26418A,1,0,0,0,0,0,0,0,0,0,0,0,0,0,0,0,0,0,0,0,0,0,0,0,0
1304955,3.51451E+14,RFCX60RC5NM,Samsung,SM-F956B/DS,Silver,256GB,Mobile phone,SM-F956BZSBEUB,REPAIRED,L2,sub-screen/SP,sub-screen/SP,GH82-35047A,1,GH82-35138A,1,GH81-26062A,1,0,0,0,0,0,0,0,0,0,0,0,0,0,0,0,0,0,0,0,0,0,0,0,0
1304956,3.51451E+14,RFCX61308HW,Samsung,SM-F956B/DS,Silver,256GB,Mobile phone,SM-F956BZSBEUB,REPAIRED,L2,"Sub screen, Inside camera",Replaced f cam + sub screen,GH82-35139A,1,GH81-26062A,2,GH96-16975A,1,GH82-35138A,1,GH82-35047A,1,0,0,0,0,0,0,0,0,0,0,0,0,0,0,0,0,0,0,0,0
1304960,3.51273E+14,R5CX90EVCVK,Samsung,SM-S721B/DS,Light Blue,128GB,Mobile phone,SM-S721BLBDEUB,REPAIRED,UB,Oled,"OLED, Frame and Battery Replaced",GH82-35930A,1,GH82-35850A,1,GH82-35853A,1,GH81-26418A,1,GH82-35851B,1,0,0,0,0,0,0,0,0,0,0,0,0,0,0,0,0,0,0,0,0
1304961,3.51451E+14,RFCX60RBRVZ,Samsung,SM-F956B/DS,Silver,256GB,Mobile phone,SM-F956BZSBEUB,REPAIRED,L2,sub-screen/SP/deco,sub-screen/SP/deco,GH81-26062A,1,GH82-35137A,1,GH82-35138A,1,GH82-35047A,1,0,0,0,0,0,0,0,0,0,0,0,0,0,0,0,0,0,0,0,0,0,0
1304962,3.51451E+14,RFCX6130DAZ,Samsung,SM-F956B/DS,Silver,256GB,Mobile phone,SM-F956BZSBEUB,REPAIRED,L2,SubLCD,Replaced: Sub screen and SP,GH82-35047A,1,GH82-35138A,1,GH81-26062A,1,0,0,0,0,0,0,0,0,0,0,0,0,0,0,0,0,0,0,0,0,0,0,0,0
1304963,3.51273E+14,R5CX90HCSXA,Samsung,SM-S721B/DS,Black,128GB,Mobile phone,SM-S721BZKDEUB,REPAIRED,UB,&quot;Camera front&quot; screen bezel,&quot;Camera front&quot; screen bezel,GH96-16212B,1,GH82-35832A,1,GH82-35930A,1,GH82-35853A,1,GH82-35851A,1,GH82-35850A,1,0,0,0,0,0,0,0,0,0,0,0,0,0,0,0,0,0,0
1304964,3.51451E+14,RFCX612XLCP,Samsung,SM-F956B/DS,Silver,256GB,Mobile phone,SM-F956BZSBEUB,REPAIRED,UB,Screen C,Replaced screen,GH82-35138A,2,GH82-35139A,1,GH81-26062A,1,GH82-35137A,1,GH82-35046A,1,0,0,0,0,0,0,0,0,0,0,0,0,0,0,0,0,0,0,0,0
1304965,3.51451E+14,RFCX60V2CNM,Samsung,SM-F956B/DS,Silver,256GB,Mobile phone,SM-F956BZSBEUB,REPAIRED,L2,SubLCD,Replaced sub screen,GH82-35138A,1,GH82-35086A,1,GH82-35047A,1,0,0,0,0,0,0,0,0,0,0,0,0,0,0,0,0,0,0,0,0,0,0,0,0
1304967,3.51451E+14,RFCX612YPXH,Samsung,SM-F956B/DS,Silver,256GB,Mobile phone,SM-F956BZSBEUB,REPAIRED,L2,SubLCD,Replaced sub screen,GH82-35138A,1,GH81-26062A,1,GH82-35047A,1,0,0,0,0,0,0,0,0,0,0,0,0,0,0,0,0,0,0,0,0,0,0,0,0
1304972,3.51451E+14,RFCX60RCTTY,Samsung,SM-F956B/DS,Silver,256GB,Mobile phone,SM-F956BZSBEUB,REPAIRED,L2,sub-screen/assy-deco/SP,sub-screen/assy-deco/SP,GH82-35138A,1,GH82-35047A,1,GH82-35137A,1,GH81-26062A,1,0,0,0,0,0,0,0,0,0,0,0,0,0,0,0,0,0,0,0,0,0,0
1304975,3.51273E+14,R5CX90973SW,Samsung,SM-S721B/DS,Light Green,128GB,Mobile phone,SM-S721BLGDEUB,REPAIRED,IP,"screen, camera front","replaced screen, tapes, front cam",GH96-16212B,1,GH82-35930A,1,GH82-35850A,1,0,0,0,0,0,0,0,0,0,0,0,0,0,0,0,0,0,0,0,0,0,0,0,0
1304978,3.51451E+14,RFCX60RDLSX,Samsung,SM-F956B/DS,Silver,256GB,Mobile phone,SM-F956BZSBEUB,REPAIRED,L2,sub-screen/SP/assy-deco,sub-screen/SP/assy-deco,GH81-26062A,1,GH82-35047A,1,GH82-35138A,1,GH82-35137A,1,0,0,0,0,0,0,0,0,0,0,0,0,0,0,0,0,0,0,0,0,0,0
1304979,3.51273E+14,R5CX90EN8SH,Samsung,SM-S721B/DS,Black,128GB,Mobile phone,SM-S721BZKDEUB,REPAIRED,UB,screen,Samsung refurb,GH82-35930A,1,GH82-35851A,1,GH82-35853A,1,GH82-35832A,1,GH82-35850A,1,0,0,0,0,0,0,0,0,0,0,0,0,0,0,0,0,0,0,0,0
1304980,3.51451E+14,RFCX612ZSAB,Samsung,SM-F956B/DS,Silver,256GB,Mobile phone,SM-F956BZSBEUB,REPAIRED,UB,Screen C,Replaced screen,GH82-35139A,1,GH81-26062A,1,GH82-35137A,1,GH82-35138A,1,GH82-35046A,1,0,0,0,0,0,0,0,0,0,0,0,0,0,0,0,0,0,0,0,0
1304981,3.51273E+14,R5CX90ENDGR,Samsung,SM-S721B/DS,Black,128GB,Mobile phone,SM-S721BZKDEUB,REPAIRED,UB,"Screen, bezel",Refurb,GH82-35930A,1,GH82-35851A,1,GH82-35850A,1,GH82-35853A,1,GH81-26418A,1,0,0,0,0,0,0,0,0,0,0,0,0,0,0,0,0,0,0,0,0
1304983,3.51451E+14,RFCX60RDKLJ,Samsung,SM-F956B/DS,Silver,256GB,Mobile phone,SM-F956BZSBEUB,REPAIRED,UB,Screen C,Replaced screen and tapes,GH82-35138A,1,GH82-35046A,1,GH82-35137A,1,GH81-26062A,1,GH82-35139A,1,0,0,0,0,0,0,0,0,0,0,0,0,0,0,0,0,0,0,0,0
1304984,3.51273E+14,R5CX90HDMNR,Samsung,SM-S721B/DS,Black,128GB,Mobile phone,SM-S721BZKDEUB,REPAIRED,UB,"screen+&quot;Camera front&quot;+&quot;Other,Camera front&quo",replaced screen/frame/battery/cover,GH96-16212B,1,GH82-35832A,1,GH82-35853A,1,GH82-35851A,1,GH82-35930A,1,GH82-35850A,1,0,0,0,0,0,0,0,0,0,0,0,0,0,0,0,0,0,0
1304986,3.51273E+14,R5CX90HE1WE,Samsung,SM-S721B/DS,Black,128GB,Mobile phone,SM-S721BZKDEUB,REPAIRED,UB,"Screen , bezel","Repalced screen, frame and battery",GH82-35853A,1,GH82-35851A,1,GH82-35850A,1,GH82-35930A,1,0,0,0,0,0,0,0,0,0,0,0,0,0,0,0,0,0,0,0,0,0,0
1304987,3.51451E+14,RFCX61300RN,Samsung,SM-F956B/DS,Silver,256GB,Mobile phone,SM-F956BZSBEUB,REPAIRED,L2,sub-screen/assy-deco/SP,sub-screen/assy-deco/SP,GH82-35047A,1,GH82-35138A,1,GH82-35137A,1,GH81-26062A,1,0,0,0,0,0,0,0,0,0,0,0,0,0,0,0,0,0,0,0,0,0,0
1304989,3.55195E+14,R5CWB17125A,Samsung,SM-S711B/DS,Purple,128GB,Mobile phone,SM-S711BZPDEUB,REPAIRED,UB,"screen, camera front, back","Replaced OLED, frame, backglass, Front camera and tapes",GH82-32856A,1,GH82-33170A,1,GH96-16212A,1,GH82-32857B,1,GH82-32787D,1,GH82-32860A,1,0,0,0,0,0,0,0,0,0,0,0,0,0,0,0,0,0,0
1304991,3.51273E+14,R5CX90ENL4W,Samsung,SM-S721B/DS,Black,128GB,Mobile phone,SM-S721BZKDEUB,REPAIRED,UB,screen+BG+&quot;Camera front&quot;,"Replaced screen, front, battery, front camera",GH82-35851A,1,GH82-35930A,1,GH82-35853A,1,GH96-16212B,1,GH82-35850A,1,0,0,0,0,0,0,0,0,0,0,0,0,0,0,0,0,0,0,0,0
1304993,3.51273E+14,R5CX90SRJ2P,Samsung,SM-S721B/DS,Black,128GB,Mobile phone,SM-S721BZKDEUB,REPAIRED,UB,screen+bg+&quot;Camera front&quot;,"OOW-screen, Frame, battery, back cover, front camera",GH96-16212B,1,GH82-35832A,1,GH82-35853A,1,GH82-35851A,1,GH82-35850A,1,GH82-35930A,1,0,0,0,0,0,0,0,0,0,0,0,0,0,0,0,0,0,0
1304994,3.51451E+14,RFCX60RC2QR,Samsung,SM-F956B/DS,Silver,256GB,Mobile phone,SM-F956BZSBEUB,REPAIRED,L2,sub-screen/SP,sub-screen/SP,GH81-26062A,1,GH82-35138A,1,GH82-35047A,1,0,0,0,0,0,0,0,0,0,0,0,0,0,0,0,0,0,0,0,0,0,0,0,0
1304997,3.51451E+14,RFCX61300WB,Samsung,SM-F956B/DS,Silver,256GB,Mobile phone,SM-F956BZSBEUB,REPAIRED,UB,Broken screen,Replaced screen,GH82-35139A,1,GH81-26062A,1,GH82-35138A,1,GH82-35137A,1,GH82-35046A,1,0,0,0,0,0,0,0,0,0,0,0,0,0,0,0,0,0,0,0,0
1304999,3.51451E+14,RFCX60RCSNX,Samsung,SM-F956B/DS,Silver,256GB,Mobile phone,SM-F956BZSBEUB,REPAIRED,UB,Oled,Replaced screen,GH82-35139A,1,GH82-35138A,1,GH82-35046A,1,GH81-26062A,1,GH82-35137A,1,0,0,0,0,0,0,0,0,0,0,0,0,0,0,0,0,0,0,0,0
1305000,3.55622E+14,R3CWB0DRD1N,Samsung,SM-S926B/DS,Violet,256GB,Mobile phone,SM-S926BZV4EUB,REPAIRED,UB,Oled+BG,Replaced screen + frame + cover,GH82-33332A,1,GH82-33413C,1,GH82-33522A,1,GH82-33334A,1,GH82-33275C,1,GH82-33338A,1,0,0,0,0,0,0,0,0,0,0,0,0,0,0,0,0,0,0
1305002,3.55681E+14,RFCWB0LZTFR,Samsung,SM-S921B/DS,Yellow,128GB,Mobile phone,SM-S921BZY4EUB,REPAIRED,UB,screen,"OOW-screen, frame, battery",GH82-33286A,1,GH82-33418D,1,GH82-33295A,1,GH82-33290A,1,0,0,0,0,0,0,0,0,0,0,0,0,0,0,0,0,0,0,0,0,0,0
1305003,3.57067E+14,RZCX92KG88Y,Samsung,SM-S721B/DS,Yellow,128GB,Mobile phone,SM-S721BZYDEUB,REPAIRED,UB,Oled,"Replaced OLED, Frame, Battery and tapes",GH81-26418A,1,GH82-35853A,1,GH82-35851B,1,GH82-35930A,1,GH82-35850A,1,0,0,0,0,0,0,0,0,0,0,0,0,0,0,0,0,0,0,0,0
1305004,3.55681E+14,RFCWB0QHMBV,Samsung,SM-S921B/DS,Yellow,128GB,Mobile phone,SM-S921BZY4EUB,REPAIRED,UB,screen  and Camera front&quot;,"Replaced the screen,frame,battery and front cam",GH82-33295A,1,GH82-33286A,1,GH82-33418D,1,GH82-33290A,1,GH96-16298A,1,0,0,0,0,0,0,0,0,0,0,0,0,0,0,0,0,0,0,0,0
1305006,3.55681E+14,RFCWC19P93V,Samsung,SM-S921B/DS,Yellow,128GB,Mobile phone,SM-S921BZYDEUB,REPAIRED,UB,Oled,Replaced screen,GH82-33286A,1,GH82-33295A,1,GH82-33293A,1,0,0,0,0,0,0,0,0,0,0,0,0,0,0,0,0,0,0,0,0,0,0,0,0
1305008,3.51273E+14,R5CX90EMNLM,Samsung,SM-S721B/DS,Black,128GB,Mobile phone,SM-S721BZKDEUB,REPAIRED,UB,screen+Frame+&quot;Camera front&quot;,"replaced oled ,frame ,cover,camera",GH82-35850A,1,GH82-35930A,1,GH82-35851A,1,GH82-35853A,1,GH96-16212A,1,GH82-35832A,1,0,0,0,0,0,0,0,0,0,0,0,0,0,0,0,0,0,0
1305009,3.55681E+14,RFCWB0QGRBR,Samsung,SM-S921B/DS,Yellow,128GB,Mobile phone,SM-S921BZY4EUB,REPAIRED,UB,"Screen, bezel, backglass",Full  refurb,GH82-33101D,1,GH82-33286A,1,GH82-33418D,1,GH82-33295A,1,GH82-33290A,1,0,0,0,0,0,0,0,0,0,0,0,0,0,0,0,0,0,0,0,0
1305010,3.55681E+14,RFCWC0YJ0VB,Samsung,SM-S921B/DS,Yellow,128GB,Mobile phone,SM-S921BZYDEUB,REPAIRED,UB,&quot;Camera front&quot;+Oled,Replaced: Display and camera,GH82-33293A,1,GH96-16298A,1,GH82-33286A,1,GH82-33295A,1,0,0,0,0,0,0,0,0,0,0,0,0,0,0,0,0,0,0,0,0,0,0
1305011,3.51273E+14,R5CX90EN9QN,Samsung,SM-S721B/DS,Black,128GB,Mobile phone,SM-S721BZKDEUB,REPAIRED,UB,&quot;Camera front screen,Samsung refurb,GH82-35853A,1,GH82-35851A,1,GH82-35850A,1,GH96-16212A,1,GH82-35832A,1,GH82-35930A,1,0,0,0,0,0,0,0,0,0,0,0,0,0,0,0,0,0,0
1305012,3.55681E+14,RFCWB0QGSNX,Samsung,SM-S921B/DS,Yellow,128GB,Mobile phone,SM-S921BZY4EUB,REPAIRED,UB,"Scr4een, bezel, backglass",Refurb,GH82-33295A,1,GH82-33286A,1,GH82-33290A,1,GH82-33418D,1,GH82-33101D,1,GH82-33293A,1,0,0,0,0,0,0,0,0,0,0,0,0,0,0,0,0,0,0
1305013,3.55681E+14,RFCWB0QH1PT,Samsung,SM-S921B/DS,Yellow,128GB,Mobile phone,SM-S921BZY4EUB,REPAIRED,UB,"screen, camera front,",Samsung refurb,GH81-24811A,1,GH96-16298A,1,GH82-33286A,1,GH82-33295A,1,0,0,0,0,0,0,0,0,0,0,0,0,0,0,0,0,0,0,0,0,0,0
1305014,3.53936E+14,R5CX618HVLE,Samsung,SM-F741B,Silver,256GB,Mobile phone,SM-F741BZSGEUB,REPAIRED,L1,screen,replaced screen protector,GH81-26035A,2,0,0,0,0,0,0,0,0,0,0,0,0,0,0,0,0,0,0,0,0,0,0,0,0,0,0,0,0
1305015,3.55681E+14,RFCWB0QGPTB,Samsung,SM-S921B/DS,Yellow,128GB,Mobile phone,SM-S921BZY4EUB,REPAIRED,UB,Oled,Replaced screen and frame,GH82-33295A,1,GH82-33286A,1,GH82-33290A,1,GH82-33418D,1,GH82-33293A,1,0,0,0,0,0,0,0,0,0,0,0,0,0,0,0,0,0,0,0,0
1305018,3.55681E+14,RFCWB0QFYLM,Samsung,SM-S921B/DS,Yellow,128GB,Mobile phone,SM-S921BZY4EUB,REPAIRED,UB,"screen, back",Samsung refurb,GH82-33101D,1,GH82-33286A,1,GH82-33295A,1,0,0,0,0,0,0,0,0,0,0,0,0,0,0,0,0,0,0,0,0,0,0,0,0
1305019,3.55681E+14,RFCWB0LXXSX,Samsung,SM-S921B/DS,Yellow,128GB,Mobile phone,SM-S921BZY4EUB,REPAIRED,UB,"screen, camera front, backglass",replaced†screen†front camera and†cover,GH82-33101D,1,GH96-16298A,1,GH82-33293A,1,GH82-33295A,1,GH82-33286A,1,0,0,0,0,0,0,0,0,0,0,0,0,0,0,0,0,0,0,0,0
1305020,3.55681E+14,RFCWB0QH9ZV,Samsung,SM-S921B/DS,Yellow,128GB,Mobile phone,SM-S921BZY4EUB,REPAIRED,UB,"Screen ,Camera front, Backglass",Full refurb + f cam,GH82-33418D,1,GH82-33290A,1,GH82-33101D,1,GH96-16298A,1,GH82-33286A,1,GH82-33295A,1,0,0,0,0,0,0,0,0,0,0,0,0,0,0,0,0,0,0
1305021,3.55681E+14,RFCWB0QHGXT,Samsung,SM-S921B/DS,Yellow,128GB,Mobile phone,SM-S921BZY4EUB,REPAIRED,UB,Oled+BG,Full refurb,GH82-33290A,1,GH82-33418D,1,GH82-33101D,1,GH82-33293A,1,GH82-33286A,1,GH82-33295A,1,0,0,0,0,0,0,0,0,0,0,0,0,0,0,0,0,0,0
1305022,3.55681E+14,RFCWB0LY87A,Samsung,SM-S921B/DS,Yellow,128GB,Mobile phone,SM-S921BZY4EUB,REPAIRED,UB,"Screen, Camera front",Full refurb + f cam,GH82-33295A,1,GH82-33290A,1,GH82-33418D,1,GH96-16298A,1,GH82-33286A,1,GH82-33101D,1,0,0,0,0,0,0,0,0,0,0,0,0,0,0,0,0,0,0
1305023,3.55681E+14,RFCWC1861GJ,Samsung,SM-S921B/DS,Yellow,128GB,Mobile phone,SM-S921BZYDEUB,REPAIRED,UB,Oled,OLED and Frame Replaced,GH82-33293A,1,GH82-33418D,1,GH82-33290A,1,GH82-33286A,1,GH82-33295A,1,0,0,0,0,0,0,0,0,0,0,0,0,0,0,0,0,0,0,0,0
1305026,3.55681E+14,RFCWB0LXYLZ,Samsung,SM-S921B/DS,Yellow,128GB,Mobile phone,SM-S921BZY4EUB,REPAIRED,UB,Replacement OLED frame battery and front cam,Replacement OLED frame battery and front cam,GH82-33290A,1,GH82-33286A,1,GH82-33295A,1,GH82-33418D,1,GH96-16298A,1,GH82-33293A,1,0,0,0,0,0,0,0,0,0,0,0,0,0,0,0,0,0,0
1305032,3.51273E+14,R5CX922PHNP,Samsung,SM-S721B/DS,Grey,128GB,Mobile phone,SM-S721BZADEUB,REPAIRED,UB,&quot;Camera front&quot; screen bezel bc,"Replaced OLED, Freame, Cover, Battery and front camera",GH96-16212A,1,GH82-35832B,1,GH82-35853A,1,GH82-35850A,1,GH82-35851B,1,GH82-35930A,1,0,0,0,0,0,0,0,0,0,0,0,0,0,0,0,0,0,0
1305035,3.51273E+14,R5CX922PHRW,Samsung,SM-S721B/DS,Grey,128GB,Mobile phone,SM-S721BZADEUB,REPAIRED,UB,"screen+BG+&quot;Camera front,Dark shadows&quot;","replaced the screen,frame,battery,cover and front cam",GH82-35930A,1,GH82-35832B,1,GH82-35853A,1,GH82-35851B,1,GH96-16212A,1,GH82-35850A,1,0,0,0,0,0,0,0,0,0,0,0,0,0,0,0,0,0,0
1305037,3.51273E+14,R5CX922P8XM,Samsung,SM-S721B/DS,Grey,128GB,Mobile phone,SM-S721BZADEUB,REPAIRED,UB,"&quot;Camera front,Dark shadows&quot; screen bezel bc","replaced the screen,frame,battery,cover and front cam",GH96-16212A,1,GH82-35853A,1,GH82-35850A,1,GH82-35851B,1,GH82-35930A,1,GH82-35832B,1,0,0,0,0,0,0,0,0,0,0,0,0,0,0,0,0,0,0
1305038,3.51273E+14,R5CX922P7RK,Samsung,SM-S721B/DS,Grey,128GB,Mobile phone,SM-S721BZADEUB,REPAIRED,UB,Broken screen,Full refurb,GH82-35851B,1,GH82-35853A,1,GH82-35930A,1,GH82-35832B,1,GH82-35850A,1,0,0,0,0,0,0,0,0,0,0,0,0,0,0,0,0,0,0,0,0
1305039,3.51273E+14,R5CX922PHAY,Samsung,SM-S721B/DS,Grey,128GB,Mobile phone,SM-S721BZADEUB,REPAIRED,UB,Scratches around rear camera&quot; screen bc,Samsung refurb,GH82-35850A,1,GH82-35930A,1,GH82-35832B,1,0,0,0,0,0,0,0,0,0,0,0,0,0,0,0,0,0,0,0,0,0,0,0,0
1305041,3.51273E+14,R5CX922PF9X,Samsung,SM-S721B/DS,Grey,128GB,Mobile phone,SM-S721BZADEUB,REPAIRED,UB,screen+&quot;Screen burn&quot;Grading_Discrepancy_Bezel,replaced screen/frame/battery/tape,GH81-26418A,1,GH82-35930A,1,GH82-35850A,1,GH82-35853A,1,GH82-35851B,1,0,0,0,0,0,0,0,0,0,0,0,0,0,0,0,0,0,0,0,0
1305043,3.51273E+14,R5CX922PNBX,Samsung,SM-S721B/DS,Grey,128GB,Mobile phone,SM-S721BZADEUB,REPAIRED,UB,"Replaced Screen,Bezel,Backglass","Replaced Screen,Bezel,Backglass",GH82-35832B,1,GH82-35851B,1,GH82-35853A,1,GH82-35850A,1,GH82-35930A,1,0,0,0,0,0,0,0,0,0,0,0,0,0,0,0,0,0,0,0,0
1305044,3.51273E+14,R5CX922P5LL,Samsung,SM-S721B/DS,Grey,128GB,Mobile phone,SM-S721BZADEUB,REPAIRED,UB,Oled+Frame,"Replaced OLED, Frame, Battery and tapes",GH82-35853A,1,GH82-35851B,1,GH81-26418A,1,GH82-35930A,1,GH82-35850A,1,0,0,0,0,0,0,0,0,0,0,0,0,0,0,0,0,0,0,0,0
1305045,3.51273E+14,R5CX922PFHZ,Samsung,SM-S721B/DS,Grey,128GB,Mobile phone,SM-S721BZADEUB,REPAIRED,UB,Broken screen,Full refurb,GH82-35832B,1,GH82-35930A,1,GH82-35853A,1,GH82-35851B,1,GH82-35850A,1,0,0,0,0,0,0,0,0,0,0,0,0,0,0,0,0,0,0,0,0
1305046,3.51273E+14,R5CX922PPSE,Samsung,SM-S721B/DS,Grey,128GB,Mobile phone,SM-S721BZADEUB,REPAIRED,UB,"Camera front,Dark shadows,screen, bezel,backglass",Full repair + f cam,GH96-16212A,1,GH82-35851B,1,GH82-35930A,1,GH82-35832B,1,GH82-35853A,1,GH82-35850A,1,0,0,0,0,0,0,0,0,0,0,0,0,0,0,0,0,0,0
1305047,3.54223E+14,R5CXC3JLTSJ,Samsung,SM-S938B/DS,Blue,256GB,Mobile phone,SM-S938BZBDEUB,REPAIRED,L2,&quot;Missing Stylus&quot;,replaced: Cover,GH82-36353B,1,GH96-18791C,1,0,0,0,0,0,0,0,0,0,0,0,0,0,0,0,0,0,0,0,0,0,0,0,0,0,0
1305048,3.51273E+14,R5CX922PH0M,Samsung,SM-S721B/DS,Grey,128GB,Mobile phone,SM-S721BZADEUB,REPAIRED,UB,"&quot;Camera front,Dark shadows&quot; scrren","&quot;Camera front,Dark shadows&quot; scrren",GH82-35850A,1,GH82-35930A,1,GH96-16212B,1,GH81-26418A,1,0,0,0,0,0,0,0,0,0,0,0,0,0,0,0,0,0,0,0,0,0,0
1305051,3.54223E+14,R5CXC3JLPZL,Samsung,SM-S938B/DS,Blue,256GB,Mobile phone,SM-S938BZBDEUB,REPAIRED,UB,"Broken screen, Camera front, spen replacement","Replaced: Screen, Front cam and spen",GH82-36588A,1,GH82-36522A,1,GH82-36520A,1,GH96-18791C,1,GH96-17872A,1,0,0,0,0,0,0,0,0,0,0,0,0,0,0,0,0,0,0,0,0
1305052,3.51273E+14,R5CX922P7BP,Samsung,SM-S721B/DS,Grey,128GB,Mobile phone,SM-S721BZADEUB,REPAIRED,UB,"Screen, bezel",Full refurb,GH82-35832B,1,GH82-35930A,1,GH82-35853A,1,GH82-35851B,1,GH82-35850A,1,0,0,0,0,0,0,0,0,0,0,0,0,0,0,0,0,0,0,0,0
1305053,3.51273E+14,R5CX922P8LD,Samsung,SM-S721B/DS,Grey,128GB,Mobile phone,SM-S721BZADEUB,REPAIRED,UB,"Camera front,Dark shadows&quot; screen bezel","Replaced OLED, Frame, Battery, Front cam and tapes",GH82-35850A,1,GH82-35851B,1,GH82-35930A,1,GH82-35853A,1,GH96-16212A,1,0,0,0,0,0,0,0,0,0,0,0,0,0,0,0,0,0,0,0,0
1305054,3.54223E+14,R5CXC32E4CA,Samsung,SM-S938B/DS,Blue,256GB,Mobile phone,SM-S938BZBDEUB,REPAIRED,UB,Oled,Replaced screen &amp; pen,GH96-18791C,1,GH82-36522A,1,GH82-36588A,1,GH82-37696A,1,0,0,0,0,0,0,0,0,0,0,0,0,0,0,0,0,0,0,0,0,0,0
1305056,3.51273E+14,R5CX922PFQB,Samsung,SM-S721B/DS,Grey,128GB,Mobile phone,SM-S721BZADEUB,REPAIRED,UB,&quot;Camera front&quot; screen,"Replaced screen, frame, front camera",GH96-16212A,1,GH82-35850A,1,GH82-35851B,1,GH82-35930A,1,GH82-35853A,1,0,0,0,0,0,0,0,0,0,0,0,0,0,0,0,0,0,0,0,0
1305058,3.51273E+14,R5CX922PNAF,Samsung,SM-S721B/DS,Grey,128GB,Mobile phone,SM-S721BZADEUB,REPAIRED,UB,Oled,Replaced screen,GH82-35850A,1,GH81-26418A,1,GH82-35930A,1,0,0,0,0,0,0,0,0,0,0,0,0,0,0,0,0,0,0,0,0,0,0,0,0
1305061,3.51273E+14,R5CX922PQBD,Samsung,SM-S721B/DS,Grey,128GB,Mobile phone,SM-S721BZADEUB,REPAIRED,UB,"screen, camera front,","replaced the screen,front cam and tapes",GH82-35930A,1,GH81-26418A,1,GH82-35850A,1,GH96-16212A,1,0,0,0,0,0,0,0,0,0,0,0,0,0,0,0,0,0,0,0,0,0,0
1305063,3.51273E+14,R5CX922PJRP,Samsung,SM-S721B/DS,Grey,128GB,Mobile phone,SM-S721BZADEUB,REPAIRED,UB,"screen, bezel, camera front","screen, bezel, camera front",GH82-35930A,1,GH96-16212A,1,GH82-35853A,1,GH82-35851B,1,GH82-35850A,1,0,0,0,0,0,0,0,0,0,0,0,0,0,0,0,0,0,0,0,0
1305064,3.51273E+14,R5CX922PBLM,Samsung,SM-S721B/DS,Grey,128GB,Mobile phone,SM-S721BZADEUB,REPAIRED,UB,"screen+&quot;Camera front,Dark shadows&quot;","Replaced OLED, Frame, Battery and tapes",GH82-35930A,1,GH82-35853A,1,GH81-26418A,1,GH82-35850A,1,GH82-35851B,1,0,0,0,0,0,0,0,0,0,0,0,0,0,0,0,0,0,0,0,0
1305065,3.51273E+14,R5CX922PG7Y,Samsung,SM-S721B/DS,Grey,128GB,Mobile phone,SM-S721BZADEUB,REPAIRED,UB,&quot;Camera front&quot;+screenGrading_Discrepancy_Bezel,replaced screen/frame/front camera/battery/tape,GH82-35930A,1,GH96-16212A,1,GH82-35853A,1,GH82-35851B,1,GH82-35850A,1,0,0,0,0,0,0,0,0,0,0,0,0,0,0,0,0,0,0,0,0
1305066,3.51273E+14,R5CX922P4NZ,Samsung,SM-S721B/DS,Grey,128GB,Mobile phone,SM-S721BZADEUB,REPAIRED,UB,"Screen, backglass, Camera front,Other,Cracked back cover","OLED, Frame and Cover Replaced",GH82-35851B,1,GH82-35853A,1,GH96-16212A,1,GH82-35850A,1,GH82-35832B,1,GH82-35930A,1,0,0,0,0,0,0,0,0,0,0,0,0,0,0,0,0,0,0
1305068,3.51273E+14,R5CX922P8JH,Samsung,SM-S721B/DS,Grey,128GB,Mobile phone,SM-S721BZADEUB,REPAIRED,UB,Broken screen,"replaced the screen,frame,battery and tapes",GH82-35851B,1,GH82-35850A,1,GH82-35930A,1,GH82-35853A,1,GH81-26418A,1,0,0,0,0,0,0,0,0,0,0,0,0,0,0,0,0,0,0,0,0
1305071,3.51273E+14,R5CX90ENHSL,Samsung,SM-S721B/DS,Black,128GB,Mobile phone,SM-S721BZKDEUB,REPAIRED,UB,"Screen+BG+&quot;Camera front,Dark shadows&quot;","Screen+BG+&quot;Camera front,Dark shadows&quot;",GH82-35850A,1,GH82-35851A,1,GH82-35853A,1,GH82-35930A,1,GH82-35832A,1,GH96-16212A,1,0,0,0,0,0,0,0,0,0,0,0,0,0,0,0,0,0,0
1305073,3.51273E+14,R5CX90HCN7T,Samsung,SM-S721B/DS,Black,128GB,Mobile phone,SM-S721BZKDEUB,REPAIRED,UB,"&quot;Camera front,Dark shadows&quot; screen bezel bc","replaced oled ,frame ,camera front ,tape",GH82-35850A,1,GH82-35930A,1,GH82-35853A,1,GH82-35832A,1,GH96-16212B,1,GH82-35851A,1,0,0,0,0,0,0,0,0,0,0,0,0,0,0,0,0,0,0
1305076,3.51273E+14,R5CX922PC5R,Samsung,SM-S721B/DS,Grey,128GB,Mobile phone,SM-S721BZADEUB,REPAIRED,UB,"Camera front,Dark shadows&quot; screen, bezel","replaced  Camera front,Dark shadows&quot; screen, bezel,cover 
Gradin",GH82-35851B,1,GH96-16212A,1,GH82-35832B,1,GH82-35853A,1,GH82-35930A,1,GH82-35850A,1,0,0,0,0,0,0,0,0,0,0,0,0,0,0,0,0,0,0
1305079,3.51273E+14,R5CX922P8QJ,Samsung,SM-S721B/DS,Grey,128GB,Mobile phone,SM-S721BZADEUB,REPAIRED,UB,"screen, bezel, back cover, cam front","replaced  screen, bezel, back cover, cam front",GH82-35832B,1,GH82-35850A,1,GH82-35853A,1,GH82-35930A,1,GH82-35851B,1,GH96-16212A,1,0,0,0,0,0,0,0,0,0,0,0,0,0,0,0,0,0,0
1305080,3.51273E+14,R5CX922PSGE,Samsung,SM-S721B/DS,Grey,128GB,Mobile phone,SM-S721BZADEUB,REPAIRED,UB,"screen, camera front,",Samsung refurb,GH96-16212A,1,GH81-26418A,1,GH82-35850A,1,GH82-35930A,1,0,0,0,0,0,0,0,0,0,0,0,0,0,0,0,0,0,0,0,0,0,0
1305082,3.51273E+14,R5CX922PJEB,Samsung,SM-S721B/DS,Grey,128GB,Mobile phone,SM-S721BZADEUB,REPAIRED,UB,"Camera front,Dark shadows,","replaced screen, bezel ,Camera front,",GH82-35930A,1,GH96-16212A,1,GH82-35850A,1,GH82-35851B,1,GH82-35853A,1,0,0,0,0,0,0,0,0,0,0,0,0,0,0,0,0,0,0,0,0
1305085,3.51273E+14,R5CX922PDGD,Samsung,SM-S721B/DS,Grey,128GB,Mobile phone,SM-S721BZADEUB,REPAIRED,UB,"screen, camera front, bezel,","screen, camera front, bezel",GH82-35930A,1,GH82-35853A,1,GH81-26418A,1,GH96-16212A,1,GH82-35850A,1,GH82-35851B,1,0,0,0,0,0,0,0,0,0,0,0,0,0,0,0,0,0,0
1305086,3.51273E+14,R5CX922PPCJ,Samsung,SM-S721B/DS,Grey,128GB,Mobile phone,SM-S721BZADEUB,REPAIRED,UB,"screen, camera front","replaced screen, tapes and front camera",GH96-16212B,1,GH82-35850A,1,GH82-35930A,1,0,0,0,0,0,0,0,0,0,0,0,0,0,0,0,0,0,0,0,0,0,0,0,0
1305089,3.51273E+14,R5CX922PCHJ,Samsung,SM-S721B/DS,Grey,128GB,Mobile phone,SM-S721BZADEUB,REPAIRED,UB,"&quot;Camera front,Dark shadows&quot; screen bezel bc","Replaced OLED, Frame, Front camera and tapes",GH96-16212A,1,GH82-35851B,1,GH82-35853A,1,GH82-35930A,1,GH82-35850A,1,0,0,0,0,0,0,0,0,0,0,0,0,0,0,0,0,0,0,0,0
1305090,3.51273E+14,R5CX922P7CZ,Samsung,SM-S721B/DS,Grey,128GB,Mobile phone,SM-S721BZADEUB,REPAIRED,UB,"screen, camera front, bezel","replaced the screen,frame,battery,cover and front cam",GH82-35853A,1,GH82-35851B,1,GH82-35930A,1,GH96-16212A,1,GH82-35850A,1,0,0,0,0,0,0,0,0,0,0,0,0,0,0,0,0,0,0,0,0
1305094,3.51273E+14,R5CX922PGXF,Samsung,SM-S721B/DS,Grey,128GB,Mobile phone,SM-S721BZADEUB,REPAIRED,UB,Oled+Frame,replaced front + screen + batt,GH81-26418A,1,GH82-35850A,1,GH82-35851B,1,GH82-35853A,1,GH82-35930A,1,0,0,0,0,0,0,0,0,0,0,0,0,0,0,0,0,0,0,0,0
1305096,3.51273E+14,R5CX922PC2K,Samsung,SM-S721B/DS,Grey,128GB,Mobile phone,SM-S721BZADEUB,REPAIRED,UB,"screen,screen burn,  bezel,","replaced the screen,frame,battery and tapes",GH82-35850A,1,GH82-35930A,1,GH82-35851B,1,GH82-35853A,1,0,0,0,0,0,0,0,0,0,0,0,0,0,0,0,0,0,0,0,0,0,0
1305097,3.51273E+14,R5CX922P4DF,Samsung,SM-S721B/DS,Grey,128GB,Mobile phone,SM-S721BZADEUB,REPAIRED,UB,"&quot;Camera front,Dark shadows&quot; screenGrading_Discrepa",replaced screen/battery/frame/front camera/tape,GH82-35930A,1,GH82-35851B,1,GH82-35850A,1,GH82-35853A,1,GH96-16212A,1,0,0,0,0,0,0,0,0,0,0,0,0,0,0,0,0,0,0,0,0
1305098,3.51273E+14,R5CX922PK8N,Samsung,SM-S721B/DS,Grey,128GB,Mobile phone,SM-S721BZADEUB,REPAIRED,UB,"screen  &quot;Camera front,Dark shadowsGrading_Discrepancy_B",replaced†screen/frame/battery/front camera/tape,GH82-35853A,1,GH82-35850A,1,GH82-35930A,1,GH82-35851B,1,GH96-16212A,1,0,0,0,0,0,0,0,0,0,0,0,0,0,0,0,0,0,0,0,0
1305099,3.51273E+14,R5CX922PB3N,Samsung,SM-S721B/DS,Grey,128GB,Mobile phone,SM-S721BZADEUB,REPAIRED,UB,Broken screen+&quot;Camera front&quot;,Broken screen+&quot;Camera front&quot;,GH81-26418A,1,GH96-16212B,1,GH82-35930A,1,GH82-35850A,1,0,0,0,0,0,0,0,0,0,0,0,0,0,0,0,0,0,0,0,0,0,0
1305101,3.51273E+14,R5CX922P8SX,Samsung,SM-S721B/DS,Grey,128GB,Mobile phone,SM-S721BZADEUB,REPAIRED,UB,"screen+&quot;Screen burn,Camera front&quot;",screen frame batt front cam,GH82-35930A,1,GH82-35850A,1,GH96-16212A,1,GH82-35853A,1,GH82-35851B,1,0,0,0,0,0,0,0,0,0,0,0,0,0,0,0,0,0,0,0,0
1305102,3.51273E+14,R5CX922PJ3M,Samsung,SM-S721B/DS,Grey,128GB,Mobile phone,SM-S721BZADEUB,REPAIRED,UB,"Camera front,Dark shadows&quot; screen bc",Samsung refurb,GH96-16212A,1,GH82-35930A,1,GH81-26418A,1,GH82-35850A,1,0,0,0,0,0,0,0,0,0,0,0,0,0,0,0,0,0,0,0,0,0,0
1305104,3.51273E+14,R5CX922PRDE,Samsung,SM-S721B/DS,Grey,128GB,Mobile phone,SM-S721BZADEUB,REPAIRED,UB,screen+&quot;Camera front&quot;,"replaced screen,frame,battery and front cam",GH96-16212A,1,GH82-35853A,1,GH82-35930A,1,GH82-35850A,1,GH82-35851B,1,0,0,0,0,0,0,0,0,0,0,0,0,0,0,0,0,0,0,0,0
1305105,3.51273E+14,R5CX922PBZV,Samsung,SM-S721B/DS,Grey,128GB,Mobile phone,SM-S721BZADEUB,REPAIRED,UB,"screen, camera front","Replaced OLED, Frame, and front cmaera",GH96-16212A,1,GH82-35851B,1,GH82-35850A,1,GH82-35853A,1,GH82-35930A,1,0,0,0,0,0,0,0,0,0,0,0,0,0,0,0,0,0,0,0,0
1305107,3.51273E+14,R5CX922P9ZL,Samsung,SM-S721B/DS,Grey,128GB,Mobile phone,SM-S721BZADEUB,REPAIRED,UB,&quot;Camera front&quot; screen,"replaced screen, frame, batt, cover, front cam and tape",GH96-16212A,1,GH81-26418A,1,GH82-35930A,1,GH82-35850A,1,GH82-35832B,1,GH82-35853A,1,GH82-35851B,1,0,0,0,0,0,0,0,0,0,0,0,0,0,0,0,0
1305109,3.54223E+14,R5CXC3JLYRN,Samsung,SM-S938B/DS,Blue,256GB,Mobile phone,SM-S938BZBDEUB,REPAIRED,UB,"screen, camera front,","Replaced  screen, camera front,  stylus",GH82-36588A,1,GH96-18791C,1,GH82-36522A,1,GH82-36520A,1,GH96-17872A,1,0,0,0,0,0,0,0,0,0,0,0,0,0,0,0,0,0,0,0,0
1305110,3.51273E+14,R5CX922PGLZ,Samsung,SM-S721B/DS,Grey,128GB,Mobile phone,SM-S721BZADEUB,REPAIRED,UB,Oled,"Replaced screen, frame, battery",GH82-35930A,1,GH82-35853A,1,GH81-26418A,1,GH82-35850A,1,GH82-35851B,1,0,0,0,0,0,0,0,0,0,0,0,0,0,0,0,0,0,0,0,0
1305111,3.51273E+14,R5CX922PAQH,Samsung,SM-S721B/DS,Grey,128GB,Mobile phone,SM-S721BZADEUB,REPAIRED,UB,OledGrading_Discrepancy_frame,"replaced oled ,frame ,tapes",GH82-35853A,1,GH82-35850A,1,GH82-35930A,1,GH81-26418A,1,GH82-35851B,1,0,0,0,0,0,0,0,0,0,0,0,0,0,0,0,0,0,0,0,0
1305112,3.54223E+14,R5CXC3M5CPP,Samsung,SM-S938B/DS,Blue,256GB,Mobile phone,SM-S938BZBDEUB,REPAIRED,UB,Oled,Replaced screen,GH82-36588A,1,GH82-36522A,1,GH82-36520A,1,GH82-36353B,1,GH96-18791C,1,0,0,0,0,0,0,0,0,0,0,0,0,0,0,0,0,0,0,0,0
1305113,3.51273E+14,R5CX922PLYP,Samsung,SM-S721B/DS,Grey,128GB,Mobile phone,SM-S721BZADEUB,REPAIRED,UB,Replacement OLED cover and frontcam,Replacement OLED cover and frontcam,GH82-35832B,1,GH96-16212B,1,GH82-35930A,1,GH82-35850A,1,0,0,0,0,0,0,0,0,0,0,0,0,0,0,0,0,0,0,0,0,0,0
1305114,3.54223E+14,R5CXC3JL2GB,Samsung,SM-S938B/DS,Blue,256GB,Mobile phone,SM-S938BZBDEUB,REPAIRED,UB,Oled,Replaced screen + NFC,GH82-36588A,1,GH96-18791C,1,GH82-36522A,1,GH82-36520A,1,GH97-30561A,1,GH82-36353B,1,0,0,0,0,0,0,0,0,0,0,0,0,0,0,0,0,0,0
1305121,3.54223E+14,R5CXC3JLQ9X,Samsung,SM-S938B/DS,Blue,256GB,Mobile phone,SM-S938BZBDEUB,REPAIRED,UB,Oled,Replaced screen and pen,GH82-37696A,1,GH82-36522A,1,GH96-18791C,1,GH82-36588A,1,0,0,0,0,0,0,0,0,0,0,0,0,0,0,0,0,0,0,0,0,0,0
1305125,3.54223E+14,R5CXC3JMJAB,Samsung,SM-S938B/DS,Blue,256GB,Mobile phone,SM-S938BZBDEUB,REPAIRED,UB,"screen, camera front",Samsung refurb,GH96-17872A,1,GH82-36588A,1,GH82-36522A,1,GH81-27003A,1,GH96-18791C,1,0,0,0,0,0,0,0,0,0,0,0,0,0,0,0,0,0,0,0,0
1305126,3.51273E+14,R5CX922PMMD,Samsung,SM-S721B/DS,Grey,128GB,Mobile phone,SM-S721BZADEUB,REPAIRED,UB,"screen, camera front, bezel,",Full refurb + f cam,GH82-35853A,1,GH82-35930A,1,GH81-26418A,1,GH96-16212A,1,GH82-35850A,1,GH82-35851B,1,0,0,0,0,0,0,0,0,0,0,0,0,0,0,0,0,0,0
1305130,3.54223E+14,R5CXC3M6FTT,Samsung,SM-S938B/DS,Blue,256GB,Mobile phone,SM-S938BZBDEUB,REPAIRED,UB,"screen+&quot;Camera front,Dark shadows&quot;+&quot;Missing S","replaced screen, tapes, spen, front cam",GH82-36520A,1,GH96-18791C,1,GH96-17872A,1,GH82-36522A,1,GH82-36588A,1,0,0,0,0,0,0,0,0,0,0,0,0,0,0,0,0,0,0,0,0
1305131,3.51273E+14,R5CX922P85J,Samsung,SM-S721B/DS,Grey,128GB,Mobile phone,SM-S721BZADEUB,REPAIRED,UB,Oled,Replacec Oled,GH82-35930A,1,GH81-26418A,1,GH82-35850A,1,0,0,0,0,0,0,0,0,0,0,0,0,0,0,0,0,0,0,0,0,0,0,0,0
1305135,3.51273E+14,R5CX922PT9K,Samsung,SM-S721B/DS,Grey,128GB,Mobile phone,SM-S721BZADEUB,REPAIRED,UB,"screen, camera front,","replaced oled ,tape ,front camera",GH82-35930A,1,GH82-35850A,1,GH82-35832B,1,GH96-16212A,1,GH82-35853A,1,GH82-35851B,1,GH81-26418A,1,0,0,0,0,0,0,0,0,0,0,0,0,0,0,0,0
1305138,3.54223E+14,R5CXC3JLDLZ,Samsung,SM-S938B/DS,Blue,256GB,Mobile phone,SM-S938BZBDEUB,REPAIRED,UB,"screen, camera front,",Samsung refurb,GH96-18791C,1,GH96-17872A,1,GH81-27003A,1,GH82-36588A,1,GH82-36522A,1,0,0,0,0,0,0,0,0,0,0,0,0,0,0,0,0,0,0,0,0
1305139,3.51273E+14,R5CX922PD0V,Samsung,SM-S721B/DS,Grey,128GB,Mobile phone,SM-S721BZADEUB,REPAIRED,UB,"screen, camera front, bezel","Replaced OLED, Frame, and front cmaera",GH82-35851B,1,GH82-35850A,1,GH96-16212A,1,GH82-35930A,1,GH82-35853A,1,0,0,0,0,0,0,0,0,0,0,0,0,0,0,0,0,0,0,0,0
1305140,3.54223E+14,R5CXC32E75R,Samsung,SM-S938B/DS,Blue,256GB,Mobile phone,SM-S938BZBDEUB,REPAIRED,UB,"Broken screen,Camera front, Missing Stylus","Replaced screen, front camera and S Pen",GH82-36522A,1,GH82-36588A,1,GH96-17872A,1,GH96-18791C,1,0,0,0,0,0,0,0,0,0,0,0,0,0,0,0,0,0,0,0,0,0,0
1305141,3.51273E+14,R5CX92EN61R,Samsung,SM-S721B/DS,Grey,128GB,Mobile phone,SM-S721BZADEUB,REPAIRED,UB,&quot;Camera front&quot;  screen,"replaced the screen,frame,battery and front cam",GH82-35853A,1,GH82-35851B,1,GH96-16212A,1,GH82-35930A,1,GH82-35850A,1,0,0,0,0,0,0,0,0,0,0,0,0,0,0,0,0,0,0,0,0
1305144,3.51273E+14,R5CX922PLPF,Samsung,SM-S721B/DS,Grey,128GB,Mobile phone,SM-S721BZADEUB,REPAIRED,UB,"screen, bezel",Samsung refurb,GH96-16212A,1,GH82-35850A,1,GH82-35851B,1,GH82-35853A,1,GH82-35930A,1,GH81-26418A,1,0,0,0,0,0,0,0,0,0,0,0,0,0,0,0,0,0,0
1305145,3.54223E+14,R5CXC3JLRBR,Samsung,SM-S938B/DS,Blue,256GB,Mobile phone,SM-S938BZBDEUB,REPAIRED,UB,"screen+&quot;Camera front,Dark shadows&quot;+&quot;Missing S","Grading_Discrepancy_backcover 
replaced oled ,cover ,tapes ,camera",GH96-17872A,1,GH96-18791C,1,GH82-36353B,1,GH82-36588A,1,GH82-36522A,1,0,0,0,0,0,0,0,0,0,0,0,0,0,0,0,0,0,0,0,0
1305146,3.51273E+14,R5CX922P9YK,Samsung,SM-S721B/DS,Grey,128GB,Mobile phone,SM-S721BZADEUB,REPAIRED,UB,"screen, camera front, bezel, backglass","Replaced OLED, Frame, cover and front cmaera",GH82-35930A,1,GH82-35853A,1,GH82-35851B,1,GH82-35832B,1,GH82-35850A,1,GH96-16212A,1,0,0,0,0,0,0,0,0,0,0,0,0,0,0,0,0,0,0
1305150,3.51273E+14,R5CX922PQ3R,Samsung,SM-S721B/DS,Grey,128GB,Mobile phone,SM-S721BZADEUB,REPAIRED,UB,Oled+Frame,Oled+Frame,GH82-35850A,1,GH82-35930A,1,GH82-35853A,1,GH81-26418A,1,GH82-35851B,1,0,0,0,0,0,0,0,0,0,0,0,0,0,0,0,0,0,0,0,0
1305151,3.51273E+14,R5CX922PDKV,Samsung,SM-S721B/DS,Grey,128GB,Mobile phone,SM-S721BZADEUB,REPAIRED,UB,"Screen, bezel,Backglass","replaced the screen,frame,battery and cover",GH82-35851B,1,GH82-35832B,1,GH82-35930A,1,GH82-35850A,1,GH82-35853A,1,0,0,0,0,0,0,0,0,0,0,0,0,0,0,0,0,0,0,0,0
1305152,3.51273E+14,R5CX922PK6M,Samsung,SM-S721B/DS,Grey,128GB,Mobile phone,SM-S721BZADEUB,REPAIRED,UB,Replacement OLED and front cam,Replacement OLED and front cam,GH82-35850A,1,GH82-35930A,1,GH96-16212B,1,0,0,0,0,0,0,0,0,0,0,0,0,0,0,0,0,0,0,0,0,0,0,0,0
1305153,3.54223E+14,R5CXC3JL8BV,Samsung,SM-S938B/DS,Blue,256GB,Mobile phone,SM-S938BZBDEUB,REPAIRED,UB,Oled,Replaced screen and s pen,GH96-18791C,1,GH82-36588A,1,GH82-37696A,1,GH82-36522A,1,0,0,0,0,0,0,0,0,0,0,0,0,0,0,0,0,0,0,0,0,0,0
1305154,3.51273E+14,R5CX922PBQZ,Samsung,SM-S721B/DS,Grey,128GB,Mobile phone,SM-S721BZADEUB,REPAIRED,UB,"screen, camera front,","screen, camera front,",GH96-16212A,1,GH81-26418A,1,GH82-35930A,1,GH82-35850A,1,0,0,0,0,0,0,0,0,0,0,0,0,0,0,0,0,0,0,0,0,0,0
1305156,3.51273E+14,R5CX922PHDJ,Samsung,SM-S721B/DS,Grey,128GB,Mobile phone,SM-S721BZADEUB,REPAIRED,UB,Oled+Frame,Replaced frame + screen + battery,GH82-35930A,1,GH82-35853A,1,GH81-26418A,1,GH82-35851B,1,GH82-35850A,1,0,0,0,0,0,0,0,0,0,0,0,0,0,0,0,0,0,0,0,0
1305158,3.51273E+14,R5CX922PE0D,Samsung,SM-S721B/DS,Grey,128GB,Mobile phone,SM-S721BZADEUB,REPAIRED,UB,"screen, camera front, bezel damaged","Replaced OLED, frame, Battery, Front camera and Tapes",GH82-35850A,1,GH96-16212A,1,GH82-35853A,1,GH82-35851B,1,GH82-35930A,1,0,0,0,0,0,0,0,0,0,0,0,0,0,0,0,0,0,0,0,0
1305162,3.51273E+14,R5CX922P6XW,Samsung,SM-S721B/DS,Grey,128GB,Mobile phone,SM-S721BZADEUB,REPAIRED,UB,"screen, camera front,",Samsung refurb,GH81-26418A,1,GH82-35850A,1,GH96-16212A,1,GH82-35930A,1,0,0,0,0,0,0,0,0,0,0,0,0,0,0,0,0,0,0,0,0,0,0
1305163,3.51273E+14,R5CX922P8KE,Samsung,SM-S721B/DS,Grey,128GB,Mobile phone,SM-S721BZADEUB,REPAIRED,UB,"screen+&quot;Camera front,Dark shadows&quot;",Replaced f cam + screen + frame + screen,GH82-35853A,1,GH82-35851B,1,GH96-16212A,1,GH82-35850A,1,GH82-35930A,1,0,0,0,0,0,0,0,0,0,0,0,0,0,0,0,0,0,0,0,0
1305164,3.51273E+14,R5CX922PGMT,Samsung,SM-S721B/DS,Grey,128GB,Mobile phone,SM-S721BZADEUB,REPAIRED,UB,"&quot;Camera front,Dark shadows&quot; screen bezel bc","OOW-screen frame, battery, back cover",GH82-35850A,1,GH96-16212A,1,GH82-35853A,1,GH82-35832B,1,GH82-35930A,1,GH82-35851B,1,0,0,0,0,0,0,0,0,0,0,0,0,0,0,0,0,0,0
1305166,3.51273E+14,R5CX922PM3Y,Samsung,SM-S721B/DS,Grey,128GB,Mobile phone,SM-S721BZADEUB,REPAIRED,UB,"screen, camera front, bezel, backglass","replaced screen, camera front, bezel, backglass",GH82-35832B,1,GH82-35850A,1,GH82-35851B,1,GH82-35853A,1,GH82-35930A,1,GH81-26418A,1,GH96-16212B,1,0,0,0,0,0,0,0,0,0,0,0,0,0,0,0,0
1305168,3.51273E+14,R5CX922PSLV,Samsung,SM-S721B/DS,Grey,128GB,Mobile phone,SM-S721BZADEUB,REPAIRED,UB,screen+&quot;Camera front&quot;,screen+&quot;Camera front&quot;,GH82-35930A,1,GH81-26418A,1,GH96-16212B,1,GH82-35850A,1,0,0,0,0,0,0,0,0,0,0,0,0,0,0,0,0,0,0,0,0,0,0
1305170,3.51273E+14,R5CX922P8TA,Samsung,SM-S721B/DS,Grey,128GB,Mobile phone,SM-S721BZADEUB,REPAIRED,UB,"screen+&quot;Camera front,Other&quot;",Samsung refurb,GH82-35851B,1,GH96-16212A,1,GH82-35850A,1,GH82-35930A,1,GH81-26418A,1,GH82-35853A,1,0,0,0,0,0,0,0,0,0,0,0,0,0,0,0,0,0,0
1305171,3.51273E+14,R5CX922PHTE,Samsung,SM-S721B/DS,Grey,128GB,Mobile phone,SM-S721BZADEUB,REPAIRED,UB,"Screen, bezel",Replaced: Frame and Display,GH82-35853A,1,GH82-35850A,1,GH82-35930A,1,GH82-35851B,1,0,0,0,0,0,0,0,0,0,0,0,0,0,0,0,0,0,0,0,0,0,0
1305173,3.54223E+14,R5CXC3JLPWF,Samsung,SM-S938B/DS,Blue,256GB,Mobile phone,SM-S938BZBDEUB,REPAIRED,UB,Oled+BG+S-Pen,"Repalced: Oled, Spen and BG",GH96-18791C,1,GH82-36588A,1,GH82-36522A,1,GH82-36520A,1,GH82-36353B,1,0,0,0,0,0,0,0,0,0,0,0,0,0,0,0,0,0,0,0,0
1305174,3.51273E+14,R5CX922PAPW,Samsung,SM-S721B/DS,Grey,128GB,Mobile phone,SM-S721BZADEUB,REPAIRED,UB,Screen,Replaced screen and cover,GH82-35850A,1,GH82-35930A,1,GH82-35832B,1,0,0,0,0,0,0,0,0,0,0,0,0,0,0,0,0,0,0,0,0,0,0,0,0
1305175,3.54223E+14,R5CXC3JM32A,Samsung,SM-S938B/DS,Blue,256GB,Mobile phone,SM-S938BZBDEUB,REPAIRED,UB,Oled - front camera blurry,"Replaced screen, back cover and front camera",GH82-36588A,1,GH96-18791C,1,GH82-36522A,1,GH82-36353B,1,GH96-17872A,1,0,0,0,0,0,0,0,0,0,0,0,0,0,0,0,0,0,0,0,0
1305176,3.51273E+14,R5CX922PQNR,Samsung,SM-S721B/DS,Grey,128GB,Mobile phone,SM-S721BZADEUB,REPAIRED,UB,Replacement OLED frame and vt,Replacement OLED frame and vt,GH82-35850A,1,GH82-35930A,1,GH96-16212A,1,GH82-35851B,1,GH82-35853A,1,0,0,0,0,0,0,0,0,0,0,0,0,0,0,0,0,0,0,0,0
1305177,3.51273E+14,R5CX922PG4H,Samsung,SM-S721B/DS,Grey,128GB,Mobile phone,SM-S721BZADEUB,REPAIRED,UB,Replacement OLED and vt,Replacement OLED and vt,GH82-35930A,1,GH82-35850A,1,GH96-16212B,1,0,0,0,0,0,0,0,0,0,0,0,0,0,0,0,0,0,0,0,0,0,0,0,0
1305178,3.51273E+14,R5CX922PMTX,Samsung,SM-S721B/DS,Grey,128GB,Mobile phone,SM-S721BZADEUB,REPAIRED,UB,&quot;Camera front&quot;+Oled,"replaced , scree, batt, frame , camera",GH81-26418A,1,GH82-35851B,1,GH82-35850A,1,GH82-35853A,1,GH82-35930A,1,GH96-16212A,1,0,0,0,0,0,0,0,0,0,0,0,0,0,0,0,0,0,0
1305181,3.54223E+14,R5CXC32DYWK,Samsung,SM-S938B/DS,Blue,256GB,Mobile phone,SM-S938BZBDEUB,REPAIRED,UB,"screen, camera front,","replaced OLED, front camera, Spen and tapes",GH82-37696A,1,GH82-36588A,1,GH96-17872A,1,GH96-18791C,1,GH82-36522A,1,0,0,0,0,0,0,0,0,0,0,0,0,0,0,0,0,0,0,0,0
1305182,3.51273E+14,R5CX922PMVA,Samsung,SM-S721B/DS,Grey,128GB,Mobile phone,SM-S721BZADEUB,REPAIRED,UB,"screen, bezel, camera front","replaced  screen, bezel, camera front",GH82-35930A,1,GH96-16212A,1,GH82-35853A,1,GH82-35850A,1,GH82-35851B,1,0,0,0,0,0,0,0,0,0,0,0,0,0,0,0,0,0,0,0,0
1305183,3.53936E+14,R5CX61EW7XE,Samsung,SM-F741B,Light Blue,256GB,Mobile phone,SM-F741BLBGEUB,REPAIRED,UB,Screen protector replacement,Replaced screen and tapes,GH98-49714A,1,GH02-26374A,1,GH02-26398A,1,GH82-35145A,1,GH81-26035A,2,GH82-35022A,1,GH82-35143A,1,0,0,0,0,0,0,0,0,0,0,0,0,0,0,0,0
1305184,3.51273E+14,R5CX922PM5V,Samsung,SM-S721B/DS,Grey,128GB,Mobile phone,SM-S721BZADEUB,REPAIRED,UB,"screen, camera front,","Replaced OLED, Frame, Cover, Battery",GH82-35850A,1,GH82-35930A,1,GH82-35853A,1,GH82-35832B,1,GH82-35851B,1,GH96-16212A,1,0,0,0,0,0,0,0,0,0,0,0,0,0,0,0,0,0,0
1305185,3.51451E+14,RFCX612ZZWL,Samsung,SM-F956B/DS,Silver,256GB,Mobile phone,SM-F956BZSBEUB,REPAIRED,L2,SubLCD,Replaced sub screen,GH82-35047A,1,GH82-35138A,1,GH81-26062A,1,0,0,0,0,0,0,0,0,0,0,0,0,0,0,0,0,0,0,0,0,0,0,0,0
1305186,3.51451E+14,RFCX612ZFNP,Samsung,SM-F956B/DS,Silver,256GB,Mobile phone,SM-F956BZSBEUB,REPAIRED,L2,"Sub screen, Excessive wear",Replaced: Sub screen and SP,GH81-26062A,2,GH82-35138A,1,GH82-35047A,1,0,0,0,0,0,0,0,0,0,0,0,0,0,0,0,0,0,0,0,0,0,0,0,0
1305190,3.54223E+14,R5CXC3JMPNH,Samsung,SM-S938B/DS,Blue,256GB,Mobile phone,SM-S938BZBDEUB,REPAIRED,UB,"Broken screen, Camera front, spen replacement",Replaced: Oled,GH82-36522A,1,GH82-36588A,1,GH96-17872A,1,GH96-18791C,1,GH82-36520A,1,0,0,0,0,0,0,0,0,0,0,0,0,0,0,0,0,0,0,0,0
1305191,3.51273E+14,R5CX922PL4F,Samsung,SM-S721B/DS,Grey,128GB,Mobile phone,SM-S721BZADEUB,REPAIRED,UB,screen burn,"REPLACED screen ,TAPES",GH81-26418A,1,GH82-35930A,1,GH82-35850A,1,0,0,0,0,0,0,0,0,0,0,0,0,0,0,0,0,0,0,0,0,0,0,0,0
1305192,3.55681E+14,RFCWB0LXXQN,Samsung,SM-S921B/DS,Yellow,128GB,Mobile phone,SM-S921BZY4EUB,REPAIRED,UB,Oled+Frame+BG,Refurb,GH82-33295A,1,GH96-16298A,1,GH82-33293A,1,GH82-33286A,1,GH82-33290A,1,GH82-33418D,1,0,0,0,0,0,0,0,0,0,0,0,0,0,0,0,0,0,0
1305197,3.51273E+14,R5CX922PRZE,Samsung,SM-S721B/DS,Grey,128GB,Mobile phone,SM-S721BZADEUB,REPAIRED,UB,"scree, scren burn, bezel",Samsung refurb,GH82-35853A,1,GH82-35851B,1,GH82-35930A,1,GH82-35850A,1,0,0,0,0,0,0,0,0,0,0,0,0,0,0,0,0,0,0,0,0,0,0
1305198,3.55681E+14,RFCWB0M02BP,Samsung,SM-S921B/DS,Yellow,128GB,Mobile phone,SM-S921BZY4EUB,REPAIRED,UB,Oled,Replaced screen,GH82-33293A,1,GH82-33295A,1,GH82-33286A,1,0,0,0,0,0,0,0,0,0,0,0,0,0,0,0,0,0,0,0,0,0,0,0,0
1305204,3.54223E+14,R5CXC3JLZAA,Samsung,SM-S938B/DS,Blue,256GB,Mobile phone,SM-S938BZBDEUB,REPAIRED,UB,Oled+S-Pen,Replaced: Display and S pen,GH96-18791C,1,GH82-36588A,1,GH82-36522A,1,GH82-36520A,1,0,0,0,0,0,0,0,0,0,0,0,0,0,0,0,0,0,0,0,0,0,0
1305205,3.51273E+14,R5CX922P7WN,Samsung,SM-S721B/DS,Grey,128GB,Mobile phone,SM-S721BZADEUB,REPAIRED,UB,"screen, bezel, backglass","screen, bezel, backglass",GH82-35832B,1,GH82-35930A,1,GH82-35853A,1,GH82-35850A,1,GH82-35851B,1,0,0,0,0,0,0,0,0,0,0,0,0,0,0,0,0,0,0,0,0
1305208,3.55681E+14,RFCWB0QF7DF,Samsung,SM-S921B/DS,Yellow,128GB,Mobile phone,SM-S921BZY4EUB,REPAIRED,UB,&quot;Camera front&quot; screen bezel bc,screen frame batt cover front cam,GH96-16298A,1,GH82-33101D,1,GH82-33295A,1,GH82-33290A,1,GH82-33418D,1,GH82-33286A,1,0,0,0,0,0,0,0,0,0,0,0,0,0,0,0,0,0,0
1305209,3.51273E+14,R5CX922PJ0A,Samsung,SM-S721B/DS,Grey,128GB,Mobile phone,SM-S721BZADEUB,REPAIRED,UB,Oled+BG,Full refurb,GH82-35832B,1,GH82-35930A,1,GH82-35850A,1,GH82-35851B,1,GH82-35853A,1,0,0,0,0,0,0,0,0,0,0,0,0,0,0,0,0,0,0,0,0
1305211,3.55681E+14,RFCWB0QF86W,Samsung,SM-S921B/DS,Yellow,128GB,Mobile phone,SM-S921BZY4EUB,REPAIRED,UB,&quot;Camera front&quot; screen bezel bc,replaced†screen frame front camera†battery†and†cover,GH82-33286A,1,GH82-33418D,1,GH82-33290A,1,GH82-33101D,1,GH96-16298A,1,GH82-33293A,1,GH82-33295A,1,0,0,0,0,0,0,0,0,0,0,0,0,0,0,0,0
1305213,3.51273E+14,R5CX922PFFN,Samsung,SM-S721B/DS,Grey,128GB,Mobile phone,SM-S721BZADEUB,REPAIRED,UB,"screen, camera front","replaced screen, tapes, front cam",GH96-16212B,1,GH82-35930A,1,GH82-35850A,1,0,0,0,0,0,0,0,0,0,0,0,0,0,0,0,0,0,0,0,0,0,0,0,0
1305214,3.54223E+14,R5CXC32E3DX,Samsung,SM-S938B/DS,Blue,256GB,Mobile phone,SM-S938BZBDEUB,REPAIRED,UB,"screen, camera front,",screen front cam spen,GH96-18791C,1,GH82-36588A,1,GH96-17872A,1,GH82-36520A,1,GH82-36522A,1,0,0,0,0,0,0,0,0,0,0,0,0,0,0,0,0,0,0,0,0
1305223,3.51451E+14,RFCX612ZT0X,Samsung,SM-F956B/DS,Silver,256GB,Mobile phone,SM-F956BZSBEUB,REPAIRED,L2,sub-screen/SP/addy-deco,sub-screen/SP/addy-deco,GH82-35047A,1,GH82-35137A,1,GH82-35138A,1,GH81-26062A,1,0,0,0,0,0,0,0,0,0,0,0,0,0,0,0,0,0,0,0,0,0,0
1305225,3.51451E+14,RFCX612Z2LX,Samsung,SM-F956B/DS,Silver,256GB,Mobile phone,SM-F956BZSBEUB,REPAIRED,L2,"Camera front,Screen protector peeling off Sub-screen C",Replaced: Front cam and sub screen,GH82-35138A,2,GH82-35047A,1,GH96-16975A,1,GH96-16976A,1,GH81-26062A,1,GH82-35139A,1,GH82-35137A,1,0,0,0,0,0,0,0,0,0,0,0,0,0,0,0,0
1305228,3.51273E+14,R5CX90ENYWK,Samsung,SM-S721B/DS,Black,128GB,Mobile phone,SM-S721BZKDEUB,REPAIRED,UB,"screen, camera front, bezel, backglass","screen, camera front, bezel, backglass",GH96-16212B,1,GH82-35930A,1,GH59-15804A,1,GH82-35832A,1,GH82-35850A,1,GH82-35853A,1,GH82-35851A,1,0,0,0,0,0,0,0,0,0,0,0,0,0,0,0,0
1305231,3.53936E+14,R5CX61CL19D,Samsung,SM-F741B,Light Blue,256GB,Mobile phone,SM-F741BLBGEUB,REPAIRED,L1,Broken screen,Replaced Screen protector,GH81-26035A,1,0,0,0,0,0,0,0,0,0,0,0,0,0,0,0,0,0,0,0,0,0,0,0,0,0,0,0,0
1305243,3.51273E+14,R5CX922P80E,Samsung,SM-S721B/DS,Grey,128GB,Mobile phone,SM-S721BZADEUB,REPAIRED,UB,screen+&quot;Camera front&quot;,screen frame batt front cam,GH82-35853A,1,GH82-35850A,1,GH96-16212A,1,GH82-35930A,1,GH82-35851B,1,GH82-35832B,1,0,0,0,0,0,0,0,0,0,0,0,0,0,0,0,0,0,0
1305258,3.51273E+14,R5CX90HCP5M,Samsung,SM-S721B/DS,Black,128GB,Mobile phone,SM-S721BZKDEUB,REPAIRED,UB,"screen, bezel, camera front","OOW-screen, frame, battery, back cover, front camera",GH82-35853A,1,GH82-35851A,1,GH82-35832A,1,GH96-16212B,1,GH82-35930A,1,GH82-35850A,1,0,0,0,0,0,0,0,0,0,0,0,0,0,0,0,0,0,0
1305261,3.51273E+14,R5CX922PRED,Samsung,SM-S721B/DS,Grey,128GB,Mobile phone,SM-S721BZADEUB,REPAIRED,UB,"screen, camera front, bezel",Refurb,GH96-16212A,1,GH82-35930A,1,GH82-35850A,1,GH82-35851B,1,GH82-35853A,1,GH82-35832B,1,0,0,0,0,0,0,0,0,0,0,0,0,0,0,0,0,0,0
1305262,3.51273E+14,R5CX90HDFZY,Samsung,SM-S721B/DS,Black,128GB,Mobile phone,SM-S721BZKDEUB,REPAIRED,UB,"screen, camera front, bezel, backglass","replaced oled ,frame ,cover,tape ,camera",GH96-16212B,1,GH82-35930A,1,GH82-35851A,1,GH82-35853A,1,GH82-35832A,1,GH82-35850A,1,0,0,0,0,0,0,0,0,0,0,0,0,0,0,0,0,0,0
1305296,3.53936E+14,R5CX61EVN7D,Samsung,SM-F741B,Light Blue,256GB,Mobile phone,SM-F741BLBGEUB,REPAIRED,L1,"Broken screen, Screen protector peeling off",Replaced: Deco and SP,GH82-35145A,1,GH81-26035A,2,0,0,0,0,0,0,0,0,0,0,0,0,0,0,0,0,0,0,0,0,0,0,0,0,0,0
1305362,3.53936E+14,R5CX61KDAEH,Samsung,SM-F741B,Light Blue,256GB,Mobile phone,SM-F741BLBGEUB,REPAIRED,UB,Screen protector replacement,replaced screen and tapes,GH82-35022A,1,GH82-35145A,1,GH98-49714A,1,GH02-26398A,1,GH02-26374A,1,GH96-15978A,1,GH81-26035A,1,GH82-35141A,1,GH82-35143A,1,0,0,0,0,0,0,0,0,0,0,0,0
1305363,3.53936E+14,R5CX61KCZQA,Samsung,SM-F741B,Light Blue,256GB,Mobile phone,SM-F741BLBGEUB,REPAIRED,UB,"Broken screen, Screen protector peeling offDamaged screen",screen,GH81-26035A,2,GH82-35022A,1,GH82-35141A,1,GH82-35143A,1,GH82-35145A,1,0,0,0,0,0,0,0,0,0,0,0,0,0,0,0,0,0,0,0,0
1305366,3.53936E+14,R5CX618GZXX,Samsung,SM-F741B,Silver,256GB,Mobile phone,SM-F741BZSGEUB,REPAIRED,UB,Screen C,Samsung refurb,GH98-49714A,1,GH02-26374A,1,GH82-35022A,1,GH82-35141A,1,GH82-35143A,1,GH02-26398A,1,GH82-35145A,1,0,0,0,0,0,0,0,0,0,0,0,0,0,0,0,0
1305367,3.51451E+14,RFCX612Z1GE,Samsung,SM-F956B/DS,Silver,256GB,Mobile phone,SM-F956BZSBEUB,REPAIRED,L1,&quot;Screen protector peeling off&quot;,Replaced: Screen protector,GH81-26062A,1,0,0,0,0,0,0,0,0,0,0,0,0,0,0,0,0,0,0,0,0,0,0,0,0,0,0,0,0
1305369,3.51451E+14,RFCX60H8ZAM,Samsung,SM-F956B/DS,Silver,256GB,Mobile phone,SM-F956BZSBEUB,REPAIRED,UB,Oled+&quot;Screen protector peeling off&quot;,Replaced screen,GH82-35139A,1,GH82-35046A,1,GH81-26062A,1,GH82-35138A,1,GH82-35137A,1,0,0,0,0,0,0,0,0,0,0,0,0,0,0,0,0,0,0,0,0
1305372,3.55681E+14,RFCWB0QHTHY,Samsung,SM-S921B/DS,Yellow,128GB,Mobile phone,SM-S921BZY4EUB,REPAIRED,UB,Oled,full refurb,GH82-33101D,1,GH82-33295A,1,GH82-33290A,1,GH82-33418D,1,GH82-33286A,1,0,0,0,0,0,0,0,0,0,0,0,0,0,0,0,0,0,0,0,0
1305375,3.55681E+14,RFCWB0LXS9B,Samsung,SM-S921B/DS,Yellow,128GB,Mobile phone,SM-S921BZY4EUB,REPAIRED,UB,Oled+BG,Replaced: Display and BG,GH82-33295A,1,GH82-33286A,1,GH82-33101D,1,0,0,0,0,0,0,0,0,0,0,0,0,0,0,0,0,0,0,0,0,0,0,0,0
1305430,3.51451E+14,RFCX60RCTVK,Samsung,SM-F956B/DS,Silver,256GB,Mobile phone,SM-F956BZSBEUB,REPAIRED,L1,Screen protector replacement,replaced screen protector,GH81-26062A,2,0,0,0,0,0,0,0,0,0,0,0,0,0,0,0,0,0,0,0,0,0,0,0,0,0,0,0,0
1305894,3.53936E+14,R5CX625RY4B,Samsung,SM-F741B,Light Blue,256GB,Mobile phone,SM-F741BLBGEUB,REPAIRED,L1,screen,sp,GH81-26035A,2,0,0,0,0,0,0,0,0,0,0,0,0,0,0,0,0,0,0,0,0,0,0,0,0,0,0,0,0
1306302,3.53936E+14,R5CX63B2P9L,Samsung,SM-F741B,Light Blue,256GB,Mobile phone,SM-F741BLBGEUB,REPAIRED,L2,Camera fault,VT Cam and SP Replaced,GH81-26035A,2,GH96-15978A,1,0,0,0,0,0,0,0,0,0,0,0,0,0,0,0,0,0,0,0,0,0,0,0,0,0,0
1306327,3.53936E+14,R5CX61KC2KP,Samsung,SM-F741B,Light Blue,256GB,Mobile phone,SM-F741BLBGEUB,REPAIRED,L1,screen,sp,GH81-26035A,2,0,0,0,0,0,0,0,0,0,0,0,0,0,0,0,0,0,0,0,0,0,0,0,0,0,0,0,0
1306330,3.53936E+14,R5CX61KCFSH,Samsung,SM-F741B,Light Blue,256GB,Mobile phone,SM-F741BLBGEUB,REPAIRED,L1,screen,SP,GH81-26035A,2,0,0,0,0,0,0,0,0,0,0,0,0,0,0,0,0,0,0,0,0,0,0,0,0,0,0,0,0
1306331,3.53936E+14,R5CX61DPH7V,Samsung,SM-F741B,Light Blue,256GB,Mobile phone,SM-F741BLBGEUB,REPAIRED,L1,screen,sp,GH81-26035A,2,0,0,0,0,0,0,0,0,0,0,0,0,0,0,0,0,0,0,0,0,0,0,0,0,0,0,0,0
1306332,3.53936E+14,R5CX61KB9CL,Samsung,SM-F741B,Light Blue,256GB,Mobile phone,SM-F741BLBGEUB,REPAIRED,L2,Replacement VT and sp,Replacement VT and sp,GH96-15978A,1,GH81-26035A,2,0,0,0,0,0,0,0,0,0,0,0,0,0,0,0,0,0,0,0,0,0,0,0,0,0,0
1306333,3.53936E+14,R5CX61EW60D,Samsung,SM-F741B,Light Blue,256GB,Mobile phone,SM-F741BLBGEUB,REPAIRED,L1,screen,sp,GH81-26035A,2,0,0,0,0,0,0,0,0,0,0,0,0,0,0,0,0,0,0,0,0,0,0,0,0,0,0,0,0
1306334,3.53936E+14,R5CX61KCZJV,Samsung,SM-F741B,Light Blue,256GB,Mobile phone,SM-F741BLBGEUB,REPAIRED,UB,"&quot;Screen protector peeling off,Cracked back cover&quot;",Replaced back cover and screen and front camera,GH96-15978A,1,GH82-35182C,1,GH81-26035A,2,GH82-35141A,1,GH02-26374A,1,GH02-26398A,1,GH98-49714A,1,GH82-35145A,1,GH82-35022A,1,0,0,0,0,0,0,0,0,0,0,0,0
1306335,3.53936E+14,R5CX61EWW6T,Samsung,SM-F741B,Light Blue,256GB,Mobile phone,SM-F741BLBGEUB,REPAIRED,L1,screen,Replaced sp,GH81-26035A,2,0,0,0,0,0,0,0,0,0,0,0,0,0,0,0,0,0,0,0,0,0,0,0,0,0,0,0,0
1306337,3.53936E+14,R5CX61KD9VV,Samsung,SM-F741B,Light Blue,256GB,Mobile phone,SM-F741BLBGEUB,REPAIRED,UB,screen,screen,GH82-35022A,1,GH82-35141A,1,GH82-35143A,1,GH81-26035A,2,GH82-35145A,1,0,0,0,0,0,0,0,0,0,0,0,0,0,0,0,0,0,0,0,0
1306338,3.53936E+14,R5CX61KB9AZ,Samsung,SM-F741B,Light Blue,256GB,Mobile phone,SM-F741BLBGEUB,REPAIRED,L2,Front cam and sp,Front cam and sp,GH81-26035A,2,GH96-15978A,1,0,0,0,0,0,0,0,0,0,0,0,0,0,0,0,0,0,0,0,0,0,0,0,0,0,0
1306339,3.53936E+14,R5CX61KB4RT,Samsung,SM-F741B,Light Blue,256GB,Mobile phone,SM-F741BLBGEUB,REPAIRED,L1,&quot;Screen protector peeling off&quot;,Replaced SP,GH81-26035A,2,0,0,0,0,0,0,0,0,0,0,0,0,0,0,0,0,0,0,0,0,0,0,0,0,0,0,0,0
1306340,3.53936E+14,R5CX61KBNEW,Samsung,SM-F741B,Light Blue,256GB,Mobile phone,SM-F741BLBGEUB,REPAIRED,IP,&quot;Screen protector peeling off&quot;,sp,GH81-26035A,2,0,0,0,0,0,0,0,0,0,0,0,0,0,0,0,0,0,0,0,0,0,0,0,0,0,0,0,0
1306341,3.53936E+14,R5CX61CKY2A,Samsung,SM-F741B,Light Blue,256GB,Mobile phone,SM-F741BLBGEUB,REPAIRED,UB,screen,Replaced screen,GH82-35143A,1,GH82-35145A,1,GH82-35141A,1,GH82-35022A,1,GH81-26035A,2,0,0,0,0,0,0,0,0,0,0,0,0,0,0,0,0,0,0,0,0
1306342,3.53936E+14,R5CX61KCR4Z,Samsung,SM-F741B,Light Blue,256GB,Mobile phone,SM-F741BLBGEUB,REPAIRED,UB,"screen , sub screen",Replaced screen,GH82-35022A,1,GH82-35141A,1,GH81-26035A,2,GH97-30012C,1,GH82-35145A,1,0,0,0,0,0,0,0,0,0,0,0,0,0,0,0,0,0,0,0,0
1306343,3.53936E+14,R5CX61KB77W,Samsung,SM-F741B,Light Blue,256GB,Mobile phone,SM-F741BLBGEUB,REPAIRED,L1,&quot;Creases on inner fold&quot;,SP,GH81-26035A,2,0,0,0,0,0,0,0,0,0,0,0,0,0,0,0,0,0,0,0,0,0,0,0,0,0,0,0,0
1306344,3.53936E+14,R5CX61KB6QJ,Samsung,SM-F741B,Light Blue,256GB,Mobile phone,SM-F741BLBGEUB,REPAIRED,L1,"screen , front frame",Replaced front frame,GH81-26035A,2,GH82-35145A,1,0,0,0,0,0,0,0,0,0,0,0,0,0,0,0,0,0,0,0,0,0,0,0,0,0,0
1306345,3.53936E+14,R5CX61KBZFV,Samsung,SM-F741B,Light Blue,256GB,Mobile phone,SM-F741BLBGEUB,REPAIRED,L1,screen,Replaced sp,GH81-26035A,2,0,0,0,0,0,0,0,0,0,0,0,0,0,0,0,0,0,0,0,0,0,0,0,0,0,0,0,0
1306346,3.53936E+14,R5CX61KD0SA,Samsung,SM-F741B,Light Blue,256GB,Mobile phone,SM-F741BLBGEUB,REPAIRED,L1,&quot;Screen protector peeling off&quot;,sp,GH81-26035A,2,0,0,0,0,0,0,0,0,0,0,0,0,0,0,0,0,0,0,0,0,0,0,0,0,0,0,0,0
1306349,3.53936E+14,R5CX61CL4WY,Samsung,SM-F741B,Light Blue,256GB,Mobile phone,SM-F741BLBGEUB,REPAIRED,L2,&quot;Creases on inner fold&quot;,Replaced SP and back cover,GH82-35182C,1,GH81-26035A,2,0,0,0,0,0,0,0,0,0,0,0,0,0,0,0,0,0,0,0,0,0,0,0,0,0,0
1306351,3.53936E+14,R5CX61KC27F,Samsung,SM-F741B,Light Blue,256GB,Mobile phone,SM-F741BLBGEUB,REPAIRED,L1,screen,Replaced sp,GH81-26035A,2,0,0,0,0,0,0,0,0,0,0,0,0,0,0,0,0,0,0,0,0,0,0,0,0,0,0,0,0
1307226,3.53936E+14,R5CX61KD6HK,Samsung,SM-F741B,Light Blue,256GB,Mobile phone,SM-F741BLBGEUB,REPAIRED,L2,sub screen,Replaced sub screen,GH97-30012C,1,GH82-35141A,1,GH81-26035A,2,0,0,0,0,0,0,0,0,0,0,0,0,0,0,0,0,0,0,0,0,0,0,0,0
1307227,3.53936E+14,R5CX52F5HTV,Samsung,SM-F741B,Light Blue,256GB,Mobile phone,SM-F741BLBGEUB,REPAIRED,L1,Screen protector only,Screen protector only,GH81-26035A,2,0,0,0,0,0,0,0,0,0,0,0,0,0,0,0,0,0,0,0,0,0,0,0,0,0,0,0,0
1309595,3.53936E+14,R5CX61DPT6Z,Samsung,SM-F741B,Light Blue,256GB,Mobile phone,SM-F741BLBGEUB,REPAIRED,L1,Broken screen,SP,GH81-26035A,2,0,0,0,0,0,0,0,0,0,0,0,0,0,0,0,0,0,0,0,0,0,0,0,0,0,0,0,0
1310171,3.55195E+14,R5CWB171RSE,Samsung,SM-S711B/DS,Purple,128GB,Mobile phone,SM-S711BZPDEUB,REPAIRED,UB,"&quot;Camera front,Dark shadows,Cracked Screen&quot;",Full refurb+ f cam,GH82-32787D,1,GH96-16212A,1,GH82-33170A,1,GH82-32860A,1,GH82-32857B,1,GH82-32856A,1,0,0,0,0,0,0,0,0,0,0,0,0,0,0,0,0,0,0
1310173,3.55195E+14,R5CWB17083Y,Samsung,SM-S711B/DS,Purple,128GB,Mobile phone,SM-S711BZPDEUB,REPAIRED,UB,"&quot;Camera front,Dark shadows,Cracked back cover&quot;",Full Cosmetic Rebuild,GH82-32857B,1,GH82-33170A,1,GH82-32856A,1,GH82-32860A,1,GH82-32787D,1,GH96-16212A,1,0,0,0,0,0,0,0,0,0,0,0,0,0,0,0,0,0,0
1310178,3.53936E+14,R5CX61EWHZN,Samsung,SM-F741B,Light Blue,256GB,Mobile phone,SM-F741BLBGEUB,REPAIRED,UB,Broken screen,replaced the screen and tapes,GH82-35145A,1,GH98-49714A,1,GH82-35022A,1,GH02-26398A,1,GH02-26374A,1,GH82-35141A,1,GH82-35143A,1,GH81-26035A,2,0,0,0,0,0,0,0,0,0,0,0,0,0,0
1310179,3.53936E+14,R5CX61KBLRB,Samsung,SM-F741B,Light Blue,256GB,Mobile phone,SM-F741BLBGEUB,REPAIRED,UB,No power,replaced the screen and tapes,GH82-35022A,1,GH82-35145A,1,GH98-49714A,1,GH02-26398A,1,GH02-26374A,1,GH82-35141A,1,GH82-35143A,1,GH81-26035A,2,0,0,0,0,0,0,0,0,0,0,0,0,0,0
1310184,3.53936E+14,R5CX61EYQZP,Samsung,SM-F741B,Light Blue,256GB,Mobile phone,SM-F741BLBGEUB,REPAIRED,UB,Broken screen,Replaced screen,GH82-35022A,1,GH82-35145A,1,GH98-49714A,1,GH02-26398A,1,GH81-26035A,2,GH82-35143A,1,GH02-26374A,1,GH82-35141A,1,0,0,0,0,0,0,0,0,0,0,0,0,0,0
1310193,3.53936E+14,R5CX621H43W,Samsung,SM-F741B,Light Blue,256GB,Mobile phone,SM-F741BLBGEUB,REPAIRED,L1,Screen protector only,Screen protector only,GH81-26035A,2,0,0,0,0,0,0,0,0,0,0,0,0,0,0,0,0,0,0,0,0,0,0,0,0,0,0,0,0
1310355,3.53936E+14,R5CX61KDWJA,Samsung,SM-F741B,Light Blue,256GB,Mobile phone,SM-F741BLBGEUB,REPAIRED,L1,Screen protector only,Screen protector only,GH81-26035A,2,0,0,0,0,0,0,0,0,0,0,0,0,0,0,0,0,0,0,0,0,0,0,0,0,0,0,0,0
1310357,3.53936E+14,R5CX61KBBRY,Samsung,SM-F741B,Light Blue,256GB,Mobile phone,SM-F741BLBGEUB,REPAIRED,L1,&quot;Damaged Front Frame&quot;,front frame,GH81-26035A,2,GH82-35145A,1,0,0,0,0,0,0,0,0,0,0,0,0,0,0,0,0,0,0,0,0,0,0,0,0,0,0
1310632,3.53936E+14,R5CX61KCQMB,Samsung,SM-F741B,Light Blue,256GB,Mobile phone,SM-F741BLBGEUB,REPAIRED,L1,Broken screen,SP - Screen Protector Replaced,GH81-26035A,2,0,0,0,0,0,0,0,0,0,0,0,0,0,0,0,0,0,0,0,0,0,0,0,0,0,0,0,0
1310634,3.53936E+14,R5CX61EXEKY,Samsung,SM-F741B,Light Blue,256GB,Mobile phone,SM-F741BLBGEUB,REPAIRED,UB,"&quot;Bleed on display,Touch screen faulty&quot;",Replaced screen,GH81-26035A,2,GH82-35145A,1,GH82-35143A,1,GH82-35141A,1,GH82-35022A,1,0,0,0,0,0,0,0,0,0,0,0,0,0,0,0,0,0,0,0,0
1311330,3.51273E+14,R5CX90ESELD,Samsung,SM-S721B/DS,Light Blue,128GB,Mobile phone,SM-S721BLBDEUB,REPAIRED,UB,Broken screen,Replaced screen,GH82-35850A,1,GH82-35930A,1,0,0,0,0,0,0,0,0,0,0,0,0,0,0,0,0,0,0,0,0,0,0,0,0,0,0
1311584,3.55195E+14,R5CWB19FC2V,Samsung,SM-S711B/DS,Light Green,128GB,Mobile phone,SM-S711BLGDEUB,REPAIRED,UB,Camera fault,Full Cosmetic Replacement,GH82-32860A,1,GH82-32857B,1,GH82-33170A,1,GH82-32856A,1,GH96-16212A,1,GH82-32787C,1,0,0,0,0,0,0,0,0,0,0,0,0,0,0,0,0,0,0
1311615,3.55195E+14,R5CWB19FJXR,Samsung,SM-S711B/DS,Light Green,128GB,Mobile phone,SM-S711BLGDEUB,REPAIRED,UB,Broken screen,OLED Replaced,GH82-33170A,1,GH82-32856A,1,0,0,0,0,0,0,0,0,0,0,0,0,0,0,0,0,0,0,0,0,0,0,0,0,0,0
1314290,3.55681E+14,RFCWC0YJ49F,Samsung,SM-S921B/DS,Yellow,128GB,Mobile phone,SM-S921BZYDEUB,REPAIRED,UB,Oled+Frame+BG+Front Camera,Full refurb+ f cam,GH82-33286A,1,GH82-33295A,1,GH82-33290A,1,GH96-16298A,1,GH82-33101D,1,GH82-33418D,1,0,0,0,0,0,0,0,0,0,0,0,0,0,0,0,0,0,0
1314298,3.55681E+14,RFCWC19QWYA,Samsung,SM-S921B/DS,Yellow,128GB,Mobile phone,SM-S921BZYDEUB,REPAIRED,UB,Oled+Frame+BG+Front Camera,Full refurb + f cam,GH82-33295A,1,GH96-16298A,1,GH82-33290A,1,GH82-33101D,1,GH82-33418D,1,GH82-33286A,1,0,0,0,0,0,0,0,0,0,0,0,0,0,0,0,0,0,0
1314355,3.55681E+14,RFCWC19QDEJ,Samsung,SM-S921B/DS,Yellow,128GB,Mobile phone,SM-S921BZYDEUB,REPAIRED,UB,Oled+Frame+BG+Front Camera,"Replaced screen, frame, back cover, front camera",GH82-33295A,1,GH96-16298A,1,GH82-33290A,1,GH82-33101D,1,GH82-33418D,1,GH82-33286A,1,0,0,0,0,0,0,0,0,0,0,0,0,0,0,0,0,0,0
1314375,3.55681E+14,RFCWC0YHZZM,Samsung,SM-S921B/DS,Yellow,128GB,Mobile phone,SM-S921BZYDEUB,REPAIRED,UB,Oled+BG,Full refurb,GH82-33290A,1,GH82-33418D,1,GH82-33295A,1,GH82-33101D,1,GH82-33286A,1,0,0,0,0,0,0,0,0,0,0,0,0,0,0,0,0,0,0,0,0
1314377,3.55681E+14,RFCWC19PE2A,Samsung,SM-S921B/DS,Yellow,128GB,Mobile phone,SM-S921BZYDEUB,REPAIRED,UB,Oled=BG,Replaced: Screen and cover,GH82-33101D,1,GH82-33295A,1,GH82-33286A,1,0,0,0,0,0,0,0,0,0,0,0,0,0,0,0,0,0,0,0,0,0,0,0,0
1314471,3.55681E+14,RFCWC18QHZW,Samsung,SM-S921B/DS,Yellow,128GB,Mobile phone,SM-S921BZYDEUB,REPAIRED,UB,Oled+Frame+BG+Front Camera,Full refurb + f cam,GH82-33101D,1,GH82-33418D,1,GH96-16298A,1,GH82-33286A,1,GH82-33290A,1,GH82-33295A,1,0,0,0,0,0,0,0,0,0,0,0,0,0,0,0,0,0,0
1314487,3.53936E+14,R5CX61KCS0V,Samsung,SM-F741B,Light Blue,256GB,Mobile phone,SM-F741BLBGEUB,REPAIRED,UB,Oled,"OOW-screen front deco, screen protector and tapes",GH82-35022A,1,GH81-26035A,1,GH82-35145A,1,GH82-35143A,1,0,0,0,0,0,0,0,0,0,0,0,0,0,0,0,0,0,0,0,0,0,0
1314489,3.53936E+14,R5CX61KD49P,Samsung,SM-F741B,Light Blue,256GB,Mobile phone,SM-F741BLBGEUB,REPAIRED,L1,Oled,Replaced screen protector,GH81-26035A,2,0,0,0,0,0,0,0,0,0,0,0,0,0,0,0,0,0,0,0,0,0,0,0,0,0,0,0,0
1314661,3.51451E+14,RFCX612ZNQP,Samsung,SM-F956B/DS,Silver,256GB,Mobile phone,SM-F956BZSBEUB,REPAIRED,L2,SubLCD,"replaced sub lcd ,sp ,tapes",GH82-35047A,1,GH82-35138A,1,GH81-26062A,2,0,0,0,0,0,0,0,0,0,0,0,0,0,0,0,0,0,0,0,0,0,0,0,0
1314691,3.53936E+14,R5CX61KD9DN,Samsung,SM-F741B,Light Blue,256GB,Mobile phone,SM-F741BLBGEUB,REPAIRED,L2,Oled+SubLCD,"Repaired cover screen, tapes, sp",GH97-30012C,1,GH82-35141A,1,GH81-26035A,2,0,0,0,0,0,0,0,0,0,0,0,0,0,0,0,0,0,0,0,0,0,0,0,0
1314695,3.55681E+14,RFCWC0YJ1DW,Samsung,SM-S921B/DS,Yellow,128GB,Mobile phone,SM-S921BZYDEUB,REPAIRED,UB,Oled+Frame+BG+Front Camera,Full Cosmetic Rebuild + VT Cam,GH82-33286A,1,GH82-33295A,1,GH82-33418D,1,GH82-33290A,1,GH82-33101D,1,GH96-16298A,1,0,0,0,0,0,0,0,0,0,0,0,0,0,0,0,0,0,0
1314707,3.53936E+14,R5CX61KBA1X,Samsung,SM-F741B,Light Blue,256GB,Mobile phone,SM-F741BLBGEUB,REPAIRED,L1,Oled,sp,GH81-26035A,2,0,0,0,0,0,0,0,0,0,0,0,0,0,0,0,0,0,0,0,0,0,0,0,0,0,0,0,0
1314709,3.53936E+14,R5CX61EYQLF,Samsung,SM-F741B,Light Blue,256GB,Mobile phone,SM-F741BLBGEUB,REPAIRED,L2,"&quot;Camera front,Dark shadows&quot;",Replaced f cam,GH81-26035A,1,GH82-35141A,1,GH96-15978A,1,0,0,0,0,0,0,0,0,0,0,0,0,0,0,0,0,0,0,0,0,0,0,0,0
1314730,3.53936E+14,R5CX61DP84D,Samsung,SM-F741B,Light Blue,256GB,Mobile phone,SM-F741BLBGEUB,REPAIRED,L1,Oled,sp,GH81-26035A,2,0,0,0,0,0,0,0,0,0,0,0,0,0,0,0,0,0,0,0,0,0,0,0,0,0,0,0,0
1314737,3.53936E+14,R5CX61EYLAD,Samsung,SM-F741B,Light Blue,256GB,Mobile phone,SM-F741BLBGEUB,REPAIRED,UB,Oled+SubLCD+Front Camera,Replaced - Oled+SubLCD+Front Camera,GH82-35022A,1,GH81-26035A,1,GH82-35143A,1,GH82-35141A,1,GH82-35145A,1,GH97-30012C,1,GH96-15978A,1,0,0,0,0,0,0,0,0,0,0,0,0,0,0,0,0
1314742,3.53936E+14,R5CX61EXGZN,Samsung,SM-F741B,Light Blue,256GB,Mobile phone,SM-F741BLBGEUB,REPAIRED,L2,BG,Replaced: cover,GH82-35182C,1,0,0,0,0,0,0,0,0,0,0,0,0,0,0,0,0,0,0,0,0,0,0,0,0,0,0,0,0
1314756,3.53936E+14,R5CX61EWKPB,Samsung,SM-F741B,Light Blue,256GB,Mobile phone,SM-F741BLBGEUB,REPAIRED,L1,Oled,Replaced: SP,GH81-26035A,2,0,0,0,0,0,0,0,0,0,0,0,0,0,0,0,0,0,0,0,0,0,0,0,0,0,0,0,0
1314781,3.53936E+14,R5CX61KD2KR,Samsung,SM-F741B,Light Blue,256GB,Mobile phone,SM-F741BLBGEUB,REPAIRED,L2,&quot;Camera front&quot;,Replaced front camera,GH82-35141A,1,GH96-15978A,1,0,0,0,0,0,0,0,0,0,0,0,0,0,0,0,0,0,0,0,0,0,0,0,0,0,0
1314785,3.53936E+14,R5CX61DPFEE,Samsung,SM-F741B,Light Blue,256GB,Mobile phone,SM-F741BLBGEUB,REPAIRED,UB,Oled,.,GH82-35141A,1,GH82-35145A,1,GH82-35143A,1,GH81-26035A,1,GH82-35022A,1,0,0,0,0,0,0,0,0,0,0,0,0,0,0,0,0,0,0,0,0
1314788,3.53936E+14,R5CX61KD3YH,Samsung,SM-F741B,Light Blue,256GB,Mobile phone,SM-F741BLBGEUB,REPAIRED,L2,&quot;Camera back&quot;,Replaced main camera,GH96-16980A,1,0,0,0,0,0,0,0,0,0,0,0,0,0,0,0,0,0,0,0,0,0,0,0,0,0,0,0,0
1314805,3.53936E+14,R5CX61EXD4N,Samsung,SM-F741B,Light Blue,256GB,Mobile phone,SM-F741BLBGEUB,REPAIRED,L2,Oled+Subscreen,OOW-New sub screen,GH81-26035A,1,GH82-35141A,1,GH97-30012C,1,0,0,0,0,0,0,0,0,0,0,0,0,0,0,0,0,0,0,0,0,0,0,0,0
1314807,3.53936E+14,R5CX61KDM6T,Samsung,SM-F741B,Light Blue,256GB,Mobile phone,SM-F741BLBGEUB,REPAIRED,L2,SubLCD+Oled,"Repaired cover screen, tapes, sp",GH97-30012C,1,GH82-35141A,1,GH81-26035A,2,0,0,0,0,0,0,0,0,0,0,0,0,0,0,0,0,0,0,0,0,0,0,0,0
1314814,3.53936E+14,R5CX61KCM1Y,Samsung,SM-F741B,Light Blue,256GB,Mobile phone,SM-F741BLBGEUB,REPAIRED,L2,SubLCD,"Repaired cover screen, tapes, sim tray",GH98-49236C,1,GH82-35141A,1,GH97-30012C,1,0,0,0,0,0,0,0,0,0,0,0,0,0,0,0,0,0,0,0,0,0,0,0,0
1314824,3.51451E+14,RFCX613065N,Samsung,SM-F956B/DS,Silver,256GB,Mobile phone,SM-F956BZSBEUB,REPAIRED,L1,Oled,sp,GH81-26062A,2,0,0,0,0,0,0,0,0,0,0,0,0,0,0,0,0,0,0,0,0,0,0,0,0,0,0,0,0
1314827,3.53936E+14,R5CX61EW0HH,Samsung,SM-F741B,Light Blue,256GB,Mobile phone,SM-F741BLBGEUB,REPAIRED,L1,Oled,sp,GH81-26035A,2,0,0,0,0,0,0,0,0,0,0,0,0,0,0,0,0,0,0,0,0,0,0,0,0,0,0,0,0
1314828,3.51451E+14,RFCX612ZRYE,Samsung,SM-F956B/DS,Silver,256GB,Mobile phone,SM-F956BZSBEUB,REPAIRED,L2,Subscreen,Sub-OLED replaced,GH81-26062A,2,GH82-35138A,1,GH82-35047A,1,0,0,0,0,0,0,0,0,0,0,0,0,0,0,0,0,0,0,0,0,0,0,0,0
1314838,3.53936E+14,R5CX61KBY3W,Samsung,SM-F741B,Light Blue,256GB,Mobile phone,SM-F741BLBGEUB,REPAIRED,L2,Subscreen,Replaced sub screen,GH97-30012C,1,GH82-35141A,1,0,0,0,0,0,0,0,0,0,0,0,0,0,0,0,0,0,0,0,0,0,0,0,0,0,0
1314858,3.53936E+14,R5CX61KBS5B,Samsung,SM-F741B,Light Blue,256GB,Mobile phone,SM-F741BLBGEUB,REPAIRED,L1,Oled,sp,GH81-26035A,2,0,0,0,0,0,0,0,0,0,0,0,0,0,0,0,0,0,0,0,0,0,0,0,0,0,0,0,0
1314859,3.53936E+14,R5CX61KCXVY,Samsung,SM-F741B,Light Blue,256GB,Mobile phone,SM-F741BLBGEUB,REPAIRED,UB,Oled,screen,GH82-35022A,1,GH82-35145A,1,GH82-35141A,1,GH82-35143A,1,GH81-26035A,2,0,0,0,0,0,0,0,0,0,0,0,0,0,0,0,0,0,0,0,0
1314871,3.53936E+14,R5CX61EVSTE,Samsung,SM-F741B,Light Blue,256GB,Mobile phone,SM-F741BLBGEUB,REPAIRED,L2,SubScreen,Replaced sub screen and tape,GH82-35141A,1,GH97-30012C,1,0,0,0,0,0,0,0,0,0,0,0,0,0,0,0,0,0,0,0,0,0,0,0,0,0,0
1314877,3.53936E+14,R5CX61DPLXX,Samsung,SM-F741B,Light Blue,256GB,Mobile phone,SM-F741BLBGEUB,REPAIRED,UB,Oled+SubLCD,"Replaced - screens , tapes, SP",GH82-35022A,1,GH97-30012C,1,GH82-35145A,1,GH82-35141A,1,GH82-35143A,1,GH81-26035A,1,0,0,0,0,0,0,0,0,0,0,0,0,0,0,0,0,0,0
1314883,3.53936E+14,R5CX61DPV4H,Samsung,SM-F741B,Light Blue,256GB,Mobile phone,SM-F741BLBGEUB,REPAIRED,UB,Oled,Replaced screen and tapes,GH82-35022A,1,GH82-35145A,1,GH82-35141A,1,GH81-26035A,2,GH82-35143A,1,0,0,0,0,0,0,0,0,0,0,0,0,0,0,0,0,0,0,0,0
1314885,3.53936E+14,R5CX61KD1VD,Samsung,SM-F741B,Light Blue,256GB,Mobile phone,SM-F741BLBGEUB,REPAIRED,L2,Subscreen,sub screen,GH97-30012C,1,GH82-35141A,1,GH81-26035A,1,0,0,0,0,0,0,0,0,0,0,0,0,0,0,0,0,0,0,0,0,0,0,0,0
1314886,3.53936E+14,R5CX61KCSYR,Samsung,SM-F741B,Light Blue,256GB,Mobile phone,SM-F741BLBGEUB,REPAIRED,UB,Oled,Replaced screen and tapes,GH82-35143A,1,GH81-26035A,1,GH82-35141A,1,GH82-35145A,1,GH82-35022A,1,0,0,0,0,0,0,0,0,0,0,0,0,0,0,0,0,0,0,0,0
1314896,3.51451E+14,RFCX60V2BNN,Samsung,SM-F956B/DS,Silver,256GB,Mobile phone,SM-F956BZSBEUB,REPAIRED,L2,SubLCD+BG,Replaced: Sub UB and cover,GH82-35138A,1,GH82-35086A,1,GH82-35047A,1,0,0,0,0,0,0,0,0,0,0,0,0,0,0,0,0,0,0,0,0,0,0,0,0
1314898,3.53936E+14,R5CX61KD3JB,Samsung,SM-F741B,Light Blue,256GB,Mobile phone,SM-F741BLBGEUB,REPAIRED,L1,SP,Replaced SP,GH81-26035A,2,0,0,0,0,0,0,0,0,0,0,0,0,0,0,0,0,0,0,0,0,0,0,0,0,0,0,0,0
1314911,3.51451E+14,RFCX612ZBPL,Samsung,SM-F956B/DS,Silver,256GB,Mobile phone,SM-F956BZSBEUB,REPAIRED,L2,SubLCD,SubLCD,GH82-35138A,1,GH82-35047A,1,0,0,0,0,0,0,0,0,0,0,0,0,0,0,0,0,0,0,0,0,0,0,0,0,0,0
1314913,3.51451E+14,RFCX613085K,Samsung,SM-F956B/DS,Silver,256GB,Mobile phone,SM-F956BZSBEUB,REPAIRED,L2,SubScreen,Replaced sub screen,GH82-35138A,1,GH82-35047A,1,0,0,0,0,0,0,0,0,0,0,0,0,0,0,0,0,0,0,0,0,0,0,0,0,0,0
1314923,3.53936E+14,R5CX61KDR9L,Samsung,SM-F741B,Light Blue,256GB,Mobile phone,SM-F741BLBGEUB,REPAIRED,L1,Broken screen,Replaced sp,GH81-26035A,2,0,0,0,0,0,0,0,0,0,0,0,0,0,0,0,0,0,0,0,0,0,0,0,0,0,0,0,0
1314928,3.51451E+14,RFCX612YZ0H,Samsung,SM-F956B/DS,Silver,256GB,Mobile phone,SM-F956BZSBEUB,REPAIRED,L2,SubLCD+BG,"Repaired cover screen, back cover, tapes",GH82-35086A,1,GH82-35138A,1,GH82-35047A,1,0,0,0,0,0,0,0,0,0,0,0,0,0,0,0,0,0,0,0,0,0,0,0,0
1314948,3.53936E+14,R5CX61DPJZF,Samsung,SM-F741B,Light Blue,256GB,Mobile phone,SM-F741BLBGEUB,REPAIRED,L1,Broken screen,sp,GH81-26035A,2,0,0,0,0,0,0,0,0,0,0,0,0,0,0,0,0,0,0,0,0,0,0,0,0,0,0,0,0
1314961,3.51451E+14,RFCX612ZDAL,Samsung,SM-F956B/DS,Silver,256GB,Mobile phone,SM-F956BZSBEUB,REPAIRED,L2,SubLCD,SubLCD,GH82-35047A,1,GH82-35138A,1,0,0,0,0,0,0,0,0,0,0,0,0,0,0,0,0,0,0,0,0,0,0,0,0,0,0
1314966,3.53936E+14,R5CX61KBC9Y,Samsung,SM-F741B,Light Blue,256GB,Mobile phone,SM-F741BLBGEUB,REPAIRED,L1,Broken screen,Replaced sp,GH81-26035A,2,0,0,0,0,0,0,0,0,0,0,0,0,0,0,0,0,0,0,0,0,0,0,0,0,0,0,0,0
1314968,3.53936E+14,R5CX61KD8XD,Samsung,SM-F741B,Light Blue,256GB,Mobile phone,SM-F741BLBGEUB,REPAIRED,UB,"Broken screen, Bleed on display,Damaged screen protector",Replaced screen,GH82-35022A,1,GH82-35143A,1,GH82-35141A,1,GH82-35145A,1,GH81-26035A,1,0,0,0,0,0,0,0,0,0,0,0,0,0,0,0,0,0,0,0,0
1314969,3.51451E+14,RFCX612ZN6Y,Samsung,SM-F956B/DS,Silver,256GB,Mobile phone,SM-F956BZSBEUB,REPAIRED,L2,&quot;Secondary Front Camera&quot;,"replaced front cam, tape and sp",GH82-35138A,1,GH96-16975A,1,GH81-26062A,2,GH82-35139A,1,0,0,0,0,0,0,0,0,0,0,0,0,0,0,0,0,0,0,0,0,0,0
1314970,3.51451E+14,RFCX612ZHPW,Samsung,SM-F956B/DS,Silver,256GB,Mobile phone,SM-F956BZSBEUB,REPAIRED,L2,SubLCD,SubLCD,GH82-35047A,1,GH82-35138A,1,0,0,0,0,0,0,0,0,0,0,0,0,0,0,0,0,0,0,0,0,0,0,0,0,0,0
1314975,3.53936E+14,R5CX61CL2DA,Samsung,SM-F741B,Light Blue,256GB,Mobile phone,SM-F741BLBGEUB,REPAIRED,L1,Broken screen,Replaced sp,GH81-26035A,2,0,0,0,0,0,0,0,0,0,0,0,0,0,0,0,0,0,0,0,0,0,0,0,0,0,0,0,0
1314977,3.53936E+14,R5CX61KDWEH,Samsung,SM-F741B,Light Blue,256GB,Mobile phone,SM-F741BLBGEUB,REPAIRED,L1,Broken screen,sp,GH81-26035A,2,0,0,0,0,0,0,0,0,0,0,0,0,0,0,0,0,0,0,0,0,0,0,0,0,0,0,0,0
1314990,3.51451E+14,RFCX612ZA1L,Samsung,SM-F956B/DS,Silver,256GB,Mobile phone,SM-F956BZSBEUB,REPAIRED,L2,SubLCD+BG+Front Camera,Replaced: BG and sub UB,GH82-35047A,1,GH82-35138A,1,GH81-26062A,2,GH96-16975A,1,GH82-35086A,1,0,0,0,0,0,0,0,0,0,0,0,0,0,0,0,0,0,0,0,0
1314994,3.53936E+14,R5CX61EWSDP,Samsung,SM-F741B,Light Blue,256GB,Mobile phone,SM-F741BLBGEUB,REPAIRED,L1,Broken screen,sp,GH81-26035A,2,0,0,0,0,0,0,0,0,0,0,0,0,0,0,0,0,0,0,0,0,0,0,0,0,0,0,0,0
1314998,3.51451E+14,RFCX60V23LZ,Samsung,SM-F956B/DS,Silver,256GB,Mobile phone,SM-F956BZSBEUB,REPAIRED,L2,Subscreen,Sub-OLED Replaced,GH81-26062A,2,GH82-35138A,1,GH82-35047A,1,0,0,0,0,0,0,0,0,0,0,0,0,0,0,0,0,0,0,0,0,0,0,0,0
1304898,,,Samsung,SM-F966B/DS,Blue,,Mobile phone,SM-F966BDBBEUB,REPAIRED,L2,t splits in half only half the screen works and then just fl,screen adn battery,GH82-37550A,1,GH82-37549A,1,GH82-38664B,1,GH82-37824A,1,GH82-38023A,1,GH82-37534B,1,0,0,0,0,0,0,0,0,0,0,0,0,0,0,0,0,0,0
1304906,3.51394E+14,R3CT30M2AMR,Samsung,SM-S908B/DS,Green,128GB,Mobile phone,SM-S908BZGDEUB,REPAIRED,L2,"smashed BG, not working","Replaced - Cover, S-pen",GH82-27457D,1,GH96-15290D,1,0,0,0,0,0,0,0,0,0,0,0,0,0,0,0,0,0,0,0,0,0,0,0,0,0,0
1306864,3.54156E+14,,Samsung,SM-F916B,Rose Gold,,Mobile phone,SM-F916BZNABTU,REPAIRED,L2,. the back cover is damaged - there is also a pink line on t,"New screen, batts, tapes, cover and cameras",GH02-22215A,1,GH81-19583A,1,GH82-24137A,1,GH82-23968B,1,GH82-27284B,1,GH82-23975A,1,GH82-23976A,1,GH97-25443A,1,GH02-23118A,2,0,0,0,0,0,0,0,0,0,0,0,0
1308228,3.52888E+14,,Samsung,SM-S911B/DS,Green,,Mobile phone,SM-S911BZGDEUB,REPAIRED,UB,LCD damage and no display,"Replaced screen, sub pba, tapes",GH82-31245A,1,GH96-15629A,1,GH82-30551A,1,GH82-30553A,1,0,0,0,0,0,0,0,0,0,0,0,0,0,0,0,0,0,0,0,0,0,0
1310056,3.50197E+14,RFCWA1GATGR,Samsung,SM-S918B/DS,Green,128GB,Mobile phone,SM-S918BZGDEUB,REPAIRED,UB,screen has smashed. it does power but has a green display wi,screen,GH81-24723A,1,GH81-24724A,1,GH82-33783A,1,0,0,0,0,0,0,0,0,0,0,0,0,0,0,0,0,0,0,0,0,0,0,0,0
1310805,3.51788E+14,RFCX70A9BFJ,Samsung,SM-F956B/DS,Light Pink,512GB,Mobile phone,SM-F956BLICEUB,REPAIRED,L2,tablet and the back glass has smashed and needs inside scree,"replaced Screens, battery, Cover, kits.",GH82-35047A,1,GH82-35042B,1,GH82-35049A,1,GH82-35048A,1,GH82-35086B,1,GH82-35139A,1,GH82-35138A,1,0,0,0,0,0,0,0,0,0,0,0,0,0,0,0,0
1311320,3.50078E+14,R5CTA1G8PLM,Samsung,SM-F721B,Light Violet,128GB,Mobile phone,SM-F721BLVGEUB,REPAIRED,L2,"t, the screen is nonresponsive. There is a slight dent in th","Replaced - Screens, Batteries, Cover and Kits.",GH82-29433A,1,GH82-29434A,1,GH82-29298B,1,GH97-27947B,1,GH81-24715A,1,GH82-30238B,1,GH81-24714A,1,0,0,0,0,0,0,0,0,0,0,0,0,0,0,0,0
1311324,3.51798E+14,R5CW80YRXSX,Samsung,SM-F731B,Blue,512GB,Mobile phone,SM-F731BZBHEUB,REPAIRED,L2,Inside screen you can hardly see anything and cannot see any,"Replaced screen, batteries, tapes",GH82-31828E,1,GH82-31700A,1,GH82-31699A,1,GH81-26529A,1,GH82-35929A,1,0,0,0,0,0,0,0,0,0,0,0,0,0,0,0,0,0,0,0,0
1311329,3.51788E+14,RFCX719FNRK,Samsung,SM-F956B/DS,White,512GB,Mobile phone,SM-F956BZWCEUB,REPAIRED,UB,. Just the screen that has a couple of lines of it. Inside t,"New, screen, front deco, screen protector",GH82-35138A,1,GH81-26062A,1,GH82-35137A,1,GH82-35139A,1,GH82-35046A,1,0,0,0,0,0,0,0,0,0,0,0,0,0,0,0,0,0,0,0,0
1312001,3.50798E+14,,Samsung,SM-F766B,Pink,,Mobile phone,SM-F766BZRGEUB,REPAIRED,L2,forgetting to take the phones off the top of the car and dro,"Replaced OCTA, Batteries Sub UB and cover",GH82-37820A,1,GH82-38794D,1,GH82-37818A,1,GH82-37579A,1,GH82-37582A,1,GH82-37583A,1,GH82-37594D,1,0,0,0,0,0,0,0,0,0,0,0,0,0,0,0,0
1312438,3.52242E+14,RFCX90X8W5Z,Samsung,SM-F956B/DS,Dark Blue,,Mobile phone,SM-F956BDBNEUB,REPAIRED,UB,Dropped it onto concrete.,replaced screen and tapes,GH81-26062A,2,GH82-35046A,1,GH82-35139A,1,GH82-35138A,1,GH82-35137A,1,0,0,0,0,0,0,0,0,0,0,0,0,0,0,0,0,0,0,0,0
1312440,3.52353E+14,R3CW80MN84B,Samsung,SM-S918B/DS,Black,,Mobile phone,SM-S918BZKDEUB,REPAIRED,UB,yesterday i dropped the phone in my kitchen onto the tiled f,"Screen, frame, battery, cover",GH82-30400A,1,GH81-24724A,1,GH82-30459A,1,GH96-15833A,1,GH82-33783A,1,0,0,0,0,0,0,0,0,0,0,0,0,0,0,0,0,0,0,0,0
1313652,3.58336E+14,RFCRC0CE8SV,Samsung,SM-F926U,Silver,,Mobile phone,SM-F926UZSAVZW,REPAIRED,L2,dropping the phone to the floor.hinge damaged causing device,"replaced the screen,frame,batteries,cover and tapes",GH82-26476A,1,GH82-26477A,1,GH82-26238A,1,GH82-26236A,1,GH82-26237A,1,GH82-26284C,1,GH82-26316C,1,GH02-22943A,1,GH02-22940A,1,GH02-22939A,1,0,0,0,0,0,0,0,0,0,0
1313990,3.54484E+14,,Samsung,SM-S918B/DS,Pink,,Mobile phone,SM-S918BLIHEUB,REPAIRED,UB,n. Can see the screen - chunk out of side and crack on the p,OLED TAPES,GH81-23177A,1,GH82-33783A,1,GH81-24724A,1,0,0,0,0,0,0,0,0,0,0,0,0,0,0,0,0,0,0,0,0,0,0,0,0
1314303,3.5093E+14,R3CWB0DYY3P,Samsung,SM-F731B,Light Green,256GB,Mobile phone,SM-F731BLGGEUB,REPAIRED,L2,the insured advised black triangle on the corner and lines a,"Replaced screen, batteries, tapes",GH82-31828D,1,GH82-31700A,1,GH82-31699A,1,GH82-35929A,1,GH82-35928A,1,0,0,0,0,0,0,0,0,0,0,0,0,0,0,0,0,0,0,0,0
1315114,3.52648E+14,R5CY70VD83N,Samsung,SM-F766B,Black,512GB,Mobile phone,SM-F766BZKHEUB,REPAIRED,L2,"has fallen out the car, fell onto the tarmac, had a sturdy c","replaced the screen,frame,batteries and tapes",GH96-19441A,1,GH82-37818A,1,GH82-37820A,1,GH82-37583A,1,GH82-37582A,1,GH82-38794C,1,0,0,0,0,0,0,0,0,0,0,0,0,0,0,0,0,0,0
1315596,3.50078E+14,,Samsung,SM-F721B,Gold,,Mobile phone,SM-F721BZDGEUB,REPAIRED,L2,the screen did not smash. The damage is internal.,"Screen, battery, tapes",GH82-30238C,1,GH82-29433A,1,GH82-29434A,1,GH81-24714A,1,GH81-24715A,1,0,0,0,0,0,0,0,0,0,0,0,0,0,0,0,0,0,0,0,0
1315606,3.52353E+14,,Samsung,SM-S918B/DS,Black,,Mobile phone,SM-S918BZKDEUB,REPAIRED,UB,"tem was charging, phone has fallen on the floor, whole scree",screen frame batt cover,GH82-33783A,1,GH96-15833A,1,GH82-30459A,1,GH81-24724A,1,GH82-30400A,1,0,0,0,0,0,0,0,0,0,0,0,0,0,0,0,0,0,0,0,0
1315926,3.53936E+14,R5CX704GPWY,Samsung,SM-F741B,Light Blue,256GB,Mobile phone,SM-F741BLBGEUB,REPAIRED,L2,displays a black screen,octa batts tape,GH82-35143A,1,GH82-35141A,1,GH82-35024A,1,GH82-35023A,1,GH82-35014C,1,0,0,0,0,0,0,0,0,0,0,0,0,0,0,0,0,0,0,0,0
1321582,3.50966E+14,,Samsung,SM-F966B/DS,,,Mobile phone,SM-F966BDBBEUB,REPAIRED,L2,phone has fallen onto a tilled kitchen floor and the inner s,"replaced the screen,frame,batteries and tapes",GH82-38023A,1,GH82-37549A,1,GH82-37550A,1,GH82-38664B,1,GH82-37824A,1,0,0,0,0,0,0,0,0,0,0,0,0,0,0,0,0,0,0,0,0
1303545,3.50966E+14,RFCY71MX03W,Samsung,SM-F966B/DS,Silver,,Mobile phone,SM-F966BZSBEUB,REPAIRED,UB,faulty display,replaced the screen and tapes,GH82-38023A,1,GH82-37822A,1,GH82-37824A,1,GH81-27757A,2,GH82-37543A,1,0,0,0,0,0,0,0,0,0,0,0,0,0,0,0,0,0,0,0,0
1309237,3.51451E+14,RFCX61J9YET,Samsung,SM-F956B/DS,White,,Mobile phone,SM-F956BZWBEUB,REPAIRED,UB,Dead pixel under screen,screen,GH82-35046A,1,GH82-35137A,1,GH82-35138A,1,GH82-35139A,1,GH81-26062A,2,0,0,0,0,0,0,0,0,0,0,0,0,0,0,0,0,0,0,0,0
1309366,3.52624E+14,R3CWC0CZZRX,Samsung,SM-S928B/DS,Titanium,,Mobile phone,SM-S928BZTHEUB,REPAIRED,L2,"mic not working correctly, signal issues","USB, ctc and frc",GH82-33349A,1,GH82-33392A,1,GH59-15734A,1,GH82-33391A,1,GH96-16497A,1,0,0,0,0,0,0,0,0,0,0,0,0,0,0,0,0,0,0,0,0
1309579,3.50147E+14,R3CT402RZGE,Samsung,SM-S908B/DS,Dark Red,,Mobile phone,SM-S908BDRHEUB,REPAIRED,UB,Oled screen cx paid £214 instore,"Replaced screen, tapes",GH82-37366A,1,GH02-23303A,1,GH82-27490A,1,GH02-23302A,1,0,0,0,0,0,0,0,0,0,0,0,0,0,0,0,0,0,0,0,0,0,0
1309611,3.51788E+14,R58Y9171K8A,Samsung,SM-A175F/DSB,Light Blue,,Mobile phone,SM-A175FLBBEUB,REPAIRED,L2,"Camera issues, warning sign comes up when cx clicks on app","replaced mainboard, ctc, tape",GH82-36147A,1,GH81-27935A,1,GH82-38526A,1,0,0,0,0,0,0,0,0,0,0,0,0,0,0,0,0,0,0,0,0,0,0,0,0
1309646,3.59413E+14,RZCX811EAXT,Samsung,SM-F741B,Yellow,,Mobile phone,SM-F741BZYHEUB,REPAIRED,L2,main screen blankCondition GoodMM OFF  UTG crack causing bla,"Repaired screen, frame, batteries, tapes",GH82-35014B,1,GH82-35141A,1,GH82-35023A,1,GH82-35024A,1,GH82-35143A,1,0,0,0,0,0,0,0,0,0,0,0,0,0,0,0,0,0,0,0,0
1309807,3.54484E+14,R5CTC234Q5N,Samsung,SM-S918B/DS,Black,,Mobile phone,SM-S918BZKHEUB,REPAIRED,UB,Broken screen  cx paid £244 octa,"Replaced: Screen, frame and battery",GH81-24723A,1,GH81-24724A,1,GH96-15833A,1,GH82-33783A,1,GH82-30459A,1,0,0,0,0,0,0,0,0,0,0,0,0,0,0,0,0,0,0,0,0
1309848,3.50966E+14,RFCY70FM64D,Samsung,SM-F966B/DS,Black,,Mobile phone,SM-F966BZKBEUB,REPAIRED,UB,line on main screen,OLED and SP REplaced,GH82-37543A,1,GH82-37822A,1,GH82-37824A,1,GH82-38023A,1,GH81-27757A,1,0,0,0,0,0,0,0,0,0,0,0,0,0,0,0,0,0,0,0,0
1309855,3.57867E+14,RF8Y40GJ1HL,Samsung,SM-A165F/DSB,Light Green,,Mobile phone,SM-A165FLGBEUB,REPAIRED,L2,"device not picking up sim, cx has been through the steps wit",PBA Replaced,GH96-18451A,1,GH82-36147A,1,GH82-36266A,1,0,0,0,0,0,0,0,0,0,0,0,0,0,0,0,0,0,0,0,0,0,0,0,0
1309899,3.54957E+14,R5CT845Y93H,Samsung,SM-F721N,Grey,,Mobile phone,SM-F721NZAVKOC,REPAIRED,U2,cx paid £30 instore for Screen protectorHinge and CTC issue,"replaced hinge, ctcs, USB port, tapes, SP",GH02-24268A,1,GH81-24714A,1,GH81-24931A,1,GH81-22424A,1,GH98-48225A,1,GH59-15592A,1,GH82-32824A,1,GH82-32912A,1,GH82-32913A,1,GH59-15579A,1,GH98-47547A,1,GH96-15288A,1,GH67-05418A,2,0,0,0,0
1309988,3.52242E+14,RFCX709PQ3M,Samsung,SM-F956B/DS,Silver,,Mobile phone,SM-F956BZSNEUB,REPAIRED,L1,IQC pass Screen Protector Replacement.,Screen Protector Replacement,GH81-26062A,2,0,0,0,0,0,0,0,0,0,0,0,0,0,0,0,0,0,0,0,0,0,0,0,0,0,0,0,0
1310077,3.5495E+14,R5CRA0F85ZK,Samsung,SM-F711B,Beige,,Mobile phone,SM-F711BZEFEUA,REPAIRED,L1,Screen Protector Replacement.,Screen Protector Replacement.,GH81-22922A,1,0,0,0,0,0,0,0,0,0,0,0,0,0,0,0,0,0,0,0,0,0,0,0,0,0,0,0,0
1310270,3.51558E+14,RZCY609M9MX,Samsung,SM-A366B/DS,Black,,Mobile phone,SM-A366BZKGEUB,REPAIRED,L2,Camera failed error.,New camera installed,GH96-19121A,1,0,0,0,0,0,0,0,0,0,0,0,0,0,0,0,0,0,0,0,0,0,0,0,0,0,0,0,0
1310351,3.50622E+14,RFCY71ZG49N,Samsung,SM-F966B/DS,Dark Blue,,Mobile phone,SM-F966BDBNEUB,REPAIRED,L2,Broken screen claim  - ID 36002690,"Screens, frame, batteries, cover, tapes replaced",GH82-38664B,1,GH82-37549A,1,GH82-37550A,1,GH82-37824A,1,GH82-38023A,1,GH82-37534B,1,GH82-37544A,1,0,0,0,0,0,0,0,0,0,0,0,0,0,0,0,0
1310413,3.52597E+14,R3CT50B8Y0E,Samsung,SM-S901B/DS,Grey,,Mobile phone,SM-S901BZAGEUB,REPAIRED,L2,Suspected swollen battery - battery replacement £79,"replaced battery, kit",GH82-27496A,1,GH82-27494A,1,0,0,0,0,0,0,0,0,0,0,0,0,0,0,0,0,0,0,0,0,0,0,0,0,0,0
1310481,3.53325E+14,R3CT60D866W,Samsung,SM-S901B/DS,White,,Mobile phone,SM-S901BZWDEUB,REPAIRED,UB,Broken screen,Replaced screen an tapes,GH82-30244A,1,GH82-27496A,1,GH82-37368A,1,0,0,0,0,0,0,0,0,0,0,0,0,0,0,0,0,0,0,0,0,0,0,0,0
1311128,3.53936E+14,R5CX92DPXYA,Samsung,SM-F741B,Light Blue,,Mobile phone,SM-F741BLBGEUB,REPAIRED,L2,"blank screen, no charging indication","New screen, batts and tapes",GH82-35014C,1,GH82-35141A,1,GH82-35143A,1,GH82-35023A,1,GH82-35024A,1,0,0,0,0,0,0,0,0,0,0,0,0,0,0,0,0,0,0,0,0
1311311,3.55089E+14,R3CX90PGR4F,Samsung,SM-S926B/DS,Violet,,Mobile phone,SM-S926BZVDEUB,REPAIRED,L2,Unable to IQC - moisture detection errormoisture detected wa,"replaced USB port, cable, tape",GH96-16542A,1,GH82-33336A,1,GH82-33338A,1,0,0,0,0,0,0,0,0,0,0,0,0,0,0,0,0,0,0,0,0,0,0,0,0
1311956,3.52624E+14,RFCX105PXFM,Samsung,SM-S928B/DS,Black,,Mobile phone,SM-S928BZKHEUB,REPAIRED,L2,moisture detected error,New usb port and tape,GH96-16497A,1,GH82-33392A,1,0,0,0,0,0,0,0,0,0,0,0,0,0,0,0,0,0,0,0,0,0,0,0,0,0,0
1311967,3.54484E+14,RFCW81BV29Y,Samsung,SM-S918B/DS,Light Pink,,Mobile phone,SM-S918BLIHEUB,REPAIRED,UB,Broken screen + rear cover- paid £219 for OLED/COVER,Replaced OLED and Cover,GH82-33783A,1,GH81-24724A,1,GH82-30400D,1,0,0,0,0,0,0,0,0,0,0,0,0,0,0,0,0,0,0,0,0,0,0,0,0
1312062,3.50118E+14,RFCY7092MGY,Samsung,SM-F966B/DS,Dark Blue,,Mobile phone,SM-F966BDBCEUB,REPAIRED,L2,"front screen flickering, audio issues, intermittent display",screen and battery,GH82-38664B,1,GH82-37549A,1,GH82-37550A,1,GH82-38023A,1,GH82-37824A,1,0,0,0,0,0,0,0,0,0,0,0,0,0,0,0,0,0,0,0,0
1312593,3.54397E+14,RFCN20MBF2Z,Samsung,SM-G981B/DS,Pink,,Mobile phone,SM-G981BZIDEUD,REPAIRED,L2,Battery Replacement £79,Replaced battery and tape,GH82-22122A,1,GH82-22124A,2,0,0,0,0,0,0,0,0,0,0,0,0,0,0,0,0,0,0,0,0,0,0,0,0,0,0
1312640,3.57188E+14,R5CT238ZM6W,Samsung,SM-S908E/DS,Black,,Mobile phone,SM-S908EZKGINU,REPAIRED,UB,£254 - Screen Frame and Battery#Could not replace frame due,"New screen, tapes, battery",GH82-37366A,1,GH82-27490A,1,GH81-22944A,1,GH02-23302A,1,GH82-27484A,1,0,0,0,0,0,0,0,0,0,0,0,0,0,0,0,0,0,0,0,0
1312659,3.53227E+14,RFCW804PL0F,Samsung,SM-F946B/DS,Black,,Mobile phone,SM-F946BZKBEUB,REPAIRED,L1,Screen Protector Replacement.,Screen Protector Replacemen,GH81-23916A,2,0,0,0,0,0,0,0,0,0,0,0,0,0,0,0,0,0,0,0,0,0,0,0,0,0,0,0,0
1312815,3.51798E+14,R5CW91NW6SM,Samsung,SM-F731B,Grey,,Mobile phone,SM-F731BZAHEUB,REPAIRED,L2,cx paid 249  octa instore,Replaced screen batteries and tapes,GH82-35928A,1,GH82-35929A,1,GH82-31699A,1,GH82-31700A,1,GH82-31827A,1,0,0,0,0,0,0,0,0,0,0,0,0,0,0,0,0,0,0,0,0
1312848,3.54722E+14,R3CW30C7RFJ,Samsung,SM-S918B/DS,Black,,Mobile phone,SM-S918BZKHEUB,REPAIRED,UB,Broken screen,"Replaced - Screen, Battery, Frame",GH81-24724A,1,GH81-24723A,1,GH82-30459A,1,GH96-15833A,1,GH82-33783A,1,0,0,0,0,0,0,0,0,0,0,0,0,0,0,0,0,0,0,0,0
1313164,3.56597E+14,RZCY911NZDZ,Samsung,SM-S938B/DS,Silver,,Mobile phone,SM-S938BZSGEUB,REPAIRED,L2,charging issueIntermittent charging issues and PC connection,Replaced - Charging port and tape,GH96-18321A,1,GH82-36520A,1,0,0,0,0,0,0,0,0,0,0,0,0,0,0,0,0,0,0,0,0,0,0,0,0,0,0
1313307,3.57233E+14,RZCX60EGLGV,Samsung,SM-S928B/DS,Titanium,,Mobile phone,SM-S928BZTHEUB,REPAIRED,SU,software flashDevice it wasn&apos;t frp locked - software up,Software updated - IQC = PASS,0,0,0,0,0,0,0,0,0,0,0,0,0,0,0,0,0,0,0,0,0,0,0,0,0,0,0,0,0,0
1313447,3.54741E+14,RZCX505SFNB,Samsung,SM-S928B/DS,Titanium,,Mobile phone,SM-S928BZTGEUB,REPAIRED,L2,camera issue after recent update,"Replaced main camera, tape",GH96-16303A,1,GH82-33392A,1,0,0,0,0,0,0,0,0,0,0,0,0,0,0,0,0,0,0,0,0,0,0,0,0,0,0
1313561,3.50118E+14,RFCY70X8XAY,Samsung,SM-F966B/DS,Black,,Mobile phone,SM-F966BZKCEUB,REPAIRED,L2,"SC+Broken main and SUB screen, cover, damaged main board, se","replaced screen, batts, SUB OLED, cover, main board, secondary board,",GH82-38664C,1,GH82-37549A,1,GH82-37550A,1,GH82-38023A,1,GH82-37824A,1,GH81-27757A,1,GH82-37536A,1,GH82-37542A,1,GH96-19861A,1,GH96-19855A,1,GH82-37541A,1,GH82-37753A,1,GH96-19685A,1,GH96-19863A,1,GH82-37534C,1
1313627,3.54517E+14,RFCX60PC89N,Samsung,SM-S921B/DS,Coral,,Mobile phone,SM-S921BZODEUB,REPAIRED,UB,screen smashed - £164 paid for OLED,Replaced screen and tapes,GH82-33293A,1,GH82-33286A,1,GH82-33295A,1,0,0,0,0,0,0,0,0,0,0,0,0,0,0,0,0,0,0,0,0,0,0,0,0
1313642,3.52624E+14,R3CX80K8Q4F,Samsung,SM-S928B/DS,Violet,,Mobile phone,SM-S928BZVHEUB,REPAIRED,UB,"Screen is flickering when unlocking the phone, showing green",screen,GH82-33392A,1,GH82-33544A,1,GH82-33385A,1,0,0,0,0,0,0,0,0,0,0,0,0,0,0,0,0,0,0,0,0,0,0,0,0
1313669,3.51337E+14,R5CX73YTSYW,Samsung,SM-F741B,Silver,,Mobile phone,SM-F741BZSHEUB,REPAIRED,L2,main screen gone blank,screeen and battery,GH82-35143A,1,GH82-35141A,1,GH82-35024A,1,GH82-35023A,1,GH82-35014A,1,0,0,0,0,0,0,0,0,0,0,0,0,0,0,0,0,0,0,0,0
1313683,3.51798E+14,R5CW82ZMPBZ,Samsung,SM-F731B,Grey,,Mobile phone,SM-F731BZAHEUB,REPAIRED,L2,£284 paid for OCTA+BATTS,screen and battery,GH82-35929A,1,GH82-31699A,1,GH82-31827A,1,GH82-31700A,1,0,0,0,0,0,0,0,0,0,0,0,0,0,0,0,0,0,0,0,0,0,0
1313911,3.52655E+14,R58T11PTK4V,Samsung,SM-A127F/DSN,Blue,,Mobile phone,SM-A127FZBVEUA,REPAIRED,IP,FRP Unlock - POP ON SO - Cx paying on collection STAFF REPAI,FRP unlock,0,0,0,0,0,0,0,0,0,0,0,0,0,0,0,0,0,0,0,0,0,0,0,0,0,0,0,0,0,0
1313934,3.53936E+14,R5CX71E5ALE,Samsung,SM-F741B,Light Blue,,Mobile phone,SM-F741BLBGEUB,REPAIRED,L2,Unable to IQC - No display and device is making a clicking s,"replaced screen, batts, tapes",GH82-35143A,1,GH82-35141A,1,GH82-35023A,1,GH82-35014C,1,GH82-35024A,1,0,0,0,0,0,0,0,0,0,0,0,0,0,0,0,0,0,0,0,0
1314089,3.50683E+14,R5CX92Z2TPZ,Samsung,SM-S928B/DS,Black,,Mobile phone,SM-S928BZKGEUB,REPAIRED,SU,FRP Unlock - £30 paid,FRP unlock and S/W upgrade,0,0,0,0,0,0,0,0,0,0,0,0,0,0,0,0,0,0,0,0,0,0,0,0,0,0,0,0,0,0
1314207,3.55195E+14,RZCX20AT52M,Samsung,SM-S711B/DS,Grey,,Mobile phone,SM-S711BZADEUB,REPAIRED,UB,Bootlooping- S23 FE,"Replaced screen, PBA, battery, tape",GH82-33089A,1,GH82-32860A,1,GH82-33170A,1,GH82-32856A,1,0,0,0,0,0,0,0,0,0,0,0,0,0,0,0,0,0,0,0,0,0,0
1314226,3.56597E+14,RFCY802X1QD,Samsung,SM-S938B/DS,Blue,,Mobile phone,SM-S938BZBGEUB,REPAIRED,L2,Charging port- moisture detected error,Replaced usb port and tape,GH82-37696A,1,GH96-18321A,1,0,0,0,0,0,0,0,0,0,0,0,0,0,0,0,0,0,0,0,0,0,0,0,0,0,0
1314544,3.55622E+14,R5CWC2B7P9T,Samsung,SM-S926B/DS,Grey,,Mobile phone,SM-S926BZADEUB,REPAIRED,L2,"Charging issues, cx uses ss charger, would not charge instor",Replaced usb and tape,GH96-16542A,1,GH82-33338A,1,0,0,0,0,0,0,0,0,0,0,0,0,0,0,0,0,0,0,0,0,0,0,0,0,0,0
1315138,3.56278E+14,RZCY206ZFRT,Samsung,SM-S938B/DS,Silver,,Mobile phone,SM-S938BZSDEUB,REPAIRED,L2,Sound issue - distorted sound on videos (loud speaker).,New speaker and tape,GH82-37696A,1,GH96-18767A,1,0,0,0,0,0,0,0,0,0,0,0,0,0,0,0,0,0,0,0,0,0,0,0,0,0,0
1315484,3.58224E+14,RZCX80XKHCD,Samsung,SM-F741B,Yellow,,Mobile phone,SM-F741BZYGEUB,REPAIRED,L1,Screen protector,SP - Screen protector replacement,GH81-26035A,2,0,0,0,0,0,0,0,0,0,0,0,0,0,0,0,0,0,0,0,0,0,0,0,0,0,0,0,0
1315918,3.5093E+14,R3CWA04D46D,Samsung,SM-F731B,Grey,,Mobile phone,SM-F731BZAGEUB,REPAIRED,L1,screen protector bubblingIQC = PASSScreen protector only and,"Replaced assy deco ,screen protector",GH82-34625A,1,GH81-23854A,2,0,0,0,0,0,0,0,0,0,0,0,0,0,0,0,0,0,0,0,0,0,0,0,0,0,0
1316180,3.52689E+14,RFCY219E3JV,Samsung,SM-S931B/DS,Light Green,,Mobile phone,SM-S931BLGDEUB,REPAIRED,L2,Overheating and battery life issues.,Main board replaced,GH82-36476A,1,GH82-36326A,1,0,0,0,0,0,0,0,0,0,0,0,0,0,0,0,0,0,0,0,0,0,0,0,0,0,0
1316236,3.59055E+14,R58N75R3BHR,Samsung,SM-A515F/DSN,Blue,,Mobile phone,SM-A515FZBVEUA,REPAIRED,L2,"Broken screen, bent frame",screen and battery,GH82-21680A,1,GH82-21668A,1,GH02-20014A,1,0,0,0,0,0,0,0,0,0,0,0,0,0,0,0,0,0,0,0,0,0,0,0,0
1316261,3.52351E+14,RZ8N81BMQ1D,Samsung,SM-A515F/DSN,White,,Mobile phone,SM-A515FZWVEUA,REPAIRED,L2,Broken screen / bent to frame,"Screen, frame, battery, cover replaced",GH02-20014A,1,GH82-21653A,1,GH82-21668A,1,GH98-45033A,1,GH82-21680A,1,0,0,0,0,0,0,0,0,0,0,0,0,0,0,0,0,0,0,0,0
1317787,3.54484E+14,RFCW115GW2M,Samsung,SM-S918B/DS,Black,,Mobile phone,SM-S918BZKHEUB,REPAIRED,UB,screen cracked - £199 paid for OLED,OLED replaced,GH82-30400A,1,GH81-24723A,1,GH81-24724A,1,GH82-33783A,1,0,0,0,0,0,0,0,0,0,0,0,0,0,0,0,0,0,0,0,0,0,0
1318328,3.56597E+14,RFCY11Q3JWK,Samsung,SM-S938B/DS,Silver,,Mobile phone,SM-S938BZSGEUB,REPAIRED,L2,Intermittent charging- moisture detected intermittent,Replaced usb and tape,GH82-37696A,1,GH96-18321A,1,0,0,0,0,0,0,0,0,0,0,0,0,0,0,0,0,0,0,0,0,0,0,0,0,0,0
1318359,3.51826E+14,R3CN60BVFTE,Samsung,SM-G981B/DS,Grey,,Mobile phone,SM-G981BZADEUA,REPAIRED,L2,Loose port and error when plugged in,New usb port and tape,GH82-22124A,1,GH96-13080A,1,0,0,0,0,0,0,0,0,0,0,0,0,0,0,0,0,0,0,0,0,0,0,0,0,0,0
1318465,3.50118E+14,RFCY807TC8X,Samsung,SM-F966B/DS,Light Green,,Mobile phone,SM-F966BLGCEUB,REPAIRED,UB,"Flashing inner screen, small cracks across inner screen, scr","Repaired screen, tapes",GH82-37824A,1,GH82-38023A,1,GH81-27757A,2,GH82-37543A,1,GH82-37822A,1,0,0,0,0,0,0,0,0,0,0,0,0,0,0,0,0,0,0,0,0
1318509,3.50049E+14,R5CW20Y9ETK,Samsung,SM-S908B/DS,Black,,Mobile phone,SM-S908BZKGEUB,REPAIRED,UB,Broken screen- £214 Paid for OLED Screen,New screen and tapes,GH82-37366A,1,GH02-23303A,1,GH02-23302A,1,GH82-27490A,1,0,0,0,0,0,0,0,0,0,0,0,0,0,0,0,0,0,0,0,0,0,0
1318642,3.54223E+14,R5CYA0MHR7J,Samsung,SM-S938B/DS,Absolute Black,,Mobile phone,SM-S938BAKDEUB,REPAIRED,L2,"Moisture detected error, charging wirelessly",New usb port and tape,GH82-37696A,1,GH96-18321A,1,0,0,0,0,0,0,0,0,0,0,0,0,0,0,0,0,0,0,0,0,0,0,0,0,0,0
1318992,3.56597E+14,RFCY217KKRP,Samsung,SM-S938B/DS,Gold,,Mobile phone,SM-S938BZDGEUB,REPAIRED,L2,"S25 Ultra - keeps restarting,moisture error","replaced USB port, cable, tape",GH59-15819A,1,GH82-37696A,1,GH96-18321A,1,0,0,0,0,0,0,0,0,0,0,0,0,0,0,0,0,0,0,0,0,0,0,0,0
1319309,3.5007E+14,RFCX3141HRJ,Samsung,SM-S921B/DS,Black,,Mobile phone,SM-S921BZKGEUB,REPAIRED,UB,finger print not working,"Repaired screen, tapes",GH59-15742A,1,GH98-48904A,1,GH82-33295A,1,GH59-15735A,1,GH82-33293A,1,GH82-33286A,1,0,0,0,0,0,0,0,0,0,0,0,0,0,0,0,0,0,0
1319670,3.56597E+14,RZCYA12QJCA,Samsung,SM-S938B/DS,Blue,,Mobile phone,SM-S938BZBGEUB,REPAIRED,L2,keeps rebooting,"Repaired mainbored, tape",GH82-36429A,1,GH82-36520A,1,0,0,0,0,0,0,0,0,0,0,0,0,0,0,0,0,0,0,0,0,0,0,0,0,0,0
1321367,3.51202E+14,R3CY20ZXYJE,Samsung,SM-S938B/DS,Titanium,,Mobile phone,SM-S938BZTGEUE,REPAIRED,L2,moisture detected warning,Replaced usb and tapes,GH82-36520A,1,GH96-18321A,1,0,0,0,0,0,0,0,0,0,0,0,0,0,0,0,0,0,0,0,0,0,0,0,0,0,0
1321374,3.54455E+14,RZCX3061GAN,Samsung,SM-A256B/DSN,Black,,Mobile phone,SM-A256BZKDEUB,REPAIRED,L2,4290718612 - RR CHARGINGG ISSUE AGAIN,"USB PORT, FLEX CABLE, TAPES",GH81-24067A,1,GH96-16227A,1,GH82-33218A,1,0,0,0,0,0,0,0,0,0,0,0,0,0,0,0,0,0,0,0,0,0,0,0,0
1321440,3.50043E+14,R5CY80DDY9P,Samsung,SM-A176B/DS,Black,,Mobile phone,SM-A176BZKAEUB,REPAIRED,L2,not charging,USB baord and ctc,GH96-20346A,1,GH82-36147A,1,GH81-27932A,1,0,0,0,0,0,0,0,0,0,0,0,0,0,0,0,0,0,0,0,0,0,0,0,0
1321448,3.55002E+14,R5CR81JMLHR,Samsung,SM-F711B,Beige,,Mobile phone,SM-F711BZEAEUA,REPAIRED,L1,sp replacement - £30 paid,Replaced screen protector,GH81-22922A,2,0,0,0,0,0,0,0,0,0,0,0,0,0,0,0,0,0,0,0,0,0,0,0,0,0,0,0,0
1322231,3.56278E+14,RZCY10R3MYW,Samsung,SM-S938B/DS,Black,,Mobile phone,SM-S938BZKDEUB,REPAIRED,UB,Broken screen and rear,"New screen frame, battery, back cover",GH82-36386A,1,GH82-36522A,1,GH82-36389A,1,GH82-36353D,1,GH82-37696A,1,GH82-36588A,1,0,0,0,0,0,0,0,0,0,0,0,0,0,0,0,0,0,0
1322233,3.55272E+14,R5GYB0N94GR,Samsung,SM-S938B/DS,Green,,Mobile phone,SM-S938BZGGEUB,REPAIRED,UB,screen wont turn on,"New screen, usb port, flex cable and tapes",GH59-15810A,1,GH96-18321A,1,GH82-36520A,1,GH82-36522A,1,GH82-36588A,1,0,0,0,0,0,0,0,0,0,0,0,0,0,0,0,0,0,0,0,0
1322247,3.58224E+14,RZCXB0BNQTB,Samsung,SM-F741B,Light Green,,Mobile phone,SM-F741BLGGEUB,REPAIRED,L2,Damage to hinge and indentations to display. Touchscreen unr,"replaced screen, batts, tapes",GH82-35141A,1,GH82-35143A,1,GH82-35023A,1,GH82-35024A,1,GH82-35014D,1,0,0,0,0,0,0,0,0,0,0,0,0,0,0,0,0,0,0,0,0
1322256,3.56597E+14,RFCY802WANH,Samsung,SM-S938B/DS,Blue,,Mobile phone,SM-S938BZBGEUB,REPAIRED,UB,screen damaged,"Replaced screen, tapes",GH82-36588A,1,GH82-36522A,1,GH82-36520A,1,0,0,0,0,0,0,0,0,0,0,0,0,0,0,0,0,0,0,0,0,0,0,0,0
1322276,3.53227E+14,RFCX412ARCL,Samsung,SM-F946B/DS,Black,,Mobile phone,SM-F946BZKBEUB,REPAIRED,L1,Screen protector creased/lifting.,Replaced screen protector,GH81-23916A,2,0,0,0,0,0,0,0,0,0,0,0,0,0,0,0,0,0,0,0,0,0,0,0,0,0,0,0,0
1322479,3.55814E+14,RZCWB0Q4Q3A,Samsung,SM-S916B/DS,Black,,Mobile phone,SM-S916BZKDEUB,REPAIRED,UB,Broken screen- paid £30 in store,Replaced screen and tapes,GH82-31249A,1,GH82-30555A,1,GH82-30556A,1,0,0,0,0,0,0,0,0,0,0,0,0,0,0,0,0,0,0,0,0,0,0,0,0
1316179,3.52681E+14,R5CX50W1ZGF,Samsung,SM-G736B/DS,Black,,Mobile phone,SM-G736BZKDEEB,REPAIRED,L2,Smashed screen and back of case missing,replaced cover/battery/screen/tape,GH02-24129A,1,GH82-29188A,1,GH43-05117A,1,GH98-47657A,1,0,0,0,0,0,0,0,0,0,0,0,0,0,0,0,0,0,0,0,0,0,0
1316181,3.52681E+14,R5CTA001XDJ,Samsung,SM-G736B/DS,Black,,Mobile phone,SM-G736BZKDEEB,REPAIRED,AE,Will not charge possible water damage,replaced battery,GH43-05117A,1,0,0,0,0,0,0,0,0,0,0,0,0,0,0,0,0,0,0,0,0,0,0,0,0,0,0,0,0
1316182,3.52681E+14,R5CTA37PPBF,Samsung,SM-G736B/DS,Black,,Mobile phone,SM-G736BZKDEEB,REPAIRED,AE,Will not charge possible water damage,replaced battery,GH43-05117A,1,0,0,0,0,0,0,0,0,0,0,0,0,0,0,0,0,0,0,0,0,0,0,0,0,0,0,0,0
1316183,3.52681E+14,R5CX42R2M3W,Samsung,SM-G736B/DS,Black,,Mobile phone,SM-G736BZKDEEB,REPAIRED,L1,Will not charge possible water damage,replaced battery/cover,GH43-05117A,1,GH98-47657A,1,0,0,0,0,0,0,0,0,0,0,0,0,0,0,0,0,0,0,0,0,0,0,0,0,0,0
1314600,3.51788E+14,RF8Y80M1FFK,Samsung,SM-A175F/DSB,Black,,Mobile phone,SM-A175FZKBEUB,REPAIRED,L2,TOUCH SCREEN NOT WORKING,"replaced screen, battery and tape",GH81-27935A,1,GH82-38076A,1,GH82-38527A,1,0,0,0,0,0,0,0,0,0,0,0,0,0,0,0,0,0,0,0,0,0,0,0,0
1314603,3.57867E+14,RF8Y6037S6V,Samsung,SM-A165F/DSB,Light Green,,Mobile phone,SM-A165FLGBEUB,REPAIRED,L2,TOUCH SCREEN NOT WORKING,Replaced the screen and battery,GH82-36255A,1,GH82-36253A,1,0,0,0,0,0,0,0,0,0,0,0,0,0,0,0,0,0,0,0,0,0,0,0,0,0,0
1314607,3.53118E+14,RZCW21HDVJZ,Samsung,SM-A346B/DSN,Black,,Mobile phone,SM-A346BZKAEUB,REPAIRED,L2,NO DISPLAY,octa batt cover sim tray,GH98-48063A,1,GH82-30709A,1,GH82-31469A,1,GH82-31201A,1,0,0,0,0,0,0,0,0,0,0,0,0,0,0,0,0,0,0,0,0,0,0
1314610,3.54527E+14,RFCY50F5FNJ,Samsung,SM-S931B/DS,Light Blue,,Mobile phone,SM-S931BLBDEUB,REPAIRED,L2,LIQUID MESSAGE ON CHARGE - REPEAT REPAIR,USB board.,GH82-36476A,1,GH96-18238A,1,0,0,0,0,0,0,0,0,0,0,0,0,0,0,0,0,0,0,0,0,0,0,0,0,0,0
1314613,3.50467E+14,R3CY60GF6CN,Samsung,SM-S931B/DS,Dark Blue,,Mobile phone,SM-S931BDBGEUB,REPAIRED,L2,"Device overheats, causing a power off issue.","Mainbaord, tapes.",GH82-36476A,1,GH82-36402A,1,0,0,0,0,0,0,0,0,0,0,0,0,0,0,0,0,0,0,0,0,0,0,0,0,0,0
1314622,3.51788E+14,R58Y812ED7H,Samsung,SM-A175F/DSB,Black,,Mobile phone,SM-A175FZKBEUB,REPAIRED,L2,LOOSE USB PORT,replaced the usb port and tapes,GH81-27935A,1,GH96-20248A,1,0,0,0,0,0,0,0,0,0,0,0,0,0,0,0,0,0,0,0,0,0,0,0,0,0,0
1314630,3.51104E+14,R5CY431ZESX,Samsung,SM-A166B/DS,Black,,Mobile phone,SM-A166BZKDEUB,REPAIRED,L2,CRACKING SPEAKERS,SPEAKER,GH98-49821A,1,GH81-26599A,1,3001-002871,1,GH82-36030A,1,0,0,0,0,0,0,0,0,0,0,0,0,0,0,0,0,0,0,0,0,0,0
1314631,3.50015E+14,R7AX50X48PP,Samsung,SM-A057G/DSN,Black,,Mobile phone,SM-A057GZKUEUB,REPAIRED,L2,"PIN LOCKED, BACK COMING OFF, CHARGING INTERMITTENT",screen batt frame cover usb port and screws,GH81-24649A,1,GH81-24411A,1,GH81-24378A,8,GH81-24364A,1,GH81-24363A,1,GH81-24366A,1,GH81-24395A,1,0,0,0,0,0,0,0,0,0,0,0,0,0,0,0,0
1314638,3.51788E+14,R58Y812CLYX,Samsung,SM-A175F/DSB,Black,,Mobile phone,SM-A175FZKBEUB,REPAIRED,L2,BLACK SCREEN,screen batt tape,GH81-27935A,1,GH82-38076A,1,GH82-38527A,1,0,0,0,0,0,0,0,0,0,0,0,0,0,0,0,0,0,0,0,0,0,0,0,0
1314642,3.55195E+14,R5CX82GP69F,Samsung,SM-S711B/DS,Grey,,Mobile phone,SM-S711BZADEUB,REPAIRED,UB,"NO DISPLAY, CAMERA FAULTY",replaced screen/tapes/ctc/cover/camera,GH82-32856A,1,GH82-33170A,1,GH82-32859A,1,GH82-32787A,1,GH96-16211A,1,0,0,0,0,0,0,0,0,0,0,0,0,0,0,0,0,0,0,0,0
1305957,3.55929E+14,R5CW608FR6F,Samsung,SM-S918B/DS,Black,256GB,Mobile phone,SM-S918BZKDEUB,REPAIRED,UB,laying in a stream of water coming down,full rebuilt,GH82-30522A,1,GH96-15592A,1,GH96-15833A,1,GH98-48039A,1,GH96-15658A,1,GH96-15541A,1,GH82-30459A,1,GH82-30461A,1,GH82-30460A,1,GH59-15600A,1,GH96-15527A,1,GH82-30400A,1,GH81-24724A,1,GH96-15662A,1,GH97-28417A,1
1306378,3.50197E+14,RFCWB003Q3W,Samsung,SM-S918B/DS,Green,256GB,Mobile phone,SM-S918BZGDEUB,REPAIRED,UB,Broken screen,screen,GH81-24723A,1,GH82-33783A,1,GH81-24724A,1,0,0,0,0,0,0,0,0,0,0,0,0,0,0,0,0,0,0,0,0,0,0,0,0
1306806,3.50966E+14,RFCY703L60J,Samsung,SM-F966B/DS,Dark Blue,256GB,Mobile phone,SM-F966BDBBEUB,REPAIRED,L2,Broken screen,screen adn battery,GH82-38664B,1,GH82-37550A,1,GH82-37549A,1,GH82-38023A,1,GH82-37824A,1,0,0,0,0,0,0,0,0,0,0,0,0,0,0,0,0,0,0,0,0
1307188,3.58154E+14,R5CW8159RFA,Samsung,SM-S918B/DS,Black,512GB,Mobile phone,SM-S918BZKHEUB,REPAIRED,UB,dog off the lead jumped up on my knocking the phone out of m,"Replaced - screen, tapes, cover",GH81-24724A,1,GH82-30400A,1,GH82-33783A,1,0,0,0,0,0,0,0,0,0,0,0,0,0,0,0,0,0,0,0,0,0,0,0,0
1308315,3.50526E+14,R5CT816PWQL,Samsung,SM-F721B,Grey,256GB,Mobile phone,SM-F721BZAHEUB,REPAIRED,L2,customer claims they are having screen and network issues si,"New screen, batts and tapes",GH82-30239A,1,GH82-35082A,1,GH82-29433A,1,GH82-29434A,1,GH81-26013A,1,0,0,0,0,0,0,0,0,0,0,0,0,0,0,0,0,0,0,0,0
1308680,3.54322E+14,R3CT30436BT,Samsung,SM-S908B/DS,Black,,Mobile phone,SM-S908BZKGEUB,REPAIRED,L2,crack on the left side of the screen.,"replaced screen, batt, cover, kit",GH82-27484A,1,GH82-27489A,1,GH82-27490A,1,GH82-27425A,1,0,0,0,0,0,0,0,0,0,0,0,0,0,0,0,0,0,0,0,0,0,0
1309972,3.51202E+14,R5CY21HNW4Y,Samsung,SM-S938B/DS,Blue,512GB,Mobile phone,SM-S938BZBGEUB,REPAIRED,L2,the screen seemed fine ive never broken the back of a phone.,replaced back cover,GH82-36353B,1,0,0,0,0,0,0,0,0,0,0,0,0,0,0,0,0,0,0,0,0,0,0,0,0,0,0,0,0
1309973,3.51451E+14,RFCX71E4CKL,Samsung,SM-F956B/DS,Silver,256GB,Mobile phone,SM-F956BZSBEUB,REPAIRED,L2,I drooped my phone onto the floor,Replaced screen batteries and tapes,GH82-35048A,1,GH82-35049A,1,GH82-35139A,1,GH82-35042A,1,GH82-35138A,1,0,0,0,0,0,0,0,0,0,0,0,0,0,0,0,0,0,0,0,0
1310639,3.51337E+14,R5CX63BJ0JM,Samsung,SM-F741B,Silver,512GB,Mobile phone,SM-F741BZSHEUB,REPAIRED,L2,Then after opening it again later on it just would not respo,"replaced screen, batts, tapes, sim tray",GH98-49236A,1,GH82-35143A,1,GH82-35141A,1,GH82-35023A,1,GH82-35014A,1,GH82-35024A,1,0,0,0,0,0,0,0,0,0,0,0,0,0,0,0,0,0,0
1310640,3.54484E+14,RFCW113WAHK,Samsung,SM-S918B/DS,Black,512GB,Mobile phone,SM-S918BZKHEUB,REPAIRED,UB,Phone fell from hand and back of phone all smashed up.,"Replaced screen, cover, tapes",GH81-24724A,1,GH82-30400A,1,GH82-33783A,1,0,0,0,0,0,0,0,0,0,0,0,0,0,0,0,0,0,0,0,0,0,0,0,0
1310642,3.54322E+14,R3CT30HM66Z,Samsung,SM-S908B/DS,Black,256GB,Mobile phone,SM-S908BZKGEUB,REPAIRED,L2,"my phone slipped out ot.f my hand onto the ground, smashing","Replaced - Screen, battery, kit",GH82-27490A,1,GH82-27489A,1,GH82-27484A,1,0,0,0,0,0,0,0,0,0,0,0,0,0,0,0,0,0,0,0,0,0,0,0,0
1310644,3.50929E+14,R5CT11GSG1F,Samsung,SM-G990B/DS,White,128GB,Mobile phone,SM-G990BZWDEUA,REPAIRED,L2,Dropped phone by accident the back is cracked and screen has,"Repaired screen, frame, batteries, tapes, usb port, back cover",GH82-26409A,1,GH98-46790B,1,GH82-26156B,1,GH96-14548A,1,GH82-26420B,1,0,0,0,0,0,0,0,0,0,0,0,0,0,0,0,0,0,0,0,0
1311216,3.50364E+14,R3CX907Z8CA,Samsung,SM-S928B/DS,Titanium,256GB,Mobile phone,SM-S928BZTGEUB,REPAIRED,UB,. The impact caused the screen to crack,"replaced screen, cover, kits",GH82-33392A,1,GH82-33349A,1,GH82-33544A,1,GH82-33385A,1,0,0,0,0,0,0,0,0,0,0,0,0,0,0,0,0,0,0,0,0,0,0
1311217,3.51798E+14,R5CW80DLJ2B,Samsung,SM-F731B,Grey,512GB,Mobile phone,SM-F731BZAHEUB,REPAIRED,L2,"the phone fell out my pocket onto marble steps, no visible d","replaced screen, batts, tapes",GH82-31828A,1,GH82-31699A,1,GH82-31700A,1,GH82-35929A,1,GH81-26529A,1,0,0,0,0,0,0,0,0,0,0,0,0,0,0,0,0,0,0,0,0
1311218,3.54397E+14,RFCN30Q6RCA,Samsung,SM-G981B/DS,Grey,128GB,Mobile phone,SM-G981BZADEUA,REPAIRED,L2,it got knocked off on to a hard floor and caused it to crack,"New screen, battery, cover, tapes, usb port and camera",GH82-22122A,1,GH82-31432A,1,GH82-21576A,1,GH82-22124A,1,GH96-13080A,1,GH96-13084A,1,0,0,0,0,0,0,0,0,0,0,0,0,0,0,0,0,0,0
1311221,3.58224E+14,RZCXB1CA15E,Samsung,SM-F741B,Silver,256GB,Mobile phone,SM-F741BZSGEUB,REPAIRED,L2,Phone had fallen out of my pocket caused major damage to the,"Replaced screen, batteries, tapes",GH82-35024A,1,GH82-35014A,1,GH82-35023A,1,GH82-35141A,1,GH82-35143A,1,0,0,0,0,0,0,0,0,0,0,0,0,0,0,0,0,0,0,0,0
1311223,3.52242E+14,RFCX61K730P,Samsung,SM-F956B/DS,White,1TB,Mobile phone,SM-F956BZWNEUB,REPAIRED,L2,I dropped the phone.The front screen has stopped working all,fully refurbished,GH59-15765A,1,GH96-16975A,1,GH82-35047A,1,GH96-16976A,1,GH82-35049A,1,GH82-35048A,1,GH96-17174A,1,GH96-16979A,1,GH82-35042E,1,GH96-16978A,1,GH82-35086E,1,GH82-35138A,1,GH96-16977B,1,GH82-35124A,1,GH96-17142A,1
1311224,3.53936E+14,R5CX82S9V4E,Samsung,SM-F741B,Silver,256GB,Mobile phone,SM-F741BZSGEUB,REPAIRED,L2,", the screen is slowly pixelating over the last week,","OOW-main screen, batteries,",GH82-35023A,1,GH82-35141A,1,GH82-35143A,1,GH82-35024A,1,GH82-35014A,1,0,0,0,0,0,0,0,0,0,0,0,0,0,0,0,0,0,0,0,0
1311225,3.54484E+14,RFCW81BTL0R,Samsung,SM-S918B/DS,Green,512GB,Mobile phone,SM-S918BZGHEUB,REPAIRED,UB,"Dropped phone, crack in screen, phone has a green line in mi","replaced screen, cover, kits",GH82-30400C,1,GH81-24723A,1,GH81-24724A,1,GH82-33783A,1,0,0,0,0,0,0,0,0,0,0,0,0,0,0,0,0,0,0,0,0,0,0
1311226,3.52335E+14,RFCT80ZVLBY,Samsung,SM-F936B/DS,Beige,256GB,Mobile phone,SM-F936BZEBEUB,REPAIRED,L2,fold phone and the sreen just made a crack sound and then di,"OOW-Main screen, sub-screen,†batteries,†back†cover,",GH96-15279A,1,GH82-29461C,1,GH82-29450A,1,GH82-29451A,1,GH82-29254C,1,GH82-29454A,1,0,0,0,0,0,0,0,0,0,0,0,0,0,0,0,0,0,0
1311951,3.53936E+14,R5CX71KA4BK,Samsung,SM-F741B,Light Blue,256GB,Mobile phone,SM-F741BLBGEUB,REPAIRED,L2,my phone slipped out of my hand. And after that half inside,"Screen, batteries, tapes.",GH82-35014C,1,GH82-35023A,1,GH82-35141A,1,GH82-35143A,1,GH82-35024A,1,GH98-49236C,1,0,0,0,0,0,0,0,0,0,0,0,0,0,0,0,0,0,0
1311952,3.5093E+14,R5CW80C0Z4Z,Samsung,SM-F731B,Light Green,256GB,Mobile phone,SM-F731BLGGEUB,REPAIRED,L2,"My screen keeps going blank at the bottom, and has a slight","Replaced screen, batteries, tapes",GH82-31699A,1,GH82-31828D,1,GH82-31700A,1,GH82-35928A,1,GH82-35929A,1,0,0,0,0,0,0,0,0,0,0,0,0,0,0,0,0,0,0,0,0
1311954,3.52335E+14,RFCT71FLE2M,Samsung,SM-F936B/DS,Grey,,Mobile phone,SM-F936BZABEUB,REPAIRED,L2,The inner screen has stopped working,"replaced screen, batts, kits",GH82-29451A,1,GH82-29450A,1,GH82-29454A,1,GH82-29456A,1,GH82-29461B,1,0,0,0,0,0,0,0,0,0,0,0,0,0,0,0,0,0,0,0,0
1311955,3.5093E+14,R5CW92GK6VD,Samsung,SM-F731B,Grey,256GB,Mobile phone,SM-F731BZAGEUB,REPAIRED,L2,"It fell onto the ground, which caused the screen to crack im","It fell onto the ground, which caused the screen to crack immediately",GH82-31828A,1,GH82-31699A,1,GH82-31929A,1,GH82-35928A,1,GH82-31700A,1,GH97-29135A,1,0,0,0,0,0,0,0,0,0,0,0,0,0,0,0,0,0,0
1311959,3.53936E+14,R5CXA061EGE,Samsung,SM-F741B,Light Green,256GB,Mobile phone,SM-F741BLGGEUB,REPAIRED,L2,I accidently dropped my phoneMainscreen has high damage with,Needs Octa Batts Kit and Cover,GH82-35014D,1,GH82-35024A,1,GH82-35023A,1,GH82-35141A,1,GH82-35143A,1,GH82-35182D,1,0,0,0,0,0,0,0,0,0,0,0,0,0,0,0,0,0,0
1311961,3.52335E+14,RFCW50KBD6E,Samsung,SM-F936B/DS,Beige,,Mobile phone,SM-F936BZEBEUE,REPAIRED,L2,I was trying to open the fold and it crashed out and switche,"Screen, batteries, tapes.",GH82-29450A,1,GH82-29463C,1,GH82-29456A,1,GH82-29451A,1,GH82-29454A,1,0,0,0,0,0,0,0,0,0,0,0,0,0,0,0,0,0,0,0,0
1311962,3.50118E+14,RFCYA08F6PR,Samsung,SM-F966B/DS,Black,,Mobile phone,SM-F966BZKCEUB,REPAIRED,L2,dropped on the floor where it made impact with leg of the de,dropped on the floor where it made impact with leg of the desk i was,GH82-37544A,1,GH82-38023A,1,0,0,0,0,0,0,0,0,0,0,0,0,0,0,0,0,0,0,0,0,0,0,0,0,0,0
1312428,3.50147E+14,R3CT30500FE,Samsung,SM-S908B/DS,Black,,Mobile phone,SM-S908BZKHEUB,REPAIRED,UB,n he dropped his phone and the screen is broken.,"Replaced screen , tape ,cover",GH82-27457A,1,GH02-23303A,1,GH02-23302A,1,GH82-37366A,1,0,0,0,0,0,0,0,0,0,0,0,0,0,0,0,0,0,0,0,0,0,0
1312430,3.5007E+14,RFCWC0ZLDVZ,Samsung,SM-S921B/DS,Black,,Mobile phone,SM-S921BZKGEUB,REPAIRED,L2,The speaker began making a weird fuzzy/buzzing sound when pl,"replaced PBA, speaker and tapes",GH82-33629A,1,GH82-33295A,1,GH82-33293A,1,GH97-29474A,1,0,0,0,0,0,0,0,0,0,0,0,0,0,0,0,0,0,0,0,0,0,0
1312799,3.53936E+14,R5CX832LLJN,Samsung,SM-F741B,Light Blue,256GB,Mobile phone,SM-F741BLBGEUB,REPAIRED,L2,cabinet of bedroom and my two year old got hold of it and dr,ota batt tape,GH82-35014C,1,GH82-35024A,1,GH82-35023A,1,GH82-35141A,1,GH82-35143A,1,0,0,0,0,0,0,0,0,0,0,0,0,0,0,0,0,0,0,0,0
1312800,3.52591E+14,RZCT81JT4TL,Samsung,SM-A536B/DS,Coral,,Mobile phone,SM-A536BZONEUB,REPAIRED,L2,"line come on the screen, then it would power off and not res","Mainbaord, tapes.",GH82-28023A,1,GH02-23641A,1,0,0,0,0,0,0,0,0,0,0,0,0,0,0,0,0,0,0,0,0,0,0,0,0,0,0
1312801,3.53936E+14,R5CX922Q58P,Samsung,SM-F741B,Light Green,256GB,Mobile phone,SM-F741BLGGEUE,REPAIRED,UB,I dropped my phone causing damage to it - Unable to confirm,"replaced screen, deco, tapes",GH82-35145A,1,GH82-35022A,1,GH82-35141A,1,GH82-35143A,1,GH02-26398A,1,GH98-49714A,1,GH02-26374A,1,0,0,0,0,0,0,0,0,0,0,0,0,0,0,0,0
1313117,3.51555E+14,RFCTA0038ER,Samsung,SM-A326B/DS,Black,,Mobile phone,SM-A326BZKUEEA,REPAIRED,L2,&quot;Sim card has regularly not been recognised by the phon,octta batt pba tape cover,GH82-25080A,1,GH81-20172A,1,GH82-25455A,1,GH82-25123A,1,GH82-25122A,1,0,0,0,0,0,0,0,0,0,0,0,0,0,0,0,0,0,0,0,0
1313120,3.52859E+14,R5CR31P8DXB,Samsung,SM-G991B/DS,Pink,,Mobile phone,SM-G991BZIDEUA,REPAIRED,L2,"o cracks showing on screen, the screen protector broke and p","Replaced the screen,frame,battery,cover",GH82-24537A,1,GH82-24519D,1,GH82-27255D,1,0,0,0,0,0,0,0,0,0,0,0,0,0,0,0,0,0,0,0,0,0,0,0,0
1313381,3.50262E+14,R3CRC0DN4GW,Samsung,SM-G991B/DS,Violet,,Mobile phone,SM-G991BZVDEUA,REPAIRED,L2,Broken screen,Replaced the screen and battery,GH82-24549A,1,GH82-24544B,1,GH82-24537A,1,0,0,0,0,0,0,0,0,0,0,0,0,0,0,0,0,0,0,0,0,0,0,0,0
1313636,3.5093E+14,R3CWA0JXBWT,Samsung,SM-F731B,Light Pink,256GB,Mobile phone,SM-F731BLIGEUB,REPAIRED,L2,Screen protector was hanging off and the screen itself was n,replaced  Octa Batts Kit.,GH82-35929A,1,GH82-35928A,1,GH82-31699A,1,GH82-31700A,1,GH82-31827C,1,0,0,0,0,0,0,0,0,0,0,0,0,0,0,0,0,0,0,0,0
1313637,3.50361E+14,R3CW40BLHWH,Samsung,SM-S901B/DS,Pink Gold,,Mobile phone,SM-S901BIDDEUB,REPAIRED,UB,Damage to outside of both sides of phone and screen,oled cover,GH82-37368A,1,GH82-30244A,1,GH82-27434D,1,0,0,0,0,0,0,0,0,0,0,0,0,0,0,0,0,0,0,0,0,0,0,0,0
1313944,3.5093E+14,R5CX435APST,Samsung,SM-F731B,Grey,256GB,Mobile phone,SM-F731BZAGEUB,REPAIRED,L2,I dropped my phone and the screen is damaged,octa batt tape,GH81-26545A,1,GH81-26529A,1,GH82-31830A,1,GH82-31929A,1,0,0,0,0,0,0,0,0,0,0,0,0,0,0,0,0,0,0,0,0,0,0
1313947,3.50526E+14,R5CT810W9ZJ,Samsung,SM-F721B,Gold,256GB,Mobile phone,SM-F721BZDHEUB,REPAIRED,L2,screen hit the concrete floor and when i picked the phone up,"Replaced display assembly, batteries and tapes",GH82-29434A,1,GH82-29433A,1,GH82-30238C,1,GH82-35082A,1,GH82-35083A,1,0,0,0,0,0,0,0,0,0,0,0,0,0,0,0,0,0,0,0,0
1313948,3.54517E+14,RFCX905DZBZ,Samsung,SM-S921B/DS,Black,,Mobile phone,SM-S921BZKDEUB,REPAIRED,UB,OLED damaged due to liquid damage,OLED damaged due to liquid damage,GH82-33286A,1,GH82-33295A,1,0,0,0,0,0,0,0,0,0,0,0,0,0,0,0,0,0,0,0,0,0,0,0,0,0,0
1314067,3.52945E+14,RFCXB07G45P,Samsung,SM-S928B/DS,Coral,,Mobile phone,SM-S928BZOGEUB,REPAIRED,L2,&quot;Check Charger/USB Port&quot;,usb port,GH82-33392A,1,GH96-16497A,1,0,0,0,0,0,0,0,0,0,0,0,0,0,0,0,0,0,0,0,0,0,0,0,0,0,0
1314236,3.5093E+14,R5CW722GKTM,Samsung,SM-F731B,Light Pink,256GB,Mobile phone,SM-F731BLIGEUB,REPAIRED,L2,Dropped phone i have arthritis carpal tunnel syndrome the ph,"replaced screen, batteries, tapes and cover",GH82-35929A,1,GH82-35928A,1,GH82-31929C,1,GH82-31699A,1,GH82-31700A,1,GH82-31827C,1,0,0,0,0,0,0,0,0,0,0,0,0,0,0,0,0,0,0
1314238,3.5254E+14,R5CTA2DGZFV,Samsung,SM-S901B/DS,Pink Gold,,Mobile phone,SM-S901BIDDEUB,REPAIRED,L2,"[Defect HW, SW, App]",replaced main pba,GH82-27540A,1,0,0,0,0,0,0,0,0,0,0,0,0,0,0,0,0,0,0,0,0,0,0,0,0,0,0,0,0
1314242,3.53227E+14,RFCW80TP9LZ,Samsung,SM-F946B/DS,Beige,,Mobile phone,SM-F946BZEBEUB,REPAIRED,L2,Sat on phone causing inside screen damage and phone damage,"replaced octa ,battery , sub pba , camera ,cover tapes , sub screen",GH81-24686A,1,GH81-24613A,1,GH59-15672A,1,GH82-31848A,1,GH82-31843B,1,GH82-31847A,1,GH82-31846A,1,GH82-31849A,1,GH82-31841A,1,GH96-15260A,1,GH96-16062A,1,0,0,0,0,0,0,0,0
1314244,3.50118E+14,RFCY81VY1NK,Samsung,SM-F966B/DS,Light Green,,Mobile phone,SM-F966BLGCEUB,REPAIRED,L2,"The internal screen just failed,",octa batts tape,GH82-37824A,1,GH82-38023A,1,GH82-37549A,1,GH82-37550A,1,GH82-38664D,1,0,0,0,0,0,0,0,0,0,0,0,0,0,0,0,0,0,0,0,0
1315057,3.5308E+14,R5CW80KPWPE,Samsung,SM-S918B/DS,Black,,Mobile phone,SM-S918BZKDEUB,REPAIRED,UB,screen smashed the charging port isn&apos;t great on it eith,"replaced the screen,tapes and usb port",GH82-33783A,1,GH81-24724A,1,GH96-15621A,1,GH81-24723A,1,GH82-30400A,1,0,0,0,0,0,0,0,0,0,0,0,0,0,0,0,0,0,0,0,0
1315058,3.53227E+14,RFCW807RG4K,Samsung,SM-F946B/DS,Black,,Mobile phone,SM-F946BZKBEUB,REPAIRED,L2,Dropped phone on to hard floor,"replaced the front/main screen,frame,batteries,cover, and cameras",GH82-31849A,1,GH82-31862A,1,GH82-31847A,1,GH82-31846A,1,GH96-15976A,1,GH96-15975A,1,GH96-15977A,1,GH81-24613A,1,GH82-31843A,1,0,0,0,0,0,0,0,0,0,0,0,0
1315640,3.50049E+14,R5CT20LXKGH,Samsung,SM-S908B/DS,Black,,Mobile phone,SM-S908BZKGEUB,REPAIRED,L2,"he phone keeps rebooting. I have tried safe mode, and I have",replaced mainboard/tapes,GH82-27490A,1,GH82-27707A,1,0,0,0,0,0,0,0,0,0,0,0,0,0,0,0,0,0,0,0,0,0,0,0,0,0,0
1315643,3.51451E+14,RFCX70CWTAH,Samsung,SM-F956B/DS,Dark Blue,,Mobile phone,SM-F956BDBBEUB,REPAIRED,L2,I have cracked the front screen and dented the top corner an,"replaced octa ,battery,tape,sub screen",GH82-35138A,1,GH82-35139A,1,GH82-35042C,1,GH82-35048A,1,GH82-35049A,1,GH82-35047A,1,0,0,0,0,0,0,0,0,0,0,0,0,0,0,0,0,0,0
1315904,3.53249E+14,RFCRA1MZZVA,Samsung,SM-F926B/DS,Silver,,Mobile phone,SM-F926BZSDEUA,REPAIRED,L2,"Fold Screen damageDamage to the OLED and deco, Screen Bleed,",replaced Octa Batts Kit sub screen,GH82-26238A,1,GH81-22921A,2,GH82-26236A,1,GH82-26237A,1,GH82-26283C,1,GH82-26476A,1,GH82-26477A,1,0,0,0,0,0,0,0,0,0,0,0,0,0,0,0,0
1315906,3.54484E+14,R5CW10GYBWX,Samsung,SM-S918B/DS,Light Pink,,Mobile phone,SM-S918BLIHEUB,REPAIRED,UB,Dropped phone onto salt lampCracked at two different places,Needs OLED Replacement.,GH82-30519A,1,GH81-24723A,1,GH81-24724A,1,GH82-33783A,1,0,0,0,0,0,0,0,0,0,0,0,0,0,0,0,0,0,0,0,0,0,0
1316277,3.54484E+14,RFCW1108YDH,Samsung,SM-S918B/DS,Black,,Mobile phone,SM-S918BZKHEUB,REPAIRED,UB,I dropped my phone while working as a delivery driver,"Replaced oled, frame, battery, cover, speaker",GH82-33783A,1,GH81-24724A,1,GH96-15833A,1,GH96-15662A,1,GH82-30400A,1,GH82-30459A,1,0,0,0,0,0,0,0,0,0,0,0,0,0,0,0,0,0,0
1316285,3.54322E+14,R3CT401F2YW,Samsung,SM-S908B/DS,Dark Red,,Mobile phone,SM-S908BDRGEUB,REPAIRED,IP,threw it onto the floor when I stepped out of my room.,ran IQC and passed all tests,GH82-27457B,1,0,0,0,0,0,0,0,0,0,0,0,0,0,0,0,0,0,0,0,0,0,0,0,0,0,0,0,0
1316778,3.55929E+14,RFCW80YT62M,Samsung,SM-S918B/DS,Green,,Mobile phone,SM-S918BZGDEUB,REPAIRED,UB,"Mobile phone dropped on tiled floor, resulting in impact dam","replaced screen, cover, sub, tape",GH82-33783A,1,GH81-24724A,1,GH96-15621A,1,GH82-30400C,1,0,0,0,0,0,0,0,0,0,0,0,0,0,0,0,0,0,0,0,0,0,0
1316779,3.5093E+14,R5CW70T36LY,Samsung,SM-F731B,Light Pink,256GB,Mobile phone,SM-F731BLIGEUB,REPAIRED,L2,Dropped phone while at work,"Replaced octa,bat,cover",GH82-35929A,1,GH82-31929C,1,GH82-31700A,1,GH82-31699A,1,GH82-35928A,1,GH82-31827C,1,0,0,0,0,0,0,0,0,0,0,0,0,0,0,0,0,0,0
1316781,3.55235E+14,RFCWB1JC6KY,Samsung,SM-F946B/DS,Light Blue,,Mobile phone,SM-F946BLBCEUB,REPAIRED,UB,Phone fell out of pocket on to my floor,Replacement OLED and kits,GH82-32950A,1,GH98-48409C,1,GH81-23916A,2,GH81-24686A,1,GH81-24613A,1,GH81-24926A,1,0,0,0,0,0,0,0,0,0,0,0,0,0,0,0,0,0,0
1316787,3.55359E+14,R5CX154D9CZ,Samsung,SM-S928B/DS,Titanium,,Mobile phone,SM-S928BZTPEUB,REPAIRED,UB,vertical line internally and after a few minutes my cameras,"Replaced the screen,tapes and cameras",GH82-33385A,1,GH82-33544A,1,GH96-16299A,1,GH96-15527A,1,GH96-16302A,1,GH96-16303A,1,GH96-16305A,1,0,0,0,0,0,0,0,0,0,0,0,0,0,0,0,0
1317423,3.52335E+14,RFCT712KJLV,Samsung,SM-F936B/DS,Black,,Mobile phone,SM-F936BZKBEUB,REPAIRED,L2,"when my phone slipped out of my pocket, hit the curb and a c","replaced octa ,battery ,tapes ,cover,camera",GH82-29254A,1,GH82-29461A,1,GH82-29450A,1,GH96-15300A,1,GH82-29454A,1,GH82-29456A,1,GH82-29451A,1,0,0,0,0,0,0,0,0,0,0,0,0,0,0,0,0
1317431,3.50078E+14,R5CT90RJDGD,Samsung,SM-F721B,Light Violet,128GB,Mobile phone,SM-F721BLVGEUB,REPAIRED,L2,Took it out when I sat down for dinner and screen was unresp,octa batts tape,GH82-30238B,1,GH81-24715A,1,GH82-29433A,1,GH82-29434A,1,GH82-35082A,1,0,0,0,0,0,0,0,0,0,0,0,0,0,0,0,0,0,0,0,0
1317438,3.52335E+14,RFCW11195SE,Samsung,SM-F936B/DS,Black,,Mobile phone,SM-F936BZKBEUE,REPAIRED,L2,Phone screen cracked,replaced deco/tape/screen protector/sub screen,GH81-22423A,1,GH82-29454A,1,GH96-15279A,1,GH81-24925A,1,0,0,0,0,0,0,0,0,0,0,0,0,0,0,0,0,0,0,0,0,0,0
1318363,3.54484E+14,RFCWB00KYGP,Samsung,SM-S918B/DS,Green,,Mobile phone,SM-S918BZGHEUB,REPAIRED,UB,"phone under a shower,","Replaced screen, front, battery, sub pba, front camera",GH82-33783A,1,GH81-24724A,1,GH96-15541A,1,GH81-24723A,1,GH96-15621A,1,GH82-30459A,1,GH96-15833C,1,0,0,0,0,0,0,0,0,0,0,0,0,0,0,0,0
1319413,3.55929E+14,R5CW5184VCY,Samsung,SM-S918B/DS,Light Pink,,Mobile phone,SM-S918BLIDEUB,REPAIRED,UB,"Accidentally sat on my phone, breaking the phone  sreen","replaced  oled ,tapes",GH81-24724A,1,GH82-33783A,1,GH81-24723A,1,0,0,0,0,0,0,0,0,0,0,0,0,0,0,0,0,0,0,0,0,0,0,0,0
1319418,3.5254E+14,R5CW12R3MBD,Samsung,SM-S901B/DS,Black,,Mobile phone,SM-S901BZKDEUB,REPAIRED,L2,phone turns itself off for no reasonno power at all,"replaced ,pba ,battery ,sub pba",GH82-27540A,1,GH96-14789A,1,GH82-27494A,1,0,0,0,0,0,0,0,0,0,0,0,0,0,0,0,0,0,0,0,0,0,0,0,0
1319421,3.5788E+14,RFCN80WQR9H,Samsung,SM-N981B/DS,Grey,,Mobile phone,SM-N981BZAGEUA,REPAIRED,L2,The phone only stays on when its plugged into the charger. W,octa batt usb port rear cams mainboard cover and spen,GH96-13546D,1,GH59-15316A,1,GH59-15340A,1,GH82-23494A,1,GH82-23299A,1,GH96-13599A,1,GH96-13561A,1,GH59-15304A,1,GH82-23496A,1,GH82-23495A,1,0,0,0,0,0,0,0,0,0,0
1319423,3.56817E+14,R5CW625J2DY,Samsung,SM-S911B/DS,Green,,Mobile phone,SM-S911BZGDEUB,REPAIRED,UB,the phone the fall on the road,replaced screen/frame/battery/cameras/ctc/speaker/cover,GH96-15665A,1,GH96-15557A,1,GH96-15540A,1,GH96-15556A,1,GH82-30485A,1,GH82-30484A,1,GH96-15629A,1,GH82-30393C,1,GH82-30483A,1,GH96-15624C,1,GH82-30551A,1,GH82-31245A,1,0,0,0,0,0,0
1319592,3.53249E+14,RFCR90332XR,Samsung,SM-F926B/DS,Green,,Mobile phone,SM-F926BZGDEUA,REPAIRED,L2,front screen cracked and chipped on top and both screens sto,"replaced  OCTA, Batteries, Sub Screen, Sub PBA and tapes",GH82-26476A,1,GH82-26477A,1,GH82-26237A,1,GH82-26236A,1,GH82-26283B,1,GH96-14519A,1,GH82-26238A,1,0,0,0,0,0,0,0,0,0,0,0,0,0,0,0,0
1320730,3.54517E+14,RFCX8050VWN,Samsung,SM-S921B/DS,Violet,,Mobile phone,SM-S921BZVDEUB,REPAIRED,UB,I was just out for a run the phone fell from my pocket a goo,"replaced the screen,frame,battery,cover",GH82-33295A,1,GH82-33286A,1,GH96-15528A,1,GH82-33101C,1,GH82-33290A,1,GH82-33418C,1,0,0,0,0,0,0,0,0,0,0,0,0,0,0,0,0,0,0
1320734,3.51337E+14,R5CX92RLLXL,Samsung,SM-F741B,Yellow,512GB,Mobile phone,SM-F741BZYHEUB,REPAIRED,L2,y screen is very scratched and I dropped it on the floor,"replaced the screen,frame,batteries and tapes",GH82-35014B,1,GH82-35024A,1,GH82-35023A,1,GH82-35143A,1,GH82-35141A,1,0,0,0,0,0,0,0,0,0,0,0,0,0,0,0,0,0,0,0,0
1320736,3.50526E+14,R5CT810WG7E,Samsung,SM-F721B,Gold,256GB,Mobile phone,SM-F721BZDHEUB,REPAIRED,L2,There is a white spot appeared on the screen on the phone,"Replaced OCTA, Batteries and tapes",GH81-22424A,2,GH82-35082A,1,GH82-35083A,1,GH82-29434A,1,GH82-30238C,1,GH82-29433A,1,0,0,0,0,0,0,0,0,0,0,0,0,0,0,0,0,0,0
1321372,3.50197E+14,RFCWB03MK1Z,Samsung,SM-S918B/DS,Black,,Mobile phone,SM-S918BZKDEUB,REPAIRED,UB,something pressed into the screen and cracked it,screen frame batt cover and usb port,GH82-30459A,1,GH81-24724A,1,GH96-15621A,1,GH82-30400A,1,GH96-15833A,1,GH82-33783A,1,0,0,0,0,0,0,0,0,0,0,0,0,0,0,0,0,0,0
1321373,3.5308E+14,R5CW71TM1YH,Samsung,SM-S918B/DS,Black,,Mobile phone,SM-S918BZKDEUB,REPAIRED,UB,Dropped phone out of pocket,"replaced screen .battery,cover,camera",GH96-15833A,1,GH82-30459A,1,GH82-30400A,1,GH96-15592A,1,GH82-33783A,1,GH81-24724A,1,0,0,0,0,0,0,0,0,0,0,0,0,0,0,0,0,0,0
1321377,3.54322E+14,R3CT401F2YW,Samsung,SM-S908B/DS,Dark Red,,Mobile phone,SM-S908BDRGEUB,REPAIRED,L2,REPEAT REPAIR - issues when making and received calls,replaced FRC connector,GH82-27490A,1,GH82-29193A,1,0,0,0,0,0,0,0,0,0,0,0,0,0,0,0,0,0,0,0,0,0,0,0,0,0,0
1321387,3.55359E+14,R5CX154D9CZ,Samsung,SM-S928B/DS,Titanium,,Mobile phone,SM-S928BZTPEUB,REPAIRED,L1,REPEAT REPAIR - Back of phone has not been glued down correc,replaced tape,GH82-33392A,1,0,0,0,0,0,0,0,0,0,0,0,0,0,0,0,0,0,0,0,0,0,0,0,0,0,0,0,0
1321758,3.51273E+14,R5CXA4ENFGX,Samsung,SM-S721B/DS,Black,,Mobile phone,SM-S721BZKDEUB,REPAIRED,UB,screen has been slightly cracked,screen frame batt and cover,GH82-35850A,1,GH82-35851A,1,GH82-35853A,1,GH82-35930A,1,GH82-35832A,1,0,0,0,0,0,0,0,0,0,0,0,0,0,0,0,0,0,0,0,0
1307961,3.5093E+14,,Samsung,SM-F731B,Grey,,Mobile phone,SM-F731BZAGEUB,REPAIRED,L2,new internal screen,"replaced screen, batts, tapes",GH82-31827A,1,GH82-31699A,1,GH82-31700A,1,GH82-35929A,1,GH82-35928A,1,0,0,0,0,0,0,0,0,0,0,0,0,0,0,0,0,0,0,0,0
1308678,3.50197E+14,RFCWA0BQ2ED,Samsung,SM-S918B/DS,Green,,Mobile phone,SM-S918BZGDEUB,REPAIRED,UB,NEW SCREEN (GREEN),full rebuilt,GH96-15621A,1,GH82-30522A,1,GH96-15527A,1,GH96-15525A,1,GH96-15628A,1,GH96-15592A,1,GH96-15541A,1,GH81-24723A,1,GH81-24724A,1,GH82-30400C,1,GH82-30459A,1,GH96-15833C,1,GH82-33783A,1,0,0,0,0
1315319,3.50966E+14,RFCY90F7LAB,Samsung,SM-F966B/DS,Black,,Mobile phone,SM-F966BZKBEUB,REPAIRED,L1,OOW SP replacement only,SP replacement,GH81-27757A,1,0,0,0,0,0,0,0,0,0,0,0,0,0,0,0,0,0,0,0,0,0,0,0,0,0,0,0,0
1315320,3.54589E+14,R5GYA0WDRVD,Samsung,SM-S731B/DS,Dark Blue,,Mobile phone,SM-S731BDBGEUB,REPAIRED,L2,Not transferring data,replaced main board and usb port,GH59-15936A,1,GH96-20363A,1,GH82-38452A,1,0,0,0,0,0,0,0,0,0,0,0,0,0,0,0,0,0,0,0,0,0,0,0,0
1315321,3.51496E+14,R5CY70MSK5Z,Samsung,SM-F761B,Black,128GB,Mobile phone,SM-F761BZKGEUB,REPAIRED,L1,OOW SP replacement only,replaced screen protector,GH81-27995A,2,GH82-35145A,1,0,0,0,0,0,0,0,0,0,0,0,0,0,0,0,0,0,0,0,0,0,0,0,0,0,0
1315322,3.50798E+14,R5CY720AKRN,Samsung,SM-F766B,Black,256GB,Mobile phone,SM-F766BZKGEUB,REPAIRED,L1,OOW SP replacement only,SP only,GH81-27575A,1,0,0,0,0,0,0,0,0,0,0,0,0,0,0,0,0,0,0,0,0,0,0,0,0,0,0,0,0
1315323,3.51496E+14,R5CY81NBACX,Samsung,SM-F761B,White,128GB,Mobile phone,SM-F761BZWGEUB,REPAIRED,L1,OOW SP replacement only,replaced sp,GH81-27995A,1,0,0,0,0,0,0,0,0,0,0,0,0,0,0,0,0,0,0,0,0,0,0,0,0,0,0,0,0
1315324,3.51558E+14,RFCY80NFL6T,Samsung,SM-A366B/DS,Light Violet,,Mobile phone,SM-A366BLVGEUB,REPAIRED,SU,NON A GRADE - Turning on and off itself,Software correction,0,0,0,0,0,0,0,0,0,0,0,0,0,0,0,0,0,0,0,0,0,0,0,0,0,0,0,0,0,0
1315327,3.51448E+14,RZCY50VYR1X,Samsung,SM-A566B/DS,Black,,Mobile phone,SM-A566BZKCEUB,REPAIRED,L2,Battery is draining quickly (20% in 1 hour),replaced batt,GH81-27023A,1,GH82-36831A,1,0,0,0,0,0,0,0,0,0,0,0,0,0,0,0,0,0,0,0,0,0,0,0,0,0,0
1315328,3.50043E+14,R5CY832BJCY,Samsung,SM-A176B/DS,Black,,Mobile phone,SM-A176BZKAEUB,REPAIRED,L2,Charging intermittently,"USB board, tapes.",GH81-27932A,1,GH96-20346A,1,0,0,0,0,0,0,0,0,0,0,0,0,0,0,0,0,0,0,0,0,0,0,0,0,0,0
1265565,3.51479E+14,R5CY42BBS0F,Samsung,SM-S937B/DS,Silver,256GB,Mobile phone,SM-S937BZSDEUB,REPAIRED,L2,"&quot;Unable to process,unable to remove second password,una",Replaced front camera and back cover,GH82-37202A,1,GH82-37312A,1,GH96-19403A,1,0,0,0,0,0,0,0,0,0,0,0,0,0,0,0,0,0,0,0,0,0,0,0,0
1272389,3.51451E+14,RFCX60RCQ9Z,Samsung,SM-F956B/DS,Silver,256GB,Mobile phone,SM-F956BZSBEUB,REPAIRED,UB,&quot;Excessive wear&quot;,Replaced screen,GH82-35137A,1,GH82-35139A,1,GH82-35138A,1,GH81-26062A,1,GH82-35046A,1,0,0,0,0,0,0,0,0,0,0,0,0,0,0,0,0,0,0,0,0
1280525,3.52433E+14,RZCX71YQ6FN,Samsung,SM-S921B/DS,Black,128GB,Mobile phone,SM-S921BZKDEUB,REPAIRED,L2,"Cracked rear camera,Lifting back cover&quot;","OOW-rear camera, back cover",GH96-15557A,1,GH82-33101A,1,0,0,0,0,0,0,0,0,0,0,0,0,0,0,0,0,0,0,0,0,0,0,0,0,0,0
1280917,3.5093E+14,R5CW71H4RAZ,Samsung,SM-F731B,Light Green,256GB,Mobile phone,SM-F731BLGGEUB,REPAIRED,UB,"&quot;Damaged Front Frame,Missing screen protector&quot;","OOW-frame, batteries, front deco, tapes",GH82-35929A,1,GH82-34625A,1,GH81-26529A,1,GH81-23854A,1,GH82-31700A,1,GH82-33133D,1,GH82-31699A,1,0,0,0,0,0,0,0,0,0,0,0,0,0,0,0,0
1281534,3.55929E+14,RFCW10KM23R,Samsung,SM-S918B/DS,Black,256GB,Mobile phone,SM-S918BZKDEUB,REPAIRED,UB,Broken screen,Full Cosmetic Rebuild,GH82-30459A,1,GH82-30400A,1,GH81-24724A,2,GH82-33783A,1,GH98-48039A,1,GH96-15833A,1,GH96-15658A,1,0,0,0,0,0,0,0,0,0,0,0,0,0,0,0,0
1283727,3.52737E+14,R5CWC29GZTP,Samsung,SM-S926B/DS,Violet,512GB,Mobile phone,SM-S926BZVGEUB,REPAIRED,L2,Replacement Sub PBA,Replacement Sub PBA,GH96-16542A,1,0,0,0,0,0,0,0,0,0,0,0,0,0,0,0,0,0,0,0,0,0,0,0,0,0,0,0,0
1284074,3.51451E+14,RFCX613MHVZ,Samsung,SM-F956B/DS,Silver,256GB,Mobile phone,SM-F956BZSBEUB,REPAIRED,UB,damaged mainscreen,Replaced main screen and sub screen,GH82-35047A,1,GH82-35046A,1,GH82-35137A,1,GH82-35139A,1,GH82-35138A,1,GH81-26062A,2,0,0,0,0,0,0,0,0,0,0,0,0,0,0,0,0,0,0
1284078,3.51451E+14,RFCX613MXKY,Samsung,SM-F956B/DS,Silver,256GB,Mobile phone,SM-F956BZSBEUB,REPAIRED,UB,Broken screen,screen replaced,GH82-35046A,1,GH82-35137A,1,GH82-35139A,1,GH82-35138A,1,GH81-26062A,1,0,0,0,0,0,0,0,0,0,0,0,0,0,0,0,0,0,0,0,0
1286744,3.54455E+14,R5CWC36E4TK,Samsung,SM-A256B/DSN,Black,128GB,Mobile phone,SM-A256BZKDEUB,REPAIRED,L2,"&quot;Camera front,Dark shadows&quot;",front cam,GH81-24067A,1,GH96-15957B,1,0,0,0,0,0,0,0,0,0,0,0,0,0,0,0,0,0,0,0,0,0,0,0,0,0,0
1286747,3.54455E+14,R5CWC312GHB,Samsung,SM-A256B/DSN,Black,128GB,Mobile phone,SM-A256BZKDEUB,REPAIRED,L2,"Camera front,Dark shadows&quot;",Replaced front camera,GH81-24067A,1,GH96-15957B,1,0,0,0,0,0,0,0,0,0,0,0,0,0,0,0,0,0,0,0,0,0,0,0,0,0,0
1286748,3.54455E+14,R5CWC36TJ7D,Samsung,SM-A256B/DSN,Black,128GB,Mobile phone,SM-A256BZKDEUB,REPAIRED,L2,"&quot;Camera front,Dark shadows&quot;",replaced†front†camera/tape,GH81-24067A,1,GH96-15957B,1,0,0,0,0,0,0,0,0,0,0,0,0,0,0,0,0,0,0,0,0,0,0,0,0,0,0
1286763,3.51451E+14,RFCX60RCLED,Samsung,SM-F956B/DS,Silver,256GB,Mobile phone,SM-F956BZSBEUB,REPAIRED,UB,&quot;Inner front camera fail&quot;,Replaced screen,GH82-35046A,1,GH96-16975A,1,GH82-35139A,1,GH82-35138A,1,GH81-26062A,1,GH82-35137A,1,0,0,0,0,0,0,0,0,0,0,0,0,0,0,0,0,0,0
1286831,3.54455E+14,R5CWC36FC8M,Samsung,SM-A256B/DSN,Black,128GB,Mobile phone,SM-A256BZKDEUB,REPAIRED,L2,"&quot;Cracked Display,Power up/charging fail&quot;","Replaced screen, battery, sub, ctc, front camera",GH82-33215A,1,GH96-16227A,1,GH82-33218A,1,GH82-33217A,1,GH96-15957B,1,0,0,0,0,0,0,0,0,0,0,0,0,0,0,0,0,0,0,0,0
1286859,3.54455E+14,R5CWC36VXKB,Samsung,SM-A256B/DSN,Black,128GB,Mobile phone,SM-A256BZKDEUB,REPAIRED,L2,"&quot;Camera front,Dark shadows&quot;",replaced front camera/tape,GH81-24067A,1,GH96-15957B,1,0,0,0,0,0,0,0,0,0,0,0,0,0,0,0,0,0,0,0,0,0,0,0,0,0,0
1286860,3.54455E+14,R5CWC36V9AH,Samsung,SM-A256B/DSN,Black,128GB,Mobile phone,SM-A256BZKDEUB,REPAIRED,L2,"&quot;Camera front,Dark shadows&quot;",Replaced front camera,GH81-24067A,1,GH96-15957B,1,0,0,0,0,0,0,0,0,0,0,0,0,0,0,0,0,0,0,0,0,0,0,0,0,0,0
1286870,3.54455E+14,R5CWC2ZET9Y,Samsung,SM-A256B/DSN,Black,128GB,Mobile phone,SM-A256BZKDEUB,REPAIRED,L2,"&quot;Camera front,Dark shadows&quot;",F cam,GH96-15957B,1,GH81-24067A,1,0,0,0,0,0,0,0,0,0,0,0,0,0,0,0,0,0,0,0,0,0,0,0,0,0,0
1286883,3.54455E+14,R5CWC36VVTK,Samsung,SM-A256B/DSN,Black,128GB,Mobile phone,SM-A256BZKDEUB,REPAIRED,L2,"&quot;Camera front,Dark shadows&quot;",replaced front camera/tape,GH96-15957B,1,GH81-24067A,1,0,0,0,0,0,0,0,0,0,0,0,0,0,0,0,0,0,0,0,0,0,0,0,0,0,0
1286885,3.54455E+14,R5CWC36VX3X,Samsung,SM-A256B/DSN,Black,128GB,Mobile phone,SM-A256BZKDEUB,REPAIRED,L2,"&quot;Camera front,Cracked rear camera,Dark shadows&quot;",replaced front camera/tape/deco,GH98-48658A,1,GH96-15957B,1,GH81-24067A,1,0,0,0,0,0,0,0,0,0,0,0,0,0,0,0,0,0,0,0,0,0,0,0,0
1286887,3.54455E+14,R5CWC36EFXX,Samsung,SM-A256B/DSN,Black,128GB,Mobile phone,SM-A256BZKDEUB,REPAIRED,L2,"&quot;Camera front,Dark shadows&quot;",replaced the front cam,GH96-15957B,1,GH81-24067A,1,0,0,0,0,0,0,0,0,0,0,0,0,0,0,0,0,0,0,0,0,0,0,0,0,0,0
1286889,3.54455E+14,R5CWC36V7ZM,Samsung,SM-A256B/DSN,Black,128GB,Mobile phone,SM-A256BZKDEUB,REPAIRED,L2,"&quot;Camera front,Dark shadows&quot;",replaced front cam and tape,GH81-24067A,1,GH96-15957B,1,0,0,0,0,0,0,0,0,0,0,0,0,0,0,0,0,0,0,0,0,0,0,0,0,0,0
1286892,3.54455E+14,R5CWC36VAKX,Samsung,SM-A256B/DSN,Black,128GB,Mobile phone,SM-A256BZKDEUB,REPAIRED,L2,"&quot;Camera front,Dark shadows&quot;",Replaced f cam,GH81-24067A,1,GH96-15957B,1,GH82-33053A,1,0,0,0,0,0,0,0,0,0,0,0,0,0,0,0,0,0,0,0,0,0,0,0,0
1286898,3.54455E+14,R5CWC311FAA,Samsung,SM-A256B/DSN,Black,128GB,Mobile phone,SM-A256BZKDEUB,REPAIRED,L2,"&quot;Camera front,Dark shadows&quot;",replaced front camera/tape,GH81-24067A,1,GH96-15957B,1,0,0,0,0,0,0,0,0,0,0,0,0,0,0,0,0,0,0,0,0,0,0,0,0,0,0
1286902,3.54455E+14,R5CWC36VAHW,Samsung,SM-A256B/DSN,Black,128GB,Mobile phone,SM-A256BZKDEUB,REPAIRED,L2,"&quot;Camera front,Dark shadows&quot;",replaced front cam and tape,GH96-15957B,1,GH81-24067A,1,0,0,0,0,0,0,0,0,0,0,0,0,0,0,0,0,0,0,0,0,0,0,0,0,0,0
1286903,3.54455E+14,R5CWC36FCYL,Samsung,SM-A256B/DSN,Black,128GB,Mobile phone,SM-A256BZKDEUB,REPAIRED,L2,"&quot;Camera front,Dark shadows&quot;",Replaced f cam,GH96-15957B,1,GH81-24067A,1,0,0,0,0,0,0,0,0,0,0,0,0,0,0,0,0,0,0,0,0,0,0,0,0,0,0
1286905,3.54455E+14,R5CWC36TKTM,Samsung,SM-A256B/DSN,Black,128GB,Mobile phone,SM-A256BZKDEUB,REPAIRED,L2,"&quot;Camera front,Dark shadows&quot;",tmt refurb,GH81-24067A,1,GH96-15957B,1,0,0,0,0,0,0,0,0,0,0,0,0,0,0,0,0,0,0,0,0,0,0,0,0,0,0
1286911,3.54455E+14,R5CWC36E5PF,Samsung,SM-A256B/DSN,Black,128GB,Mobile phone,SM-A256BZKDEUB,REPAIRED,L2,"Camera front,Dark shadows&quot;",Replaced f cam,GH81-24067A,1,GH96-15957B,1,0,0,0,0,0,0,0,0,0,0,0,0,0,0,0,0,0,0,0,0,0,0,0,0,0,0
1286912,3.54455E+14,R5CWC35MC9J,Samsung,SM-A256B/DSN,Black,128GB,Mobile phone,SM-A256BZKDEUB,REPAIRED,L2,"&quot;Camera front,Dark shadows&quot;","&quot;Camera front,Dark shadows",GH96-15957B,1,GH81-24067A,1,0,0,0,0,0,0,0,0,0,0,0,0,0,0,0,0,0,0,0,0,0,0,0,0,0,0
1286914,3.54455E+14,R5CWC36VTTN,Samsung,SM-A256B/DSN,Black,128GB,Mobile phone,SM-A256BZKDEUB,REPAIRED,L2,"Camera front,Dark shadows&quot;",Replaced f cam,GH81-24067A,1,GH96-15957C,1,0,0,0,0,0,0,0,0,0,0,0,0,0,0,0,0,0,0,0,0,0,0,0,0,0,0
1286916,3.54455E+14,R5CWC36EQEN,Samsung,SM-A256B/DSN,Black,128GB,Mobile phone,SM-A256BZKDEUB,REPAIRED,L2,"&quot;Camera front,Dark shadows&quot;",Replaced front camera,GH81-24067A,1,GH96-15957B,1,0,0,0,0,0,0,0,0,0,0,0,0,0,0,0,0,0,0,0,0,0,0,0,0,0,0
1286917,3.54455E+14,R5CWC2ZEZ5Y,Samsung,SM-A256B/DSN,Black,128GB,Mobile phone,SM-A256BZKDEUB,REPAIRED,L2,"Camera front,Dark shadows&quot;",Replaced f cam,GH81-24067A,1,GH96-15957B,1,GH82-33053A,1,0,0,0,0,0,0,0,0,0,0,0,0,0,0,0,0,0,0,0,0,0,0,0,0
1286919,3.54455E+14,R5CWC3AWG5P,Samsung,SM-A256B/DSN,Black,128GB,Mobile phone,SM-A256BZKDEUB,REPAIRED,L2,"Camera front,Dark shadows&quot;",Replaced front camera &amp; back cover,GH82-33053A,1,GH81-24067A,1,GH96-15957B,1,0,0,0,0,0,0,0,0,0,0,0,0,0,0,0,0,0,0,0,0,0,0,0,0
1286920,3.54455E+14,R5CWC36VTYR,Samsung,SM-A256B/DSN,Black,128GB,Mobile phone,SM-A256BZKDEUB,REPAIRED,L2,"&quot;Camera front,Dark shadows&quot;&quot;SIM tray stuck&qu",replaced†front†camera/tape/cover/sim tray,GH81-24067A,1,GH96-15957B,1,GH82-33053A,1,GH98-48655A,1,0,0,0,0,0,0,0,0,0,0,0,0,0,0,0,0,0,0,0,0,0,0
1286921,3.54455E+14,R5CWC36EKZE,Samsung,SM-A256B/DSN,Black,128GB,Mobile phone,SM-A256BZKDEUB,REPAIRED,L2,"&quot;Camera front,Dark shadows&quot;",replaced front cam and tapes,GH96-15957B,1,GH81-24067A,1,0,0,0,0,0,0,0,0,0,0,0,0,0,0,0,0,0,0,0,0,0,0,0,0,0,0
1286923,3.54455E+14,R5CWC311F5P,Samsung,SM-A256B/DSN,Black,128GB,Mobile phone,SM-A256BZKDEUB,REPAIRED,L2,"&quot;Camera front,Dark shadows&quot;",Replaced front camera,GH81-24067A,1,GH96-15957B,1,0,0,0,0,0,0,0,0,0,0,0,0,0,0,0,0,0,0,0,0,0,0,0,0,0,0
1286928,3.54455E+14,R5CWC36F38K,Samsung,SM-A256B/DSN,Black,128GB,Mobile phone,SM-A256BZKDEUB,REPAIRED,L2,"Camera front,Dark shadows&quot;",Replaced f cam,GH81-24067A,1,GH96-15957B,1,GH82-33053A,1,0,0,0,0,0,0,0,0,0,0,0,0,0,0,0,0,0,0,0,0,0,0,0,0
1286970,3.54455E+14,R5CWC36EKBL,Samsung,SM-A256B/DSN,Black,128GB,Mobile phone,SM-A256BZKDEUB,REPAIRED,L2,"&quot;Camera front,Dark shadows&quot;",tmt refurb,GH96-15957B,1,GH81-24067A,1,0,0,0,0,0,0,0,0,0,0,0,0,0,0,0,0,0,0,0,0,0,0,0,0,0,0
1286997,3.54455E+14,R5CWC3136XR,Samsung,SM-A256B/DSN,Black,128GB,Mobile phone,SM-A256BZKDEUB,REPAIRED,L2,"&quot;Camera front,Dark shadows&quot;",Replaced front camera and tapes,GH81-24067A,1,GH96-15957B,1,0,0,0,0,0,0,0,0,0,0,0,0,0,0,0,0,0,0,0,0,0,0,0,0,0,0
1287006,3.54455E+14,R5CWC312GTL,Samsung,SM-A256B/DSN,Black,128GB,Mobile phone,SM-A256BZKDEUB,REPAIRED,L2,"&quot;Camera front,Dark shadows&quot;",Replaced f cam,GH96-15957B,1,GH81-24067A,1,0,0,0,0,0,0,0,0,0,0,0,0,0,0,0,0,0,0,0,0,0,0,0,0,0,0
1287010,3.54455E+14,R5CWC36EJRD,Samsung,SM-A256B/DSN,Black,128GB,Mobile phone,SM-A256BZKDEUB,REPAIRED,L2,"&quot;Camera front,Dark shadows&quot;",replaced front cam,GH81-24067A,1,GH96-15957B,1,0,0,0,0,0,0,0,0,0,0,0,0,0,0,0,0,0,0,0,0,0,0,0,0,0,0
1287015,3.54455E+14,R5CWC36VWSL,Samsung,SM-A256B/DSN,Black,128GB,Mobile phone,SM-A256BZKDEUB,REPAIRED,L2,"&quot;Camera front,Dark shadows&quot;",replaced front cam and tape,GH81-24067A,1,GH96-15957B,1,0,0,0,0,0,0,0,0,0,0,0,0,0,0,0,0,0,0,0,0,0,0,0,0,0,0
1287017,3.54455E+14,R5CWC3KG7NE,Samsung,SM-A256B/DSN,Black,128GB,Mobile phone,SM-A256BZKDEUB,REPAIRED,L2,"&quot;Camera front,Dark shadows&quot;",Replaced f cam,GH96-15957B,1,GH81-24067A,1,0,0,0,0,0,0,0,0,0,0,0,0,0,0,0,0,0,0,0,0,0,0,0,0,0,0
1287018,3.54455E+14,R5CWC36EJ9J,Samsung,SM-A256B/DSN,Black,128GB,Mobile phone,SM-A256BZKDEUB,REPAIRED,L2,"&quot;Camera front,Dark shadows&quot;",front cam,GH81-24067A,1,GH96-15957B,1,0,0,0,0,0,0,0,0,0,0,0,0,0,0,0,0,0,0,0,0,0,0,0,0,0,0
1287019,3.54455E+14,R5CWC312GSZ,Samsung,SM-A256B/DSN,Black,128GB,Mobile phone,SM-A256BZKDEUB,REPAIRED,L2,"&quot;Camera front,Dark shadows&quot;",replaced front cam,GH96-15957B,1,GH81-24067A,1,0,0,0,0,0,0,0,0,0,0,0,0,0,0,0,0,0,0,0,0,0,0,0,0,0,0
1287020,3.54455E+14,R5CWC36TNDR,Samsung,SM-A256B/DSN,Black,128GB,Mobile phone,SM-A256BZKDEUB,REPAIRED,L2,"&quot;Camera front,Dark shadows&quot;","&quot;Camera front,Dark shadows",GH81-24067A,1,GH96-15957B,1,0,0,0,0,0,0,0,0,0,0,0,0,0,0,0,0,0,0,0,0,0,0,0,0,0,0
1287025,3.54455E+14,R5CWC3KG86E,Samsung,SM-A256B/DSN,Black,128GB,Mobile phone,SM-A256BZKDEUB,REPAIRED,L2,"&quot;Camera front,Dark shadows&quot;",replaced front cam and tapes,GH96-15957B,1,GH81-24067A,1,0,0,0,0,0,0,0,0,0,0,0,0,0,0,0,0,0,0,0,0,0,0,0,0,0,0
1287026,3.54455E+14,R5CWC311FFY,Samsung,SM-A256B/DSN,Black,128GB,Mobile phone,SM-A256BZKDEUB,REPAIRED,L2,"&quot;Camera front,Dark shadows&quot;",replaced front cam and tape,GH81-24067A,1,GH96-15957B,1,0,0,0,0,0,0,0,0,0,0,0,0,0,0,0,0,0,0,0,0,0,0,0,0,0,0
1287027,3.54455E+14,R5CWC2ZF1KP,Samsung,SM-A256B/DSN,Black,128GB,Mobile phone,SM-A256BZKDEUB,REPAIRED,L2,"&quot;Camera front,Dark shadows&quot;",Replaced front camera and tapes,GH96-15957B,1,GH81-24067A,1,0,0,0,0,0,0,0,0,0,0,0,0,0,0,0,0,0,0,0,0,0,0,0,0,0,0
1287028,3.54455E+14,R5CWC36VA9E,Samsung,SM-A256B/DSN,Black,128GB,Mobile phone,SM-A256BZKDEUB,REPAIRED,L2,"&quot;Camera front,Dark shadows&quot;","&quot;Camera front,Dark shadows",GH96-15957B,1,GH81-24067A,1,0,0,0,0,0,0,0,0,0,0,0,0,0,0,0,0,0,0,0,0,0,0,0,0,0,0
1287030,3.54455E+14,R5CWC36FCFP,Samsung,SM-A256B/DSN,Black,128GB,Mobile phone,SM-A256BZKDEUB,REPAIRED,L2,"&quot;Camera front,Dark shadows&quot;",Replaced F cam,GH96-15957B,1,GH81-24067A,1,0,0,0,0,0,0,0,0,0,0,0,0,0,0,0,0,0,0,0,0,0,0,0,0,0,0
1287031,3.54455E+14,R5CWC36FCCL,Samsung,SM-A256B/DSN,Black,128GB,Mobile phone,SM-A256BZKDEUB,REPAIRED,L2,"Camera front,Dark shadows&quot;",Replaced†front†camera,GH96-15957B,1,GH81-24067A,1,0,0,0,0,0,0,0,0,0,0,0,0,0,0,0,0,0,0,0,0,0,0,0,0,0,0
1287035,3.54455E+14,R5CWC36WALW,Samsung,SM-A256B/DSN,Black,128GB,Mobile phone,SM-A256BZKDEUB,REPAIRED,L2,"&quot;Camera front,Dark shadows&quot;","&quot;Camera front,Dark shadows",GH81-24067A,1,GH96-15957B,1,0,0,0,0,0,0,0,0,0,0,0,0,0,0,0,0,0,0,0,0,0,0,0,0,0,0
1287036,3.54455E+14,R5CWC35MCDV,Samsung,SM-A256B/DSN,Black,128GB,Mobile phone,SM-A256BZKDEUB,REPAIRED,L2,"&quot;Camera front,Dark shadows&quot;",replaced front cam and tape,GH96-15957B,1,GH81-24067A,1,0,0,0,0,0,0,0,0,0,0,0,0,0,0,0,0,0,0,0,0,0,0,0,0,0,0
1287039,3.54455E+14,R5CWC3KG8AH,Samsung,SM-A256B/DSN,Black,128GB,Mobile phone,SM-A256BZKDEUB,REPAIRED,L2,"&quot;Camera front,Dark shadows&quot;",Replaced f cam,GH96-15957B,1,GH81-24067A,1,0,0,0,0,0,0,0,0,0,0,0,0,0,0,0,0,0,0,0,0,0,0,0,0,0,0
1287040,3.54455E+14,R5CWC36TK3W,Samsung,SM-A256B/DSN,Black,128GB,Mobile phone,SM-A256BZKDEUB,REPAIRED,L2,"&quot;Camera front,Dark shadows&quot;",tmt refurb,GH81-24067A,1,GH96-15957B,1,0,0,0,0,0,0,0,0,0,0,0,0,0,0,0,0,0,0,0,0,0,0,0,0,0,0
1287044,3.54455E+14,R5CWC36VTZX,Samsung,SM-A256B/DSN,Black,128GB,Mobile phone,SM-A256BZKDEUB,REPAIRED,L2,"&quot;Camera front,Dark shadows&quot;",replaced front cam and tape,GH96-15957B,1,GH81-24067A,1,0,0,0,0,0,0,0,0,0,0,0,0,0,0,0,0,0,0,0,0,0,0,0,0,0,0
1287063,3.55622E+14,R5CWC3QMCYK,Samsung,SM-S926B/DS,Violet,256GB,Mobile phone,SM-S926BZVDEUB,REPAIRED,UB,.,Refurb,GH82-33332A,1,GH82-33522A,1,GH82-33413C,1,GH82-33334A,1,GH96-16298A,1,0,0,0,0,0,0,0,0,0,0,0,0,0,0,0,0,0,0,0,0
1287471,3.52737E+14,R5CWC2MRNTA,Samsung,SM-S926B/DS,Black,512GB,Mobile phone,SM-S926BZKGEUB,REPAIRED,L2,Replacement Sub PBA and flash,Replacement Sub PBA and flash,GH96-16542A,1,GH82-33275A,1,0,0,0,0,0,0,0,0,0,0,0,0,0,0,0,0,0,0,0,0,0,0,0,0,0,0
1287481,3.51885E+14,R5CWC0YV2PX,Samsung,SM-S928B/DS,Titanium,256GB,Mobile phone,SM-S928BZTGEUB,REPAIRED,UB,Screen burn,Screen burn,GH82-33544A,1,GH82-33385A,1,0,0,0,0,0,0,0,0,0,0,0,0,0,0,0,0,0,0,0,0,0,0,0,0,0,0
1289716,3.51451E+14,RFCX612ZS8A,Samsung,SM-F956B/DS,Silver,256GB,Mobile phone,SM-F956BZSBEUB,REPAIRED,L2,&quot;Inner front camera fail&quot; / screen,Replaced f cam,GH96-16975A,1,GH82-35137A,1,GH82-35139A,1,0,0,0,0,0,0,0,0,0,0,0,0,0,0,0,0,0,0,0,0,0,0,0,0
1289773,3.5033E+14,R5CT13B4ZKM,Samsung,SM-S901B/DS,Black,128GB,Mobile phone,SM-S901BZKDEUB,REPAIRED,L2,"&quot;Camera front,Dark shadows&quot;",tmt refurb,GH96-14778A,1,0,0,0,0,0,0,0,0,0,0,0,0,0,0,0,0,0,0,0,0,0,0,0,0,0,0,0,0
1290091,3.51451E+14,RFCX61309DF,Samsung,SM-F956B/DS,Silver,256GB,Mobile phone,SM-F956BZSBEUB,REPAIRED,L2,Inner front camera fail,Replaced: Front camera,GH96-16975A,1,GH81-26062A,2,0,0,0,0,0,0,0,0,0,0,0,0,0,0,0,0,0,0,0,0,0,0,0,0,0,0
1290102,3.50078E+14,R5CT71HP4EY,Samsung,SM-F721B,Light Violet,128GB,Mobile phone,SM-F721BLVGEUB,REPAIRED,UB,"&quot;Damaged Front Frame,Damaged screen protector","OOW-screen, front deco, screen protector",GH96-15162B,1,GH81-22424A,1,0,0,0,0,0,0,0,0,0,0,0,0,0,0,0,0,0,0,0,0,0,0,0,0,0,0
1290489,3.51451E+14,RFCX6130FNE,Samsung,SM-F956B/DS,Silver,256GB,Mobile phone,SM-F956BZSBEUB,REPAIRED,UB,"Damaged screen protector,Damaged Front Frame,Flickering scre",Replaced screen,GH82-35139A,1,GH82-35138A,1,GH82-35137A,1,GH82-35046A,1,GH81-26062A,2,0,0,0,0,0,0,0,0,0,0,0,0,0,0,0,0,0,0,0,0
1290594,3.51451E+14,RFCX612ZVQY,Samsung,SM-F956B/DS,Silver,256GB,Mobile phone,SM-F956BZSBEUB,REPAIRED,L2,"Camera fault, Inner front camera fail",Replaced f cam,GH82-35139A,1,GH96-16975A,1,0,0,0,0,0,0,0,0,0,0,0,0,0,0,0,0,0,0,0,0,0,0,0,0,0,0
1292158,3.5093E+14,R5CW90AGCYE,Samsung,SM-F731B,Light Green,256GB,Mobile phone,SM-F731BLGGEUB,REPAIRED,L2,"&quot;Bleed on display&quot; ,&quot;Unable to process&quot;","damage screen , frame does not open fully , replaced screen ,battery ,",GH81-26529A,1,GH82-31700A,1,GH82-35929A,1,GH82-31828D,1,GH82-31699A,1,0,0,0,0,0,0,0,0,0,0,0,0,0,0,0,0,0,0,0,0
1292160,3.50364E+14,R3CX80NN1FW,Samsung,SM-S928B/DS,Violet,256GB,Mobile phone,SM-S928BZVGEUB,REPAIRED,UB,"&quot;Damaged LCD,Delaminated Screen&quot;",replaced the screen and tapes,GH82-33544A,1,GH96-16299A,1,GH82-33385A,1,0,0,0,0,0,0,0,0,0,0,0,0,0,0,0,0,0,0,0,0,0,0,0,0
1296344,3.51234E+14,RZCX22742TJ,Samsung,SM-A556B/DS,Light Blue,128GB,Mobile phone,SM-A556BLBAEUB,REPAIRED,UB,Replacement OLED,Replacement OLED,GH82-34540A,1,GH82-34308A,1,0,0,0,0,0,0,0,0,0,0,0,0,0,0,0,0,0,0,0,0,0,0,0,0,0,0
1296713,3.55089E+14,RFCX21A9EXH,Samsung,SM-A356B/DS,Light Blue,128GB,Mobile phone,SM-A356BLBBEUB,REPAIRED,L2,"Camera front,Dark shadows",Replaced  f cam,GH96-16674A,1,GH02-25711A,1,0,0,0,0,0,0,0,0,0,0,0,0,0,0,0,0,0,0,0,0,0,0,0,0,0,0
1296737,3.55089E+14,RFCX21AB1MW,Samsung,SM-A356B/DS,Light Blue,128GB,Mobile phone,SM-A356BLBBEUB,REPAIRED,L2,"Camera front,Dark shadows",Replaced front camera,GH02-25711A,1,GH96-16674A,1,0,0,0,0,0,0,0,0,0,0,0,0,0,0,0,0,0,0,0,0,0,0,0,0,0,0
1296766,3.51479E+14,R5CY341474T,Samsung,SM-S937B/DS,Silver,256GB,Mobile phone,SM-S937BZSDEUB,REPAIRED,L2,&quot;Camera front&quot;,replaced front cam,GH96-19403A,1,GH82-37312A,1,0,0,0,0,0,0,0,0,0,0,0,0,0,0,0,0,0,0,0,0,0,0,0,0,0,0
1296772,3.51451E+14,RFCX60FQ9EE,Samsung,SM-F956B/DS,Silver,256GB,Mobile phone,SM-F956BZSBEUB,REPAIRED,UB,"&quot;Camera front,Dark shadows,Missing pixel&quot;",tmt refurb,GH96-16975A,1,GH82-35138A,1,GH82-35139A,1,GH82-35046A,1,GH82-35137A,1,GH81-26062A,2,0,0,0,0,0,0,0,0,0,0,0,0,0,0,0,0,0,0
1296797,3.51451E+14,RFCX60H8Z6Y,Samsung,SM-F956B/DS,Silver,256GB,Mobile phone,SM-F956BZSBEUB,REPAIRED,L1,&quot;Damaged Front Frame&quot;,tmt refurb,GH82-35137A,1,GH81-26062A,2,0,0,0,0,0,0,0,0,0,0,0,0,0,0,0,0,0,0,0,0,0,0,0,0,0,0
1296809,3.51451E+14,RFCX60H8ZBH,Samsung,SM-F956B/DS,Silver,256GB,Mobile phone,SM-F956BZSBEUB,REPAIRED,L2,"&quot;Camera front,Dark shadows&quot;",Camera replaced,GH96-16975A,1,GH81-26062A,2,GH82-35138A,1,GH82-35139A,1,GH96-16976A,1,0,0,0,0,0,0,0,0,0,0,0,0,0,0,0,0,0,0,0,0
1297113,3.51479E+14,R5CY43H0XRZ,Samsung,SM-S937B/DS,Silver,256GB,Mobile phone,SM-S937BZSDEUB,REPAIRED,L2,&quot;Camera front&quot;,front cam,GH96-19403A,1,GH82-37312A,1,0,0,0,0,0,0,0,0,0,0,0,0,0,0,0,0,0,0,0,0,0,0,0,0,0,0
1298302,3.55929E+14,R5CW12MQGWH,Samsung,SM-S918B/DS,Black,256GB,Mobile phone,SM-S918BZKDEUB,REPAIRED,UB,screen+sim ray+&quot;Excessive wear&quot;,replaced  screen+sim ray+tape,GH81-24723A,1,GH98-48039A,1,GH81-24724A,1,GH82-33783A,1,0,0,0,0,0,0,0,0,0,0,0,0,0,0,0,0,0,0,0,0,0,0
1298451,3.55929E+14,R5CW12MMA2H,Samsung,SM-S918B/DS,Black,256GB,Mobile phone,SM-S918BZKDEUB,REPAIRED,UB,screen+&quot;Excessive wear&quot;,"Replaced oled ,tape",GH81-24724A,1,GH82-33783A,1,GH81-24723A,1,0,0,0,0,0,0,0,0,0,0,0,0,0,0,0,0,0,0,0,0,0,0,0,0
1298455,3.55929E+14,R5CW12Q7EWW,Samsung,SM-S918B/DS,Black,256GB,Mobile phone,SM-S918BZKDEUB,REPAIRED,UB,screen+Frame+BG+sim tray+&quot;Excessive scratches&quot;,tmt refurb,GH82-30459A,1,GH82-33783A,1,GH81-24724A,1,GH96-15833A,1,GH98-48039A,1,GH82-30400A,1,GH96-15658A,1,0,0,0,0,0,0,0,0,0,0,0,0,0,0,0,0
1298471,3.5093E+14,R5CW72FASJB,Samsung,SM-F731B,Light Green,256GB,Mobile phone,SM-F731BLGGEUB,REPAIRED,L1,"&quot;Damaged Front Frame,Excessive wear&quot;",Samsung refurb,GH82-34625A,1,GH81-23854A,2,0,0,0,0,0,0,0,0,0,0,0,0,0,0,0,0,0,0,0,0,0,0,0,0,0,0
1298632,3.53628E+14,RZ8X107RW0L,Samsung,SM-A155F/DSN,Black,128GB,Mobile phone,SM-A155FZKDEUB,REPAIRED,IP,Cracked rear camera&quot;,NO FAULT FOUND - COULD NOT REPLICATE ISSUES - SOWTWARE RESET IQC PASS,0,0,0,0,0,0,0,0,0,0,0,0,0,0,0,0,0,0,0,0,0,0,0,0,0,0,0,0,0,0
1298643,3.54455E+14,R5CWC07HV9H,Samsung,SM-A256B/DSN,Blue,128GB,Mobile phone,SM-A256BZBDEUB,REPAIRED,L2,incorrect back cover,Replaced cover,GH82-33053A,1,0,0,0,0,0,0,0,0,0,0,0,0,0,0,0,0,0,0,0,0,0,0,0,0,0,0,0,0
1299373,3.5093E+14,R5CW712VF7Z,Samsung,SM-F731B,Light Green,256GB,Mobile phone,SM-F731BLGGEUB,REPAIRED,UB,screen+ frame,Replaced screen,GH82-34625A,1,GH82-32951A,1,GH81-23854A,2,GH82-35929A,1,GH82-35928A,1,0,0,0,0,0,0,0,0,0,0,0,0,0,0,0,0,0,0,0,0
1299411,3.53118E+14,RZCW21P2VHT,Samsung,SM-A346B/DSN,Light Green,128GB,Mobile phone,SM-A346BLGAEUB,REPAIRED,L2,"Damaged Back Cover,Excessive wear",Replaced back cover,GH82-30709C,1,0,0,0,0,0,0,0,0,0,0,0,0,0,0,0,0,0,0,0,0,0,0,0,0,0,0,0,0
1299979,3.55929E+14,R5CW127DL6P,Samsung,SM-S918B/DS,Green,256GB,Mobile phone,SM-S918BZGDEUB,REPAIRED,L2,"Screen, bezel, backglass. sim tray,USB port faulty, Missing",Refurb,GH96-15658C,1,GH98-48039C,1,GH82-30400C,1,GH82-30459A,1,0,0,0,0,0,0,0,0,0,0,0,0,0,0,0,0,0,0,0,0,0,0
1299980,3.55929E+14,R5CW127888B,Samsung,SM-S918B/DS,Green,256GB,Mobile phone,SM-S918BZGDEUB,REPAIRED,UB,screen+&quot;Excessive wear&quot;+&quot;Missing Stylus&quot;,tmt refurb,GH81-24724A,1,GH81-24723A,1,GH96-15658C,1,GH82-33783A,1,0,0,0,0,0,0,0,0,0,0,0,0,0,0,0,0,0,0,0,0,0,0
1300007,3.55929E+14,R5CW71BTCWR,Samsung,SM-S918B/DS,Black,256GB,Mobile phone,SM-S918BZKDEUB,REPAIRED,L2,"Camera front,Dark shadows&quot;",Replaced front camera,GH81-24723A,1,GH96-15541A,1,GH82-30400A,1,0,0,0,0,0,0,0,0,0,0,0,0,0,0,0,0,0,0,0,0,0,0,0,0
1300065,3.55929E+14,R5CW128HEVY,Samsung,SM-S918B/DS,Green,256GB,Mobile phone,SM-S918BZGDEUB,REPAIRED,L2,"Cracked back cover,Missing Stylus",Replaced: Cover and Spen,GH82-30400C,1,GH96-15658C,1,0,0,0,0,0,0,0,0,0,0,0,0,0,0,0,0,0,0,0,0,0,0,0,0,0,0
1300092,3.55929E+14,R5CW129GFMB,Samsung,SM-S918B/DS,Green,256GB,Mobile phone,SM-S918BZGDEUB,REPAIRED,UB,&quot;Cracked back cover&quot; - screen/bezel/sim tray,Refurb,GH82-33783A,1,GH81-24724A,1,GH82-30400C,1,GH96-15833C,1,GH96-15658C,1,GH98-48039C,1,GH82-30459A,1,0,0,0,0,0,0,0,0,0,0,0,0,0,0,0,0
1300126,3.51451E+14,RFCX60RCRYZ,Samsung,SM-F956B/DS,Silver,256GB,Mobile phone,SM-F956BZSBEUB,REPAIRED,L1,LCD replacement +&quot;Excessive wear&quot;,Replaced SP,GH81-26062A,2,0,0,0,0,0,0,0,0,0,0,0,0,0,0,0,0,0,0,0,0,0,0,0,0,0,0,0,0
1300129,3.51451E+14,RFCX60RD7QE,Samsung,SM-F956B/DS,Silver,256GB,Mobile phone,SM-F956BZSBEUB,REPAIRED,L2,"&quot;Excessive wear,Camera front,Dark shadows&quot;",Replaced front camera,GH96-16976A,1,GH81-26062A,2,0,0,0,0,0,0,0,0,0,0,0,0,0,0,0,0,0,0,0,0,0,0,0,0,0,0
1300131,3.51451E+14,RFCX613MXSN,Samsung,SM-F956B/DS,Silver,256GB,Mobile phone,SM-F956BZSBEUB,REPAIRED,L2,"screen+&quot;Camera front,Dark shadows&quot;","replaced front camera, screen protector and tapes",GH81-26062A,2,GH96-16976A,1,GH96-16975A,1,GH82-35139A,1,GH82-35138A,1,0,0,0,0,0,0,0,0,0,0,0,0,0,0,0,0,0,0,0,0
1300136,3.51451E+14,RFCX60V232B,Samsung,SM-F956B/DS,Silver,256GB,Mobile phone,SM-F956BZSBEUB,REPAIRED,L1,Screen protector ONLY (do not fail screen due to indentation,Replaced sp,GH81-26062A,2,0,0,0,0,0,0,0,0,0,0,0,0,0,0,0,0,0,0,0,0,0,0,0,0,0,0,0,0
1300137,3.51451E+14,RFCX60V2BEP,Samsung,SM-F956B/DS,Silver,256GB,Mobile phone,SM-F956BZSBEUB,REPAIRED,L2,"screen+&quot;Camera front,Dark shadows&quot;",Replaced Front camera and screen protecoter,GH82-35139A,1,GH82-35138A,1,GH96-16975A,1,GH81-26062A,2,0,0,0,0,0,0,0,0,0,0,0,0,0,0,0,0,0,0,0,0,0,0
1300138,3.51451E+14,RFCX60RBYFX,Samsung,SM-F956B/DS,Silver,256GB,Mobile phone,SM-F956BZSBEUB,REPAIRED,L1,Screen protector,Replaced SP,GH81-26062A,2,0,0,0,0,0,0,0,0,0,0,0,0,0,0,0,0,0,0,0,0,0,0,0,0,0,0,0,0
1300141,3.51451E+14,RFCX60RBYCJ,Samsung,SM-F956B/DS,Silver,256GB,Mobile phone,SM-F956BZSBEUB,REPAIRED,UB,screen+&quot;Bleed on display&quot;,replaced screen and tapes,GH82-35138A,1,GH82-35139A,1,GH82-35046A,1,GH82-35137A,1,0,0,0,0,0,0,0,0,0,0,0,0,0,0,0,0,0,0,0,0,0,0
1300149,3.51451E+14,RFCX60V2DRM,Samsung,SM-F956B/DS,Silver,256GB,Mobile phone,SM-F956BZSBEUB,REPAIRED,L1,screen+&quot;Missing screen protector&quot;,Replaced Screen protector,GH81-26062A,1,0,0,0,0,0,0,0,0,0,0,0,0,0,0,0,0,0,0,0,0,0,0,0,0,0,0,0,0
1300407,3.53936E+14,R5CX61EWH2R,Samsung,SM-F741B,Light Blue,256GB,Mobile phone,SM-F741BLBGEUB,REPAIRED,L2,screen+sub screen+bg      LCD replacement,Replaced screen,GH82-35023A,1,GH82-35024A,1,GH82-35143A,1,GH82-35014C,1,GH82-35141A,1,0,0,0,0,0,0,0,0,0,0,0,0,0,0,0,0,0,0,0,0
1300458,3.51451E+14,RFCX60RC04K,Samsung,SM-F956B/DS,Silver,256GB,Mobile phone,SM-F956BZSBEUB,REPAIRED,L1,screen,Replaced sp,GH81-26062A,2,0,0,0,0,0,0,0,0,0,0,0,0,0,0,0,0,0,0,0,0,0,0,0,0,0,0,0,0
1300462,3.51451E+14,RFCX60H8XMT,Samsung,SM-F956B/DS,Silver,256GB,Mobile phone,SM-F956BZSBEUB,REPAIRED,L2,"&quot;Camera front,Damaged Front Frame,Dark shadows&quot;",tmt refurb,GH82-35137A,1,GH81-26062A,2,GH96-16975A,1,GH81-26114A,1,GH81-26091A,1,0,0,0,0,0,0,0,0,0,0,0,0,0,0,0,0,0,0,0,0
1300463,3.51451E+14,RFCX60FQMXR,Samsung,SM-F956B/DS,Silver,256GB,Mobile phone,SM-F956BZSBEUB,REPAIRED,L2,- Front camera ( shadows ) ( do not quote for sub-screen - a,Replaced front camera,GH82-35139A,1,GH96-16975A,1,GH81-26062A,1,0,0,0,0,0,0,0,0,0,0,0,0,0,0,0,0,0,0,0,0,0,0,0,0
1300467,3.51451E+14,RFCX60V26WZ,Samsung,SM-F956B/DS,Silver,256GB,Mobile phone,SM-F956BZSBEUB,REPAIRED,L1,&quot;Excessive wear&quot;,Replaced SP,GH81-26062A,2,0,0,0,0,0,0,0,0,0,0,0,0,0,0,0,0,0,0,0,0,0,0,0,0,0,0,0,0
1300468,3.51451E+14,RFCX613MSNR,Samsung,SM-F956B/DS,Silver,256GB,Mobile phone,SM-F956BZSBEUB,REPAIRED,L2,REPAIR REASON - QUOTE - Sub-screen replacement +  Screen pro,SP and Sub-OLED Replaced,GH82-35047A,1,GH82-35138A,1,GH81-26062A,2,0,0,0,0,0,0,0,0,0,0,0,0,0,0,0,0,0,0,0,0,0,0,0,0
1300470,3.51451E+14,RFCX60RDSKB,Samsung,SM-F956B/DS,Silver,256GB,Mobile phone,SM-F956BZSBEUB,REPAIRED,L1,Screen protector only,Replaced screen protector,GH81-26062A,1,0,0,0,0,0,0,0,0,0,0,0,0,0,0,0,0,0,0,0,0,0,0,0,0,0,0,0,0
1300471,3.51451E+14,RFCX60RD4ZJ,Samsung,SM-F956B/DS,Silver,256GB,Mobile phone,SM-F956BZSBEUB,REPAIRED,L2,REPAIR REASON - Front camera ( spots ),Replaced f cam,GH81-26062A,2,GH82-35138A,1,GH96-16976A,1,0,0,0,0,0,0,0,0,0,0,0,0,0,0,0,0,0,0,0,0,0,0,0,0
1300473,3.51451E+14,RFCX612ZQLD,Samsung,SM-F956B/DS,Silver,256GB,Mobile phone,SM-F956BZSBEUB,REPAIRED,L2,"screen+&quot;Camera front,Dark shadows&quot;",tmt refurb,GH81-26062A,2,GH96-16975A,1,GH81-26114A,1,GH81-26091A,1,0,0,0,0,0,0,0,0,0,0,0,0,0,0,0,0,0,0,0,0,0,0
1300474,3.51451E+14,RFCX60RCH1M,Samsung,SM-F956B/DS,Silver,256GB,Mobile phone,SM-F956BZSBEUB,REPAIRED,L2,"&quot;Camera front,Dark shadows&quot;",Replaced front camera and screen protector,GH82-35138A,1,GH82-35139A,1,GH96-16975A,1,GH81-26062A,2,0,0,0,0,0,0,0,0,0,0,0,0,0,0,0,0,0,0,0,0,0,0
1300562,3.55929E+14,R5CW606SGPM,Samsung,SM-S918B/DS,Black,256GB,Mobile phone,SM-S918BZKDEUB,REPAIRED,UB,"Backlight faulty,Cracked Screen,Touch screen faulty&quot;",Replaced screen,GH81-24723A,1,GH81-24724A,1,GH82-33783A,1,0,0,0,0,0,0,0,0,0,0,0,0,0,0,0,0,0,0,0,0,0,0,0,0
1300564,3.54484E+14,RFCW1108VYY,Samsung,SM-S918B/DS,Black,512GB,Mobile phone,SM-S918BZKHEUB,REPAIRED,UB,"Cracked back cover,Cracked Screen&quot;",Replaced  screen + cover,GH82-33783A,1,GH81-24724A,1,GH82-30400A,1,0,0,0,0,0,0,0,0,0,0,0,0,0,0,0,0,0,0,0,0,0,0,0,0
1300685,3.53325E+14,R3CT905KVFF,Samsung,SM-S901B/DS,Green,128GB,Mobile phone,SM-S901BZGDEUB,REPAIRED,L2,"&quot;Cracked back cover,Turns itself on/off&quot;nable to D",Replaced: Frame and cover,GH98-47110E,1,GH98-47118E,1,GH82-30244A,1,GH82-27434E,1,GH96-15134E,1,GH82-27494A,1,0,0,0,0,0,0,0,0,0,0,0,0,0,0,0,0,0,0
1300947,3.57263E+14,RZCX80PMNWP,Samsung,SM-A556B/DS,Black,128GB,Mobile phone,SM-A556BZKAEUE,REPAIRED,UB,"&quot;Backlight faulty,Touch screen faulty&quot;",Replaced screen and USB,GH82-34540A,1,GH02-25681A,1,GH96-16718A,1,GH82-34308A,1,0,0,0,0,0,0,0,0,0,0,0,0,0,0,0,0,0,0,0,0,0,0
1300951,3.56761E+14,R5CW711RK5J,Samsung,SM-S916B/DS,Light Pink,512GB,Mobile phone,SM-S916BLIGEUB,REPAIRED,UB,&quot;Bleed on display&quot;,Replaced screen,GH82-30556A,1,GH82-31249A,1,GH82-30555A,1,0,0,0,0,0,0,0,0,0,0,0,0,0,0,0,0,0,0,0,0,0,0,0,0
1301003,3.52353E+14,R3CW304NLFB,Samsung,SM-S918B/DS,Black,256GB,Mobile phone,SM-S918BZKDEUB,REPAIRED,L2,&quot;Lifting back cover&quot;,tmt refurb,GH82-30400A,1,0,0,0,0,0,0,0,0,0,0,0,0,0,0,0,0,0,0,0,0,0,0,0,0,0,0,0,0
1301191,3.51451E+14,RFCX60H92CX,Samsung,SM-F956B/DS,Silver,256GB,Mobile phone,SM-F956BZSBEUB,REPAIRED,L1,&quot;Excessive wear&quot;,SP,GH81-26062A,2,0,0,0,0,0,0,0,0,0,0,0,0,0,0,0,0,0,0,0,0,0,0,0,0,0,0,0,0
1301195,3.51451E+14,RFCX61301QV,Samsung,SM-F956B/DS,Silver,256GB,Mobile phone,SM-F956BZSBEUB,REPAIRED,L2,"screen+&quot;Camera front,Dark shadows&quot;",Replaced front camera and screen protector,GH96-16975A,1,GH82-35138A,1,GH82-35139A,1,GH81-26062A,2,0,0,0,0,0,0,0,0,0,0,0,0,0,0,0,0,0,0,0,0,0,0
1301323,3.55929E+14,R5CW10CYR5D,Samsung,SM-S918B/DS,Light Pink,256GB,Mobile phone,SM-S918BLIDEUB,REPAIRED,L2,Cracked back cover&quot;,Replaced back cover,GH82-30400D,1,0,0,0,0,0,0,0,0,0,0,0,0,0,0,0,0,0,0,0,0,0,0,0,0,0,0,0,0
